{"type":"FeatureCollection","name":"Bengaluru_MOD11A2_LST_Day_2026-09-14","crs":{"type":"name","properties":{"name":"urn:ogc:def:crs:OGC:1.3:CRS84"}},"bbox":[77.35,12.75,77.85,13.2],"properties":{"description":"Bengaluru-focused MODIS MOD11A2 8-day land-surface temperature pixels","primary_property":"lst_c","primary_measurement":"LST_Day_1km","day_scale_factor":0.02,"day_offset":0,"day_units_original":"K","leaflet_crs":"EPSG:4326"},"features":[{"type":"Feature","properties":{"lst_c":32.21,"lst_k":305.36,"lst_day_dn":15268,"qc_day":0,"lst_night_c":21.79,"lst_night_k":294.94,"lst_night_dn":14747,"qc_night":0,"modis_row":816,"modis_col":653,"source_product":"MOD11A2.061","composite_start":"2026-09-14","units":"degC","scale_factor":0.02},"geometry":{"type":"Polygon","coordinates":[[[77.48901135479348,13.19999999881459],[77.49757083909203,13.19999999881459],[77.49492802726982,13.191666665482007],[77.48636883486566,13.191666665482007],[77.48901135479348,13.19999999881459]]]}},{"type":"Feature","properties":{"lst_c":32.27,"lst_k":305.42,"lst_day_dn":15271,"qc_day":0,"lst_night_c":21.85,"lst_night_k":295.0,"lst_night_dn":14750,"qc_night":0,"modis_row":816,"modis_col":654,"source_product":"MOD11A2.061","composite_start":"2026-09-14","units":"degC","scale_factor":0.02},"geometry":{"type":"Polygon","coordinates":[[[77.49757083909203,13.19999999881459],[77.50613032339058,13.19999999881459],[77.50348721967399,13.191666665482007],[77.49492802726982,13.191666665482007],[77.49757083909203,13.19999999881459]]]}},{"type":"Feature","properties":{"lst_c":31.17,"lst_k":304.32,"lst_day_dn":15216,"qc_day":0,"lst_night_c":21.61,"lst_night_k":294.76,"lst_night_dn":14738,"qc_night":0,"modis_row":816,"modis_col":655,"source_product":"MOD11A2.061","composite_start":"2026-09-14","units":"degC","scale_factor":0.02},"geometry":{"type":"Polygon","coordinates":[[[77.50613032339058,13.19999999881459],[77.51468980768914,13.19999999881459],[77.51204641207815,13.191666665482007],[77.50348721967399,13.191666665482007],[77.50613032339058,13.19999999881459]]]}},{"type":"Feature","properties":{"lst_c":31.23,"lst_k":304.38,"lst_day_dn":15219,"qc_day":0,"lst_night_c":21.75,"lst_night_k":294.9,"lst_night_dn":14745,"qc_night":0,"modis_row":816,"modis_col":656,"source_product":"MOD11A2.061","composite_start":"2026-09-14","units":"degC","scale_factor":0.02},"geometry":{"type":"Polygon","coordinates":[[[77.51468980768914,13.19999999881459],[77.5232492919877,13.19999999881459],[77.5206056044823,13.191666665482007],[77.51204641207815,13.191666665482007],[77.51468980768914,13.19999999881459]]]}},{"type":"Feature","properties":{"lst_c":31.43,"lst_k":304.58,"lst_day_dn":15229,"qc_day":0,"lst_night_c":21.95,"lst_night_k":295.1,"lst_night_dn":14755,"qc_night":0,"modis_row":816,"modis_col":657,"source_product":"MOD11A2.061","composite_start":"2026-09-14","units":"degC","scale_factor":0.02},"geometry":{"type":"Polygon","coordinates":[[[77.5232492919877,13.19999999881459],[77.53180877628625,13.19999999881459],[77.52916479688646,13.191666665482007],[77.5206056044823,13.191666665482007],[77.5232492919877,13.19999999881459]]]}},{"type":"Feature","properties":{"lst_c":31.61,"lst_k":304.76,"lst_day_dn":15238,"qc_day":0,"lst_night_c":22.35,"lst_night_k":295.5,"lst_night_dn":14775,"qc_night":0,"modis_row":816,"modis_col":658,"source_product":"MOD11A2.061","composite_start":"2026-09-14","units":"degC","scale_factor":0.02},"geometry":{"type":"Polygon","coordinates":[[[77.53180877628625,13.19999999881459],[77.54036826058481,13.19999999881459],[77.53772398929064,13.191666665482007],[77.52916479688646,13.191666665482007],[77.53180877628625,13.19999999881459]]]}},{"type":"Feature","properties":{"lst_c":31.19,"lst_k":304.34,"lst_day_dn":15217,"qc_day":0,"lst_night_c":22.67,"lst_night_k":295.82,"lst_night_dn":14791,"qc_night":0,"modis_row":816,"modis_col":659,"source_product":"MOD11A2.061","composite_start":"2026-09-14","units":"degC","scale_factor":0.02},"geometry":{"type":"Polygon","coordinates":[[[77.54036826058481,13.19999999881459],[77.54892774488334,13.19999999881459],[77.54628318169478,13.191666665482007],[77.53772398929064,13.191666665482007],[77.54036826058481,13.19999999881459]]]}},{"type":"Feature","properties":{"lst_c":30.53,"lst_k":303.68,"lst_day_dn":15184,"qc_day":0,"lst_night_c":22.53,"lst_night_k":295.68,"lst_night_dn":14784,"qc_night":0,"modis_row":816,"modis_col":660,"source_product":"MOD11A2.061","composite_start":"2026-09-14","units":"degC","scale_factor":0.02},"geometry":{"type":"Polygon","coordinates":[[[77.54892774488334,13.19999999881459],[77.5574872291819,13.19999999881459],[77.55484237409894,13.191666665482007],[77.54628318169478,13.191666665482007],[77.54892774488334,13.19999999881459]]]}},{"type":"Feature","properties":{"lst_c":30.21,"lst_k":303.36,"lst_day_dn":15168,"qc_day":0,"lst_night_c":22.79,"lst_night_k":295.94,"lst_night_dn":14797,"qc_night":0,"modis_row":816,"modis_col":661,"source_product":"MOD11A2.061","composite_start":"2026-09-14","units":"degC","scale_factor":0.02},"geometry":{"type":"Polygon","coordinates":[[[77.5574872291819,13.19999999881459],[77.56604671348045,13.19999999881459],[77.56340156650309,13.191666665482007],[77.55484237409894,13.191666665482007],[77.5574872291819,13.19999999881459]]]}},{"type":"Feature","properties":{"lst_c":30.25,"lst_k":303.4,"lst_day_dn":15170,"qc_day":0,"lst_night_c":22.37,"lst_night_k":295.52,"lst_night_dn":14776,"qc_night":0,"modis_row":816,"modis_col":662,"source_product":"MOD11A2.061","composite_start":"2026-09-14","units":"degC","scale_factor":0.02},"geometry":{"type":"Polygon","coordinates":[[[77.56604671348045,13.19999999881459],[77.574606197779,13.19999999881459],[77.57196075890727,13.191666665482007],[77.56340156650309,13.191666665482007],[77.56604671348045,13.19999999881459]]]}},{"type":"Feature","properties":{"lst_c":30.39,"lst_k":303.54,"lst_day_dn":15177,"qc_day":0,"lst_night_c":22.37,"lst_night_k":295.52,"lst_night_dn":14776,"qc_night":0,"modis_row":816,"modis_col":663,"source_product":"MOD11A2.061","composite_start":"2026-09-14","units":"degC","scale_factor":0.02},"geometry":{"type":"Polygon","coordinates":[[[77.574606197779,13.19999999881459],[77.58316568207755,13.19999999881459],[77.58051995131143,13.191666665482007],[77.57196075890727,13.191666665482007],[77.574606197779,13.19999999881459]]]}},{"type":"Feature","properties":{"lst_c":30.53,"lst_k":303.68,"lst_day_dn":15184,"qc_day":0,"lst_night_c":22.53,"lst_night_k":295.68,"lst_night_dn":14784,"qc_night":0,"modis_row":816,"modis_col":664,"source_product":"MOD11A2.061","composite_start":"2026-09-14","units":"degC","scale_factor":0.02},"geometry":{"type":"Polygon","coordinates":[[[77.58316568207755,13.19999999881459],[77.59172516637611,13.19999999881459],[77.58907914371558,13.191666665482007],[77.58051995131143,13.191666665482007],[77.58316568207755,13.19999999881459]]]}},{"type":"Feature","properties":{"lst_c":30.51,"lst_k":303.66,"lst_day_dn":15183,"qc_day":0,"lst_night_c":22.61,"lst_night_k":295.76,"lst_night_dn":14788,"qc_night":0,"modis_row":816,"modis_col":665,"source_product":"MOD11A2.061","composite_start":"2026-09-14","units":"degC","scale_factor":0.02},"geometry":{"type":"Polygon","coordinates":[[[77.59172516637611,13.19999999881459],[77.60028465067465,13.19999999881459],[77.59763833611974,13.191666665482007],[77.58907914371558,13.191666665482007],[77.59172516637611,13.19999999881459]]]}},{"type":"Feature","properties":{"lst_c":30.41,"lst_k":303.56,"lst_day_dn":15178,"qc_day":0,"lst_night_c":22.51,"lst_night_k":295.66,"lst_night_dn":14783,"qc_night":0,"modis_row":816,"modis_col":666,"source_product":"MOD11A2.061","composite_start":"2026-09-14","units":"degC","scale_factor":0.02},"geometry":{"type":"Polygon","coordinates":[[[77.60028465067465,13.19999999881459],[77.60884413497321,13.19999999881459],[77.60619752852391,13.191666665482007],[77.59763833611974,13.191666665482007],[77.60028465067465,13.19999999881459]]]}},{"type":"Feature","properties":{"lst_c":30.23,"lst_k":303.38,"lst_day_dn":15169,"qc_day":0,"lst_night_c":22.31,"lst_night_k":295.46,"lst_night_dn":14773,"qc_night":0,"modis_row":816,"modis_col":667,"source_product":"MOD11A2.061","composite_start":"2026-09-14","units":"degC","scale_factor":0.02},"geometry":{"type":"Polygon","coordinates":[[[77.60884413497321,13.19999999881459],[77.61740361927177,13.19999999881459],[77.61475672092807,13.191666665482007],[77.60619752852391,13.191666665482007],[77.60884413497321,13.19999999881459]]]}},{"type":"Feature","properties":{"lst_c":29.95,"lst_k":303.1,"lst_day_dn":15155,"qc_day":0,"lst_night_c":21.97,"lst_night_k":295.12,"lst_night_dn":14756,"qc_night":0,"modis_row":816,"modis_col":668,"source_product":"MOD11A2.061","composite_start":"2026-09-14","units":"degC","scale_factor":0.02},"geometry":{"type":"Polygon","coordinates":[[[77.61740361927177,13.19999999881459],[77.62596310357031,13.19999999881459],[77.62331591333222,13.191666665482007],[77.61475672092807,13.191666665482007],[77.61740361927177,13.19999999881459]]]}},{"type":"Feature","properties":{"lst_c":29.67,"lst_k":302.82,"lst_day_dn":15141,"qc_day":0,"lst_night_c":21.65,"lst_night_k":294.8,"lst_night_dn":14740,"qc_night":0,"modis_row":816,"modis_col":669,"source_product":"MOD11A2.061","composite_start":"2026-09-14","units":"degC","scale_factor":0.02},"geometry":{"type":"Polygon","coordinates":[[[77.62596310357031,13.19999999881459],[77.63452258786887,13.19999999881459],[77.6318751057364,13.191666665482007],[77.62331591333222,13.191666665482007],[77.62596310357031,13.19999999881459]]]}},{"type":"Feature","properties":{"lst_c":29.49,"lst_k":302.64,"lst_day_dn":15132,"qc_day":0,"lst_night_c":21.79,"lst_night_k":294.94,"lst_night_dn":14747,"qc_night":0,"modis_row":816,"modis_col":670,"source_product":"MOD11A2.061","composite_start":"2026-09-14","units":"degC","scale_factor":0.02},"geometry":{"type":"Polygon","coordinates":[[[77.63452258786887,13.19999999881459],[77.64308207216743,13.19999999881459],[77.64043429814056,13.191666665482007],[77.6318751057364,13.191666665482007],[77.63452258786887,13.19999999881459]]]}},{"type":"Feature","properties":{"lst_c":29.21,"lst_k":302.36,"lst_day_dn":15118,"qc_day":0,"lst_night_c":21.67,"lst_night_k":294.82,"lst_night_dn":14741,"qc_night":0,"modis_row":816,"modis_col":671,"source_product":"MOD11A2.061","composite_start":"2026-09-14","units":"degC","scale_factor":0.02},"geometry":{"type":"Polygon","coordinates":[[[77.64308207216743,13.19999999881459],[77.65164155646599,13.19999999881459],[77.64899349054471,13.191666665482007],[77.64043429814056,13.191666665482007],[77.64308207216743,13.19999999881459]]]}},{"type":"Feature","properties":{"lst_c":29.15,"lst_k":302.3,"lst_day_dn":15115,"qc_day":0,"lst_night_c":20.87,"lst_night_k":294.02,"lst_night_dn":14701,"qc_night":65,"modis_row":816,"modis_col":672,"source_product":"MOD11A2.061","composite_start":"2026-09-14","units":"degC","scale_factor":0.02},"geometry":{"type":"Polygon","coordinates":[[[77.65164155646599,13.19999999881459],[77.66020104076453,13.19999999881459],[77.65755268294888,13.191666665482007],[77.64899349054471,13.191666665482007],[77.65164155646599,13.19999999881459]]]}},{"type":"Feature","properties":{"lst_c":29.29,"lst_k":302.44,"lst_day_dn":15122,"qc_day":0,"lst_night_c":20.59,"lst_night_k":293.74,"lst_night_dn":14687,"qc_night":65,"modis_row":816,"modis_col":673,"source_product":"MOD11A2.061","composite_start":"2026-09-14","units":"degC","scale_factor":0.02},"geometry":{"type":"Polygon","coordinates":[[[77.66020104076453,13.19999999881459],[77.66876052506309,13.19999999881459],[77.66611187535304,13.191666665482007],[77.65755268294888,13.191666665482007],[77.66020104076453,13.19999999881459]]]}},{"type":"Feature","properties":{"lst_c":29.57,"lst_k":302.72,"lst_day_dn":15136,"qc_day":0,"lst_night_c":null,"lst_night_k":null,"lst_night_dn":0,"qc_night":2,"modis_row":816,"modis_col":674,"source_product":"MOD11A2.061","composite_start":"2026-09-14","units":"degC","scale_factor":0.02},"geometry":{"type":"Polygon","coordinates":[[[77.66876052506309,13.19999999881459],[77.67732000936162,13.19999999881459],[77.67467106775719,13.191666665482007],[77.66611187535304,13.191666665482007],[77.66876052506309,13.19999999881459]]]}},{"type":"Feature","properties":{"lst_c":29.79,"lst_k":302.94,"lst_day_dn":15147,"qc_day":0,"lst_night_c":null,"lst_night_k":null,"lst_night_dn":0,"qc_night":2,"modis_row":816,"modis_col":675,"source_product":"MOD11A2.061","composite_start":"2026-09-14","units":"degC","scale_factor":0.02},"geometry":{"type":"Polygon","coordinates":[[[77.67732000936162,13.19999999881459],[77.68587949366018,13.19999999881459],[77.68323026016135,13.191666665482007],[77.67467106775719,13.191666665482007],[77.67732000936162,13.19999999881459]]]}},{"type":"Feature","properties":{"lst_c":30.47,"lst_k":303.62,"lst_day_dn":15181,"qc_day":0,"lst_night_c":17.81,"lst_night_k":290.96,"lst_night_dn":14548,"qc_night":65,"modis_row":816,"modis_col":676,"source_product":"MOD11A2.061","composite_start":"2026-09-14","units":"degC","scale_factor":0.02},"geometry":{"type":"Polygon","coordinates":[[[77.68587949366018,13.19999999881459],[77.69443897795873,13.19999999881459],[77.6917894525655,13.191666665482007],[77.68323026016135,13.191666665482007],[77.68587949366018,13.19999999881459]]]}},{"type":"Feature","properties":{"lst_c":30.97,"lst_k":304.12,"lst_day_dn":15206,"qc_day":0,"lst_night_c":17.13,"lst_night_k":290.28,"lst_night_dn":14514,"qc_night":65,"modis_row":816,"modis_col":677,"source_product":"MOD11A2.061","composite_start":"2026-09-14","units":"degC","scale_factor":0.02},"geometry":{"type":"Polygon","coordinates":[[[77.69443897795873,13.19999999881459],[77.70299846225728,13.19999999881459],[77.70034864496968,13.191666665482007],[77.6917894525655,13.191666665482007],[77.69443897795873,13.19999999881459]]]}},{"type":"Feature","properties":{"lst_c":31.35,"lst_k":304.5,"lst_day_dn":15225,"qc_day":0,"lst_night_c":null,"lst_night_k":null,"lst_night_dn":0,"qc_night":2,"modis_row":816,"modis_col":678,"source_product":"MOD11A2.061","composite_start":"2026-09-14","units":"degC","scale_factor":0.02},"geometry":{"type":"Polygon","coordinates":[[[77.70299846225728,13.19999999881459],[77.71155794655583,13.19999999881459],[77.70890783737383,13.191666665482007],[77.70034864496968,13.191666665482007],[77.70299846225728,13.19999999881459]]]}},{"type":"Feature","properties":{"lst_c":31.37,"lst_k":304.52,"lst_day_dn":15226,"qc_day":0,"lst_night_c":null,"lst_night_k":null,"lst_night_dn":0,"qc_night":2,"modis_row":816,"modis_col":679,"source_product":"MOD11A2.061","composite_start":"2026-09-14","units":"degC","scale_factor":0.02},"geometry":{"type":"Polygon","coordinates":[[[77.71155794655583,13.19999999881459],[77.72011743085439,13.19999999881459],[77.71746702977799,13.191666665482007],[77.70890783737383,13.191666665482007],[77.71155794655583,13.19999999881459]]]}},{"type":"Feature","properties":{"lst_c":29.53,"lst_k":302.68,"lst_day_dn":15134,"qc_day":0,"lst_night_c":null,"lst_night_k":null,"lst_night_dn":0,"qc_night":2,"modis_row":816,"modis_col":680,"source_product":"MOD11A2.061","composite_start":"2026-09-14","units":"degC","scale_factor":0.02},"geometry":{"type":"Polygon","coordinates":[[[77.72011743085439,13.19999999881459],[77.72867691515295,13.19999999881459],[77.72602622218214,13.191666665482007],[77.71746702977799,13.191666665482007],[77.72011743085439,13.19999999881459]]]}},{"type":"Feature","properties":{"lst_c":28.85,"lst_k":302.0,"lst_day_dn":15100,"qc_day":0,"lst_night_c":null,"lst_night_k":null,"lst_night_dn":0,"qc_night":2,"modis_row":816,"modis_col":681,"source_product":"MOD11A2.061","composite_start":"2026-09-14","units":"degC","scale_factor":0.02},"geometry":{"type":"Polygon","coordinates":[[[77.72867691515295,13.19999999881459],[77.73723639945149,13.19999999881459],[77.73458541458632,13.191666665482007],[77.72602622218214,13.191666665482007],[77.72867691515295,13.19999999881459]]]}},{"type":"Feature","properties":{"lst_c":28.51,"lst_k":301.66,"lst_day_dn":15083,"qc_day":0,"lst_night_c":null,"lst_night_k":null,"lst_night_dn":0,"qc_night":2,"modis_row":816,"modis_col":682,"source_product":"MOD11A2.061","composite_start":"2026-09-14","units":"degC","scale_factor":0.02},"geometry":{"type":"Polygon","coordinates":[[[77.73723639945149,13.19999999881459],[77.74579588375006,13.19999999881459],[77.74314460699048,13.191666665482007],[77.73458541458632,13.191666665482007],[77.73723639945149,13.19999999881459]]]}},{"type":"Feature","properties":{"lst_c":28.47,"lst_k":301.62,"lst_day_dn":15081,"qc_day":0,"lst_night_c":null,"lst_night_k":null,"lst_night_dn":0,"qc_night":2,"modis_row":816,"modis_col":683,"source_product":"MOD11A2.061","composite_start":"2026-09-14","units":"degC","scale_factor":0.02},"geometry":{"type":"Polygon","coordinates":[[[77.74579588375006,13.19999999881459],[77.7543553680486,13.19999999881459],[77.75170379939463,13.191666665482007],[77.74314460699048,13.191666665482007],[77.74579588375006,13.19999999881459]]]}},{"type":"Feature","properties":{"lst_c":28.61,"lst_k":301.76,"lst_day_dn":15088,"qc_day":0,"lst_night_c":null,"lst_night_k":null,"lst_night_dn":0,"qc_night":2,"modis_row":816,"modis_col":684,"source_product":"MOD11A2.061","composite_start":"2026-09-14","units":"degC","scale_factor":0.02},"geometry":{"type":"Polygon","coordinates":[[[77.7543553680486,13.19999999881459],[77.76291485234717,13.19999999881459],[77.76026299179881,13.191666665482007],[77.75170379939463,13.191666665482007],[77.7543553680486,13.19999999881459]]]}},{"type":"Feature","properties":{"lst_c":28.43,"lst_k":301.58,"lst_day_dn":15079,"qc_day":0,"lst_night_c":null,"lst_night_k":null,"lst_night_dn":0,"qc_night":2,"modis_row":816,"modis_col":685,"source_product":"MOD11A2.061","composite_start":"2026-09-14","units":"degC","scale_factor":0.02},"geometry":{"type":"Polygon","coordinates":[[[77.76291485234717,13.19999999881459],[77.77147433664571,13.19999999881459],[77.76882218420296,13.191666665482007],[77.76026299179881,13.191666665482007],[77.76291485234717,13.19999999881459]]]}},{"type":"Feature","properties":{"lst_c":28.61,"lst_k":301.76,"lst_day_dn":15088,"qc_day":0,"lst_night_c":null,"lst_night_k":null,"lst_night_dn":0,"qc_night":2,"modis_row":816,"modis_col":686,"source_product":"MOD11A2.061","composite_start":"2026-09-14","units":"degC","scale_factor":0.02},"geometry":{"type":"Polygon","coordinates":[[[77.77147433664571,13.19999999881459],[77.78003382094427,13.19999999881459],[77.77738137660712,13.191666665482007],[77.76882218420296,13.191666665482007],[77.77147433664571,13.19999999881459]]]}},{"type":"Feature","properties":{"lst_c":29.03,"lst_k":302.18,"lst_day_dn":15109,"qc_day":0,"lst_night_c":null,"lst_night_k":null,"lst_night_dn":0,"qc_night":2,"modis_row":816,"modis_col":687,"source_product":"MOD11A2.061","composite_start":"2026-09-14","units":"degC","scale_factor":0.02},"geometry":{"type":"Polygon","coordinates":[[[77.78003382094427,13.19999999881459],[77.78859330524283,13.19999999881459],[77.78594056901129,13.191666665482007],[77.77738137660712,13.191666665482007],[77.78003382094427,13.19999999881459]]]}},{"type":"Feature","properties":{"lst_c":29.09,"lst_k":302.24,"lst_day_dn":15112,"qc_day":0,"lst_night_c":null,"lst_night_k":null,"lst_night_dn":0,"qc_night":2,"modis_row":816,"modis_col":688,"source_product":"MOD11A2.061","composite_start":"2026-09-14","units":"degC","scale_factor":0.02},"geometry":{"type":"Polygon","coordinates":[[[77.78859330524283,13.19999999881459],[77.79715278954137,13.19999999881459],[77.79449976141545,13.191666665482007],[77.78594056901129,13.191666665482007],[77.78859330524283,13.19999999881459]]]}},{"type":"Feature","properties":{"lst_c":29.05,"lst_k":302.2,"lst_day_dn":15110,"qc_day":0,"lst_night_c":null,"lst_night_k":null,"lst_night_dn":0,"qc_night":2,"modis_row":816,"modis_col":689,"source_product":"MOD11A2.061","composite_start":"2026-09-14","units":"degC","scale_factor":0.02},"geometry":{"type":"Polygon","coordinates":[[[77.79715278954137,13.19999999881459],[77.8057122738399,13.19999999881459],[77.8030589538196,13.191666665482007],[77.79449976141545,13.191666665482007],[77.79715278954137,13.19999999881459]]]}},{"type":"Feature","properties":{"lst_c":29.13,"lst_k":302.28,"lst_day_dn":15114,"qc_day":0,"lst_night_c":null,"lst_night_k":null,"lst_night_dn":0,"qc_night":2,"modis_row":816,"modis_col":690,"source_product":"MOD11A2.061","composite_start":"2026-09-14","units":"degC","scale_factor":0.02},"geometry":{"type":"Polygon","coordinates":[[[77.8057122738399,13.19999999881459],[77.81427175813846,13.19999999881459],[77.81161814622375,13.191666665482007],[77.8030589538196,13.191666665482007],[77.8057122738399,13.19999999881459]]]}},{"type":"Feature","properties":{"lst_c":28.99,"lst_k":302.14,"lst_day_dn":15107,"qc_day":0,"lst_night_c":null,"lst_night_k":null,"lst_night_dn":0,"qc_night":2,"modis_row":816,"modis_col":691,"source_product":"MOD11A2.061","composite_start":"2026-09-14","units":"degC","scale_factor":0.02},"geometry":{"type":"Polygon","coordinates":[[[77.81427175813846,13.19999999881459],[77.82283124243702,13.19999999881459],[77.82017733862791,13.191666665482007],[77.81161814622375,13.191666665482007],[77.81427175813846,13.19999999881459]]]}},{"type":"Feature","properties":{"lst_c":28.67,"lst_k":301.82,"lst_day_dn":15091,"qc_day":0,"lst_night_c":null,"lst_night_k":null,"lst_night_dn":0,"qc_night":2,"modis_row":816,"modis_col":692,"source_product":"MOD11A2.061","composite_start":"2026-09-14","units":"degC","scale_factor":0.02},"geometry":{"type":"Polygon","coordinates":[[[77.82283124243702,13.19999999881459],[77.83139072673556,13.19999999881459],[77.82873653103208,13.191666665482007],[77.82017733862791,13.191666665482007],[77.82283124243702,13.19999999881459]]]}},{"type":"Feature","properties":{"lst_c":28.73,"lst_k":301.88,"lst_day_dn":15094,"qc_day":0,"lst_night_c":null,"lst_night_k":null,"lst_night_dn":0,"qc_night":2,"modis_row":816,"modis_col":693,"source_product":"MOD11A2.061","composite_start":"2026-09-14","units":"degC","scale_factor":0.02},"geometry":{"type":"Polygon","coordinates":[[[77.83139072673556,13.19999999881459],[77.83995021103412,13.19999999881459],[77.83729572343624,13.191666665482007],[77.82873653103208,13.191666665482007],[77.83139072673556,13.19999999881459]]]}},{"type":"Feature","properties":{"lst_c":28.75,"lst_k":301.9,"lst_day_dn":15095,"qc_day":0,"lst_night_c":null,"lst_night_k":null,"lst_night_dn":0,"qc_night":2,"modis_row":816,"modis_col":694,"source_product":"MOD11A2.061","composite_start":"2026-09-14","units":"degC","scale_factor":0.02},"geometry":{"type":"Polygon","coordinates":[[[77.83995021103412,13.19999999881459],[77.84850969533268,13.19999999881459],[77.8458549158404,13.191666665482007],[77.83729572343624,13.191666665482007],[77.83995021103412,13.19999999881459]]]}},{"type":"Feature","properties":{"lst_c":31.23,"lst_k":304.38,"lst_day_dn":15219,"qc_day":0,"lst_night_c":21.39,"lst_night_k":294.54,"lst_night_dn":14727,"qc_night":0,"modis_row":817,"modis_col":653,"source_product":"MOD11A2.061","composite_start":"2026-09-14","units":"degC","scale_factor":0.02},"geometry":{"type":"Polygon","coordinates":[[[77.48636883486566,13.191666665482007],[77.49492802726982,13.191666665482007],[77.49228703490604,13.183333332149422],[77.48372813419532,13.183333332149422],[77.48636883486566,13.191666665482007]]]}},{"type":"Feature","properties":{"lst_c":31.63,"lst_k":304.78,"lst_day_dn":15239,"qc_day":0,"lst_night_c":21.53,"lst_night_k":294.68,"lst_night_dn":14734,"qc_night":0,"modis_row":817,"modis_col":654,"source_product":"MOD11A2.061","composite_start":"2026-09-14","units":"degC","scale_factor":0.02},"geometry":{"type":"Polygon","coordinates":[[[77.49492802726982,13.191666665482007],[77.50348721967399,13.191666665482007],[77.50084593561677,13.183333332149422],[77.49228703490604,13.183333332149422],[77.49492802726982,13.191666665482007]]]}},{"type":"Feature","properties":{"lst_c":31.05,"lst_k":304.2,"lst_day_dn":15210,"qc_day":0,"lst_night_c":21.85,"lst_night_k":295.0,"lst_night_dn":14750,"qc_night":0,"modis_row":817,"modis_col":655,"source_product":"MOD11A2.061","composite_start":"2026-09-14","units":"degC","scale_factor":0.02},"geometry":{"type":"Polygon","coordinates":[[[77.50348721967399,13.191666665482007],[77.51204641207815,13.191666665482007],[77.5094048363275,13.183333332149422],[77.50084593561677,13.183333332149422],[77.50348721967399,13.191666665482007]]]}},{"type":"Feature","properties":{"lst_c":31.01,"lst_k":304.16,"lst_day_dn":15208,"qc_day":0,"lst_night_c":22.13,"lst_night_k":295.28,"lst_night_dn":14764,"qc_night":0,"modis_row":817,"modis_col":656,"source_product":"MOD11A2.061","composite_start":"2026-09-14","units":"degC","scale_factor":0.02},"geometry":{"type":"Polygon","coordinates":[[[77.51204641207815,13.191666665482007],[77.5206056044823,13.191666665482007],[77.51796373703822,13.183333332149422],[77.5094048363275,13.183333332149422],[77.51204641207815,13.191666665482007]]]}},{"type":"Feature","properties":{"lst_c":31.41,"lst_k":304.56,"lst_day_dn":15228,"qc_day":0,"lst_night_c":22.11,"lst_night_k":295.26,"lst_night_dn":14763,"qc_night":0,"modis_row":817,"modis_col":657,"source_product":"MOD11A2.061","composite_start":"2026-09-14","units":"degC","scale_factor":0.02},"geometry":{"type":"Polygon","coordinates":[[[77.5206056044823,13.191666665482007],[77.52916479688646,13.191666665482007],[77.52652263774895,13.183333332149422],[77.51796373703822,13.183333332149422],[77.5206056044823,13.191666665482007]]]}},{"type":"Feature","properties":{"lst_c":31.27,"lst_k":304.42,"lst_day_dn":15221,"qc_day":0,"lst_night_c":21.99,"lst_night_k":295.14,"lst_night_dn":14757,"qc_night":0,"modis_row":817,"modis_col":658,"source_product":"MOD11A2.061","composite_start":"2026-09-14","units":"degC","scale_factor":0.02},"geometry":{"type":"Polygon","coordinates":[[[77.52916479688646,13.191666665482007],[77.53772398929064,13.191666665482007],[77.53508153845968,13.183333332149422],[77.52652263774895,13.183333332149422],[77.52916479688646,13.191666665482007]]]}},{"type":"Feature","properties":{"lst_c":30.81,"lst_k":303.96,"lst_day_dn":15198,"qc_day":0,"lst_night_c":22.29,"lst_night_k":295.44,"lst_night_dn":14772,"qc_night":0,"modis_row":817,"modis_col":659,"source_product":"MOD11A2.061","composite_start":"2026-09-14","units":"degC","scale_factor":0.02},"geometry":{"type":"Polygon","coordinates":[[[77.53772398929064,13.191666665482007],[77.54628318169478,13.191666665482007],[77.54364043917039,13.183333332149422],[77.53508153845968,13.183333332149422],[77.53772398929064,13.191666665482007]]]}},{"type":"Feature","properties":{"lst_c":30.35,"lst_k":303.5,"lst_day_dn":15175,"qc_day":0,"lst_night_c":22.49,"lst_night_k":295.64,"lst_night_dn":14782,"qc_night":0,"modis_row":817,"modis_col":660,"source_product":"MOD11A2.061","composite_start":"2026-09-14","units":"degC","scale_factor":0.02},"geometry":{"type":"Polygon","coordinates":[[[77.54628318169478,13.191666665482007],[77.55484237409894,13.191666665482007],[77.55219933988111,13.183333332149422],[77.54364043917039,13.183333332149422],[77.54628318169478,13.191666665482007]]]}},{"type":"Feature","properties":{"lst_c":29.93,"lst_k":303.08,"lst_day_dn":15154,"qc_day":0,"lst_night_c":22.49,"lst_night_k":295.64,"lst_night_dn":14782,"qc_night":0,"modis_row":817,"modis_col":661,"source_product":"MOD11A2.061","composite_start":"2026-09-14","units":"degC","scale_factor":0.02},"geometry":{"type":"Polygon","coordinates":[[[77.55484237409894,13.191666665482007],[77.56340156650309,13.191666665482007],[77.56075824059184,13.183333332149422],[77.55219933988111,13.183333332149422],[77.55484237409894,13.191666665482007]]]}},{"type":"Feature","properties":{"lst_c":29.75,"lst_k":302.9,"lst_day_dn":15145,"qc_day":0,"lst_night_c":22.41,"lst_night_k":295.56,"lst_night_dn":14778,"qc_night":0,"modis_row":817,"modis_col":662,"source_product":"MOD11A2.061","composite_start":"2026-09-14","units":"degC","scale_factor":0.02},"geometry":{"type":"Polygon","coordinates":[[[77.56340156650309,13.191666665482007],[77.57196075890727,13.191666665482007],[77.56931714130256,13.183333332149422],[77.56075824059184,13.183333332149422],[77.56340156650309,13.191666665482007]]]}},{"type":"Feature","properties":{"lst_c":30.17,"lst_k":303.32,"lst_day_dn":15166,"qc_day":0,"lst_night_c":22.29,"lst_night_k":295.44,"lst_night_dn":14772,"qc_night":0,"modis_row":817,"modis_col":663,"source_product":"MOD11A2.061","composite_start":"2026-09-14","units":"degC","scale_factor":0.02},"geometry":{"type":"Polygon","coordinates":[[[77.57196075890727,13.191666665482007],[77.58051995131143,13.191666665482007],[77.57787604201329,13.183333332149422],[77.56931714130256,13.183333332149422],[77.57196075890727,13.191666665482007]]]}},{"type":"Feature","properties":{"lst_c":30.35,"lst_k":303.5,"lst_day_dn":15175,"qc_day":0,"lst_night_c":22.23,"lst_night_k":295.38,"lst_night_dn":14769,"qc_night":0,"modis_row":817,"modis_col":664,"source_product":"MOD11A2.061","composite_start":"2026-09-14","units":"degC","scale_factor":0.02},"geometry":{"type":"Polygon","coordinates":[[[77.58051995131143,13.191666665482007],[77.58907914371558,13.191666665482007],[77.58643494272403,13.183333332149422],[77.57787604201329,13.183333332149422],[77.58051995131143,13.191666665482007]]]}},{"type":"Feature","properties":{"lst_c":30.35,"lst_k":303.5,"lst_day_dn":15175,"qc_day":0,"lst_night_c":22.23,"lst_night_k":295.38,"lst_night_dn":14769,"qc_night":0,"modis_row":817,"modis_col":665,"source_product":"MOD11A2.061","composite_start":"2026-09-14","units":"degC","scale_factor":0.02},"geometry":{"type":"Polygon","coordinates":[[[77.58907914371558,13.191666665482007],[77.59763833611974,13.191666665482007],[77.59499384343474,13.183333332149422],[77.58643494272403,13.183333332149422],[77.58907914371558,13.191666665482007]]]}},{"type":"Feature","properties":{"lst_c":30.13,"lst_k":303.28,"lst_day_dn":15164,"qc_day":0,"lst_night_c":22.43,"lst_night_k":295.58,"lst_night_dn":14779,"qc_night":0,"modis_row":817,"modis_col":666,"source_product":"MOD11A2.061","composite_start":"2026-09-14","units":"degC","scale_factor":0.02},"geometry":{"type":"Polygon","coordinates":[[[77.59763833611974,13.191666665482007],[77.60619752852391,13.191666665482007],[77.60355274414546,13.183333332149422],[77.59499384343474,13.183333332149422],[77.59763833611974,13.191666665482007]]]}},{"type":"Feature","properties":{"lst_c":30.27,"lst_k":303.42,"lst_day_dn":15171,"qc_day":0,"lst_night_c":21.99,"lst_night_k":295.14,"lst_night_dn":14757,"qc_night":0,"modis_row":817,"modis_col":667,"source_product":"MOD11A2.061","composite_start":"2026-09-14","units":"degC","scale_factor":0.02},"geometry":{"type":"Polygon","coordinates":[[[77.60619752852391,13.191666665482007],[77.61475672092807,13.191666665482007],[77.6121116448562,13.183333332149422],[77.60355274414546,13.183333332149422],[77.60619752852391,13.191666665482007]]]}},{"type":"Feature","properties":{"lst_c":29.97,"lst_k":303.12,"lst_day_dn":15156,"qc_day":0,"lst_night_c":21.11,"lst_night_k":294.26,"lst_night_dn":14713,"qc_night":0,"modis_row":817,"modis_col":668,"source_product":"MOD11A2.061","composite_start":"2026-09-14","units":"degC","scale_factor":0.02},"geometry":{"type":"Polygon","coordinates":[[[77.61475672092807,13.191666665482007],[77.62331591333222,13.191666665482007],[77.62067054556692,13.183333332149422],[77.6121116448562,13.183333332149422],[77.61475672092807,13.191666665482007]]]}},{"type":"Feature","properties":{"lst_c":29.71,"lst_k":302.86,"lst_day_dn":15143,"qc_day":0,"lst_night_c":20.99,"lst_night_k":294.14,"lst_night_dn":14707,"qc_night":0,"modis_row":817,"modis_col":669,"source_product":"MOD11A2.061","composite_start":"2026-09-14","units":"degC","scale_factor":0.02},"geometry":{"type":"Polygon","coordinates":[[[77.62331591333222,13.191666665482007],[77.6318751057364,13.191666665482007],[77.62922944627765,13.183333332149422],[77.62067054556692,13.183333332149422],[77.62331591333222,13.191666665482007]]]}},{"type":"Feature","properties":{"lst_c":29.49,"lst_k":302.64,"lst_day_dn":15132,"qc_day":0,"lst_night_c":21.45,"lst_night_k":294.6,"lst_night_dn":14730,"qc_night":0,"modis_row":817,"modis_col":670,"source_product":"MOD11A2.061","composite_start":"2026-09-14","units":"degC","scale_factor":0.02},"geometry":{"type":"Polygon","coordinates":[[[77.6318751057364,13.191666665482007],[77.64043429814056,13.191666665482007],[77.63778834698837,13.183333332149422],[77.62922944627765,13.183333332149422],[77.6318751057364,13.191666665482007]]]}},{"type":"Feature","properties":{"lst_c":29.43,"lst_k":302.58,"lst_day_dn":15129,"qc_day":0,"lst_night_c":21.69,"lst_night_k":294.84,"lst_night_dn":14742,"qc_night":0,"modis_row":817,"modis_col":671,"source_product":"MOD11A2.061","composite_start":"2026-09-14","units":"degC","scale_factor":0.02},"geometry":{"type":"Polygon","coordinates":[[[77.64043429814056,13.191666665482007],[77.64899349054471,13.191666665482007],[77.64634724769911,13.183333332149422],[77.63778834698837,13.183333332149422],[77.64043429814056,13.191666665482007]]]}},{"type":"Feature","properties":{"lst_c":29.35,"lst_k":302.5,"lst_day_dn":15125,"qc_day":0,"lst_night_c":21.43,"lst_night_k":294.58,"lst_night_dn":14729,"qc_night":0,"modis_row":817,"modis_col":672,"source_product":"MOD11A2.061","composite_start":"2026-09-14","units":"degC","scale_factor":0.02},"geometry":{"type":"Polygon","coordinates":[[[77.64899349054471,13.191666665482007],[77.65755268294888,13.191666665482007],[77.65490614840982,13.183333332149422],[77.64634724769911,13.183333332149422],[77.64899349054471,13.191666665482007]]]}},{"type":"Feature","properties":{"lst_c":29.51,"lst_k":302.66,"lst_day_dn":15133,"qc_day":0,"lst_night_c":21.03,"lst_night_k":294.18,"lst_night_dn":14709,"qc_night":65,"modis_row":817,"modis_col":673,"source_product":"MOD11A2.061","composite_start":"2026-09-14","units":"degC","scale_factor":0.02},"geometry":{"type":"Polygon","coordinates":[[[77.65755268294888,13.191666665482007],[77.66611187535304,13.191666665482007],[77.66346504912055,13.183333332149422],[77.65490614840982,13.183333332149422],[77.65755268294888,13.191666665482007]]]}},{"type":"Feature","properties":{"lst_c":29.87,"lst_k":303.02,"lst_day_dn":15151,"qc_day":0,"lst_night_c":20.95,"lst_night_k":294.1,"lst_night_dn":14705,"qc_night":65,"modis_row":817,"modis_col":674,"source_product":"MOD11A2.061","composite_start":"2026-09-14","units":"degC","scale_factor":0.02},"geometry":{"type":"Polygon","coordinates":[[[77.66611187535304,13.191666665482007],[77.67467106775719,13.191666665482007],[77.67202394983126,13.183333332149422],[77.66346504912055,13.183333332149422],[77.66611187535304,13.191666665482007]]]}},{"type":"Feature","properties":{"lst_c":29.49,"lst_k":302.64,"lst_day_dn":15132,"qc_day":0,"lst_night_c":19.87,"lst_night_k":293.02,"lst_night_dn":14651,"qc_night":65,"modis_row":817,"modis_col":675,"source_product":"MOD11A2.061","composite_start":"2026-09-14","units":"degC","scale_factor":0.02},"geometry":{"type":"Polygon","coordinates":[[[77.67467106775719,13.191666665482007],[77.68323026016135,13.191666665482007],[77.68058285054198,13.183333332149422],[77.67202394983126,13.183333332149422],[77.67467106775719,13.191666665482007]]]}},{"type":"Feature","properties":{"lst_c":29.99,"lst_k":303.14,"lst_day_dn":15157,"qc_day":0,"lst_night_c":18.37,"lst_night_k":291.52,"lst_night_dn":14576,"qc_night":65,"modis_row":817,"modis_col":676,"source_product":"MOD11A2.061","composite_start":"2026-09-14","units":"degC","scale_factor":0.02},"geometry":{"type":"Polygon","coordinates":[[[77.68323026016135,13.191666665482007],[77.6917894525655,13.191666665482007],[77.68914175125272,13.183333332149422],[77.68058285054198,13.183333332149422],[77.68323026016135,13.191666665482007]]]}},{"type":"Feature","properties":{"lst_c":30.37,"lst_k":303.52,"lst_day_dn":15176,"qc_day":0,"lst_night_c":17.11,"lst_night_k":290.26,"lst_night_dn":14513,"qc_night":65,"modis_row":817,"modis_col":677,"source_product":"MOD11A2.061","composite_start":"2026-09-14","units":"degC","scale_factor":0.02},"geometry":{"type":"Polygon","coordinates":[[[77.6917894525655,13.191666665482007],[77.70034864496968,13.191666665482007],[77.69770065196344,13.183333332149422],[77.68914175125272,13.183333332149422],[77.6917894525655,13.191666665482007]]]}},{"type":"Feature","properties":{"lst_c":28.79,"lst_k":301.94,"lst_day_dn":15097,"qc_day":0,"lst_night_c":16.39,"lst_night_k":289.54,"lst_night_dn":14477,"qc_night":65,"modis_row":817,"modis_col":678,"source_product":"MOD11A2.061","composite_start":"2026-09-14","units":"degC","scale_factor":0.02},"geometry":{"type":"Polygon","coordinates":[[[77.70034864496968,13.191666665482007],[77.70890783737383,13.191666665482007],[77.70625955267417,13.183333332149422],[77.69770065196344,13.183333332149422],[77.70034864496968,13.191666665482007]]]}},{"type":"Feature","properties":{"lst_c":28.89,"lst_k":302.04,"lst_day_dn":15102,"qc_day":0,"lst_night_c":null,"lst_night_k":null,"lst_night_dn":0,"qc_night":2,"modis_row":817,"modis_col":679,"source_product":"MOD11A2.061","composite_start":"2026-09-14","units":"degC","scale_factor":0.02},"geometry":{"type":"Polygon","coordinates":[[[77.70890783737383,13.191666665482007],[77.71746702977799,13.191666665482007],[77.7148184533849,13.183333332149422],[77.70625955267417,13.183333332149422],[77.70890783737383,13.191666665482007]]]}},{"type":"Feature","properties":{"lst_c":28.95,"lst_k":302.1,"lst_day_dn":15105,"qc_day":0,"lst_night_c":null,"lst_night_k":null,"lst_night_dn":0,"qc_night":2,"modis_row":817,"modis_col":680,"source_product":"MOD11A2.061","composite_start":"2026-09-14","units":"degC","scale_factor":0.02},"geometry":{"type":"Polygon","coordinates":[[[77.71746702977799,13.191666665482007],[77.72602622218214,13.191666665482007],[77.72337735409563,13.183333332149422],[77.7148184533849,13.183333332149422],[77.71746702977799,13.191666665482007]]]}},{"type":"Feature","properties":{"lst_c":28.77,"lst_k":301.92,"lst_day_dn":15096,"qc_day":0,"lst_night_c":null,"lst_night_k":null,"lst_night_dn":0,"qc_night":2,"modis_row":817,"modis_col":681,"source_product":"MOD11A2.061","composite_start":"2026-09-14","units":"degC","scale_factor":0.02},"geometry":{"type":"Polygon","coordinates":[[[77.72602622218214,13.191666665482007],[77.73458541458632,13.191666665482007],[77.73193625480634,13.183333332149422],[77.72337735409563,13.183333332149422],[77.72602622218214,13.191666665482007]]]}},{"type":"Feature","properties":{"lst_c":29.79,"lst_k":302.94,"lst_day_dn":15147,"qc_day":0,"lst_night_c":null,"lst_night_k":null,"lst_night_dn":0,"qc_night":2,"modis_row":817,"modis_col":682,"source_product":"MOD11A2.061","composite_start":"2026-09-14","units":"degC","scale_factor":0.02},"geometry":{"type":"Polygon","coordinates":[[[77.73458541458632,13.191666665482007],[77.74314460699048,13.191666665482007],[77.74049515551707,13.183333332149422],[77.73193625480634,13.183333332149422],[77.73458541458632,13.191666665482007]]]}},{"type":"Feature","properties":{"lst_c":28.57,"lst_k":301.72,"lst_day_dn":15086,"qc_day":0,"lst_night_c":null,"lst_night_k":null,"lst_night_dn":0,"qc_night":2,"modis_row":817,"modis_col":683,"source_product":"MOD11A2.061","composite_start":"2026-09-14","units":"degC","scale_factor":0.02},"geometry":{"type":"Polygon","coordinates":[[[77.74314460699048,13.191666665482007],[77.75170379939463,13.191666665482007],[77.7490540562278,13.183333332149422],[77.74049515551707,13.183333332149422],[77.74314460699048,13.191666665482007]]]}},{"type":"Feature","properties":{"lst_c":28.39,"lst_k":301.54,"lst_day_dn":15077,"qc_day":0,"lst_night_c":null,"lst_night_k":null,"lst_night_dn":0,"qc_night":2,"modis_row":817,"modis_col":684,"source_product":"MOD11A2.061","composite_start":"2026-09-14","units":"degC","scale_factor":0.02},"geometry":{"type":"Polygon","coordinates":[[[77.75170379939463,13.191666665482007],[77.76026299179881,13.191666665482007],[77.75761295693853,13.183333332149422],[77.7490540562278,13.183333332149422],[77.75170379939463,13.191666665482007]]]}},{"type":"Feature","properties":{"lst_c":28.19,"lst_k":301.34,"lst_day_dn":15067,"qc_day":0,"lst_night_c":null,"lst_night_k":null,"lst_night_dn":0,"qc_night":2,"modis_row":817,"modis_col":685,"source_product":"MOD11A2.061","composite_start":"2026-09-14","units":"degC","scale_factor":0.02},"geometry":{"type":"Polygon","coordinates":[[[77.76026299179881,13.191666665482007],[77.76882218420296,13.191666665482007],[77.76617185764925,13.183333332149422],[77.75761295693853,13.183333332149422],[77.76026299179881,13.191666665482007]]]}},{"type":"Feature","properties":{"lst_c":28.61,"lst_k":301.76,"lst_day_dn":15088,"qc_day":0,"lst_night_c":null,"lst_night_k":null,"lst_night_dn":0,"qc_night":2,"modis_row":817,"modis_col":686,"source_product":"MOD11A2.061","composite_start":"2026-09-14","units":"degC","scale_factor":0.02},"geometry":{"type":"Polygon","coordinates":[[[77.76882218420296,13.191666665482007],[77.77738137660712,13.191666665482007],[77.77473075835998,13.183333332149422],[77.76617185764925,13.183333332149422],[77.76882218420296,13.191666665482007]]]}},{"type":"Feature","properties":{"lst_c":28.91,"lst_k":302.06,"lst_day_dn":15103,"qc_day":0,"lst_night_c":null,"lst_night_k":null,"lst_night_dn":0,"qc_night":2,"modis_row":817,"modis_col":687,"source_product":"MOD11A2.061","composite_start":"2026-09-14","units":"degC","scale_factor":0.02},"geometry":{"type":"Polygon","coordinates":[[[77.77738137660712,13.191666665482007],[77.78594056901129,13.191666665482007],[77.7832896590707,13.183333332149422],[77.77473075835998,13.183333332149422],[77.77738137660712,13.191666665482007]]]}},{"type":"Feature","properties":{"lst_c":29.03,"lst_k":302.18,"lst_day_dn":15109,"qc_day":0,"lst_night_c":null,"lst_night_k":null,"lst_night_dn":0,"qc_night":2,"modis_row":817,"modis_col":688,"source_product":"MOD11A2.061","composite_start":"2026-09-14","units":"degC","scale_factor":0.02},"geometry":{"type":"Polygon","coordinates":[[[77.78594056901129,13.191666665482007],[77.79449976141545,13.191666665482007],[77.79184855978143,13.183333332149422],[77.7832896590707,13.183333332149422],[77.78594056901129,13.191666665482007]]]}},{"type":"Feature","properties":{"lst_c":29.19,"lst_k":302.34,"lst_day_dn":15117,"qc_day":0,"lst_night_c":null,"lst_night_k":null,"lst_night_dn":0,"qc_night":2,"modis_row":817,"modis_col":689,"source_product":"MOD11A2.061","composite_start":"2026-09-14","units":"degC","scale_factor":0.02},"geometry":{"type":"Polygon","coordinates":[[[77.79449976141545,13.191666665482007],[77.8030589538196,13.191666665482007],[77.80040746049214,13.183333332149422],[77.79184855978143,13.183333332149422],[77.79449976141545,13.191666665482007]]]}},{"type":"Feature","properties":{"lst_c":29.13,"lst_k":302.28,"lst_day_dn":15114,"qc_day":0,"lst_night_c":null,"lst_night_k":null,"lst_night_dn":0,"qc_night":2,"modis_row":817,"modis_col":690,"source_product":"MOD11A2.061","composite_start":"2026-09-14","units":"degC","scale_factor":0.02},"geometry":{"type":"Polygon","coordinates":[[[77.8030589538196,13.191666665482007],[77.81161814622375,13.191666665482007],[77.80896636120286,13.183333332149422],[77.80040746049214,13.183333332149422],[77.8030589538196,13.191666665482007]]]}},{"type":"Feature","properties":{"lst_c":28.99,"lst_k":302.14,"lst_day_dn":15107,"qc_day":0,"lst_night_c":null,"lst_night_k":null,"lst_night_dn":0,"qc_night":2,"modis_row":817,"modis_col":691,"source_product":"MOD11A2.061","composite_start":"2026-09-14","units":"degC","scale_factor":0.02},"geometry":{"type":"Polygon","coordinates":[[[77.81161814622375,13.191666665482007],[77.82017733862791,13.191666665482007],[77.81752526191359,13.183333332149422],[77.80896636120286,13.183333332149422],[77.81161814622375,13.191666665482007]]]}},{"type":"Feature","properties":{"lst_c":28.85,"lst_k":302.0,"lst_day_dn":15100,"qc_day":0,"lst_night_c":null,"lst_night_k":null,"lst_night_dn":0,"qc_night":2,"modis_row":817,"modis_col":692,"source_product":"MOD11A2.061","composite_start":"2026-09-14","units":"degC","scale_factor":0.02},"geometry":{"type":"Polygon","coordinates":[[[77.82017733862791,13.191666665482007],[77.82873653103208,13.191666665482007],[77.82608416262433,13.183333332149422],[77.81752526191359,13.183333332149422],[77.82017733862791,13.191666665482007]]]}},{"type":"Feature","properties":{"lst_c":28.73,"lst_k":301.88,"lst_day_dn":15094,"qc_day":0,"lst_night_c":null,"lst_night_k":null,"lst_night_dn":0,"qc_night":2,"modis_row":817,"modis_col":693,"source_product":"MOD11A2.061","composite_start":"2026-09-14","units":"degC","scale_factor":0.02},"geometry":{"type":"Polygon","coordinates":[[[77.82873653103208,13.191666665482007],[77.83729572343624,13.191666665482007],[77.83464306333505,13.183333332149422],[77.82608416262433,13.183333332149422],[77.82873653103208,13.191666665482007]]]}},{"type":"Feature","properties":{"lst_c":28.65,"lst_k":301.8,"lst_day_dn":15090,"qc_day":0,"lst_night_c":null,"lst_night_k":null,"lst_night_dn":0,"qc_night":2,"modis_row":817,"modis_col":694,"source_product":"MOD11A2.061","composite_start":"2026-09-14","units":"degC","scale_factor":0.02},"geometry":{"type":"Polygon","coordinates":[[[77.83729572343624,13.191666665482007],[77.8458549158404,13.191666665482007],[77.84320196404578,13.183333332149422],[77.83464306333505,13.183333332149422],[77.83729572343624,13.191666665482007]]]}},{"type":"Feature","properties":{"lst_c":28.61,"lst_k":301.76,"lst_day_dn":15088,"qc_day":0,"lst_night_c":null,"lst_night_k":null,"lst_night_dn":0,"qc_night":2,"modis_row":817,"modis_col":695,"source_product":"MOD11A2.061","composite_start":"2026-09-14","units":"degC","scale_factor":0.02},"geometry":{"type":"Polygon","coordinates":[[[77.8458549158404,13.191666665482007],[77.85441410824455,13.191666665482007],[77.8517608647565,13.183333332149422],[77.84320196404578,13.183333332149422],[77.8458549158404,13.191666665482007]]]}},{"type":"Feature","properties":{"lst_c":30.99,"lst_k":304.14,"lst_day_dn":15207,"qc_day":0,"lst_night_c":21.07,"lst_night_k":294.22,"lst_night_dn":14711,"qc_night":0,"modis_row":818,"modis_col":653,"source_product":"MOD11A2.061","composite_start":"2026-09-14","units":"degC","scale_factor":0.02},"geometry":{"type":"Polygon","coordinates":[[[77.48372813419532,13.183333332149422],[77.49228703490604,13.183333332149422],[77.48964786170299,13.174999998816837],[77.48108925248476,13.174999998816837],[77.48372813419532,13.183333332149422]]]}},{"type":"Feature","properties":{"lst_c":30.73,"lst_k":303.88,"lst_day_dn":15194,"qc_day":0,"lst_night_c":20.95,"lst_night_k":294.1,"lst_night_dn":14705,"qc_night":0,"modis_row":818,"modis_col":654,"source_product":"MOD11A2.061","composite_start":"2026-09-14","units":"degC","scale_factor":0.02},"geometry":{"type":"Polygon","coordinates":[[[77.49228703490604,13.183333332149422],[77.50084593561677,13.183333332149422],[77.4982064709212,13.174999998816837],[77.48964786170299,13.174999998816837],[77.49228703490604,13.183333332149422]]]}},{"type":"Feature","properties":{"lst_c":30.79,"lst_k":303.94,"lst_day_dn":15197,"qc_day":0,"lst_night_c":21.05,"lst_night_k":294.2,"lst_night_dn":14710,"qc_night":0,"modis_row":818,"modis_col":655,"source_product":"MOD11A2.061","composite_start":"2026-09-14","units":"degC","scale_factor":0.02},"geometry":{"type":"Polygon","coordinates":[[[77.50084593561677,13.183333332149422],[77.5094048363275,13.183333332149422],[77.50676508013942,13.174999998816837],[77.4982064709212,13.174999998816837],[77.50084593561677,13.183333332149422]]]}},{"type":"Feature","properties":{"lst_c":30.99,"lst_k":304.14,"lst_day_dn":15207,"qc_day":0,"lst_night_c":21.99,"lst_night_k":295.14,"lst_night_dn":14757,"qc_night":0,"modis_row":818,"modis_col":656,"source_product":"MOD11A2.061","composite_start":"2026-09-14","units":"degC","scale_factor":0.02},"geometry":{"type":"Polygon","coordinates":[[[77.5094048363275,13.183333332149422],[77.51796373703822,13.183333332149422],[77.51532368935763,13.174999998816837],[77.50676508013942,13.174999998816837],[77.5094048363275,13.183333332149422]]]}},{"type":"Feature","properties":{"lst_c":31.95,"lst_k":305.1,"lst_day_dn":15255,"qc_day":0,"lst_night_c":22.13,"lst_night_k":295.28,"lst_night_dn":14764,"qc_night":0,"modis_row":818,"modis_col":657,"source_product":"MOD11A2.061","composite_start":"2026-09-14","units":"degC","scale_factor":0.02},"geometry":{"type":"Polygon","coordinates":[[[77.51796373703822,13.183333332149422],[77.52652263774895,13.183333332149422],[77.52388229857586,13.174999998816837],[77.51532368935763,13.174999998816837],[77.51796373703822,13.183333332149422]]]}},{"type":"Feature","properties":{"lst_c":31.85,"lst_k":305.0,"lst_day_dn":15250,"qc_day":0,"lst_night_c":22.05,"lst_night_k":295.2,"lst_night_dn":14760,"qc_night":0,"modis_row":818,"modis_col":658,"source_product":"MOD11A2.061","composite_start":"2026-09-14","units":"degC","scale_factor":0.02},"geometry":{"type":"Polygon","coordinates":[[[77.52652263774895,13.183333332149422],[77.53508153845968,13.183333332149422],[77.53244090779405,13.174999998816837],[77.52388229857586,13.174999998816837],[77.52652263774895,13.183333332149422]]]}},{"type":"Feature","properties":{"lst_c":31.41,"lst_k":304.56,"lst_day_dn":15228,"qc_day":0,"lst_night_c":22.11,"lst_night_k":295.26,"lst_night_dn":14763,"qc_night":0,"modis_row":818,"modis_col":659,"source_product":"MOD11A2.061","composite_start":"2026-09-14","units":"degC","scale_factor":0.02},"geometry":{"type":"Polygon","coordinates":[[[77.53508153845968,13.183333332149422],[77.54364043917039,13.183333332149422],[77.54099951701225,13.174999998816837],[77.53244090779405,13.174999998816837],[77.53508153845968,13.183333332149422]]]}},{"type":"Feature","properties":{"lst_c":30.87,"lst_k":304.02,"lst_day_dn":15201,"qc_day":0,"lst_night_c":22.49,"lst_night_k":295.64,"lst_night_dn":14782,"qc_night":0,"modis_row":818,"modis_col":660,"source_product":"MOD11A2.061","composite_start":"2026-09-14","units":"degC","scale_factor":0.02},"geometry":{"type":"Polygon","coordinates":[[[77.54364043917039,13.183333332149422],[77.55219933988111,13.183333332149422],[77.54955812623047,13.174999998816837],[77.54099951701225,13.174999998816837],[77.54364043917039,13.183333332149422]]]}},{"type":"Feature","properties":{"lst_c":30.29,"lst_k":303.44,"lst_day_dn":15172,"qc_day":0,"lst_night_c":22.95,"lst_night_k":296.1,"lst_night_dn":14805,"qc_night":0,"modis_row":818,"modis_col":661,"source_product":"MOD11A2.061","composite_start":"2026-09-14","units":"degC","scale_factor":0.02},"geometry":{"type":"Polygon","coordinates":[[[77.55219933988111,13.183333332149422],[77.56075824059184,13.183333332149422],[77.55811673544868,13.174999998816837],[77.54955812623047,13.174999998816837],[77.55219933988111,13.183333332149422]]]}},{"type":"Feature","properties":{"lst_c":29.57,"lst_k":302.72,"lst_day_dn":15136,"qc_day":0,"lst_night_c":22.69,"lst_night_k":295.84,"lst_night_dn":14792,"qc_night":0,"modis_row":818,"modis_col":662,"source_product":"MOD11A2.061","composite_start":"2026-09-14","units":"degC","scale_factor":0.02},"geometry":{"type":"Polygon","coordinates":[[[77.56075824059184,13.183333332149422],[77.56931714130256,13.183333332149422],[77.5666753446669,13.174999998816837],[77.55811673544868,13.174999998816837],[77.56075824059184,13.183333332149422]]]}},{"type":"Feature","properties":{"lst_c":29.95,"lst_k":303.1,"lst_day_dn":15155,"qc_day":0,"lst_night_c":22.23,"lst_night_k":295.38,"lst_night_dn":14769,"qc_night":0,"modis_row":818,"modis_col":663,"source_product":"MOD11A2.061","composite_start":"2026-09-14","units":"degC","scale_factor":0.02},"geometry":{"type":"Polygon","coordinates":[[[77.56931714130256,13.183333332149422],[77.57787604201329,13.183333332149422],[77.57523395388512,13.174999998816837],[77.5666753446669,13.174999998816837],[77.56931714130256,13.183333332149422]]]}},{"type":"Feature","properties":{"lst_c":30.13,"lst_k":303.28,"lst_day_dn":15164,"qc_day":0,"lst_night_c":22.13,"lst_night_k":295.28,"lst_night_dn":14764,"qc_night":0,"modis_row":818,"modis_col":664,"source_product":"MOD11A2.061","composite_start":"2026-09-14","units":"degC","scale_factor":0.02},"geometry":{"type":"Polygon","coordinates":[[[77.57787604201329,13.183333332149422],[77.58643494272403,13.183333332149422],[77.58379256310333,13.174999998816837],[77.57523395388512,13.174999998816837],[77.57787604201329,13.183333332149422]]]}},{"type":"Feature","properties":{"lst_c":30.21,"lst_k":303.36,"lst_day_dn":15168,"qc_day":0,"lst_night_c":22.11,"lst_night_k":295.26,"lst_night_dn":14763,"qc_night":0,"modis_row":818,"modis_col":665,"source_product":"MOD11A2.061","composite_start":"2026-09-14","units":"degC","scale_factor":0.02},"geometry":{"type":"Polygon","coordinates":[[[77.58643494272403,13.183333332149422],[77.59499384343474,13.183333332149422],[77.59235117232154,13.174999998816837],[77.58379256310333,13.174999998816837],[77.58643494272403,13.183333332149422]]]}},{"type":"Feature","properties":{"lst_c":29.97,"lst_k":303.12,"lst_day_dn":15156,"qc_day":0,"lst_night_c":22.21,"lst_night_k":295.36,"lst_night_dn":14768,"qc_night":0,"modis_row":818,"modis_col":666,"source_product":"MOD11A2.061","composite_start":"2026-09-14","units":"degC","scale_factor":0.02},"geometry":{"type":"Polygon","coordinates":[[[77.59499384343474,13.183333332149422],[77.60355274414546,13.183333332149422],[77.60090978153976,13.174999998816837],[77.59235117232154,13.174999998816837],[77.59499384343474,13.183333332149422]]]}},{"type":"Feature","properties":{"lst_c":30.29,"lst_k":303.44,"lst_day_dn":15172,"qc_day":0,"lst_night_c":22.01,"lst_night_k":295.16,"lst_night_dn":14758,"qc_night":0,"modis_row":818,"modis_col":667,"source_product":"MOD11A2.061","composite_start":"2026-09-14","units":"degC","scale_factor":0.02},"geometry":{"type":"Polygon","coordinates":[[[77.60355274414546,13.183333332149422],[77.6121116448562,13.183333332149422],[77.60946839075798,13.174999998816837],[77.60090978153976,13.174999998816837],[77.60355274414546,13.183333332149422]]]}},{"type":"Feature","properties":{"lst_c":30.07,"lst_k":303.22,"lst_day_dn":15161,"qc_day":0,"lst_night_c":21.73,"lst_night_k":294.88,"lst_night_dn":14744,"qc_night":0,"modis_row":818,"modis_col":668,"source_product":"MOD11A2.061","composite_start":"2026-09-14","units":"degC","scale_factor":0.02},"geometry":{"type":"Polygon","coordinates":[[[77.6121116448562,13.183333332149422],[77.62067054556692,13.183333332149422],[77.6180269999762,13.174999998816837],[77.60946839075798,13.174999998816837],[77.6121116448562,13.183333332149422]]]}},{"type":"Feature","properties":{"lst_c":29.73,"lst_k":302.88,"lst_day_dn":15144,"qc_day":0,"lst_night_c":21.67,"lst_night_k":294.82,"lst_night_dn":14741,"qc_night":0,"modis_row":818,"modis_col":669,"source_product":"MOD11A2.061","composite_start":"2026-09-14","units":"degC","scale_factor":0.02},"geometry":{"type":"Polygon","coordinates":[[[77.62067054556692,13.183333332149422],[77.62922944627765,13.183333332149422],[77.6265856091944,13.174999998816837],[77.6180269999762,13.174999998816837],[77.62067054556692,13.183333332149422]]]}},{"type":"Feature","properties":{"lst_c":29.47,"lst_k":302.62,"lst_day_dn":15131,"qc_day":0,"lst_night_c":21.67,"lst_night_k":294.82,"lst_night_dn":14741,"qc_night":0,"modis_row":818,"modis_col":670,"source_product":"MOD11A2.061","composite_start":"2026-09-14","units":"degC","scale_factor":0.02},"geometry":{"type":"Polygon","coordinates":[[[77.62922944627765,13.183333332149422],[77.63778834698837,13.183333332149422],[77.6351442184126,13.174999998816837],[77.6265856091944,13.174999998816837],[77.62922944627765,13.183333332149422]]]}},{"type":"Feature","properties":{"lst_c":29.83,"lst_k":302.98,"lst_day_dn":15149,"qc_day":0,"lst_night_c":21.95,"lst_night_k":295.1,"lst_night_dn":14755,"qc_night":0,"modis_row":818,"modis_col":671,"source_product":"MOD11A2.061","composite_start":"2026-09-14","units":"degC","scale_factor":0.02},"geometry":{"type":"Polygon","coordinates":[[[77.63778834698837,13.183333332149422],[77.64634724769911,13.183333332149422],[77.64370282763083,13.174999998816837],[77.6351442184126,13.174999998816837],[77.63778834698837,13.183333332149422]]]}},{"type":"Feature","properties":{"lst_c":29.95,"lst_k":303.1,"lst_day_dn":15155,"qc_day":0,"lst_night_c":22.11,"lst_night_k":295.26,"lst_night_dn":14763,"qc_night":0,"modis_row":818,"modis_col":672,"source_product":"MOD11A2.061","composite_start":"2026-09-14","units":"degC","scale_factor":0.02},"geometry":{"type":"Polygon","coordinates":[[[77.64634724769911,13.183333332149422],[77.65490614840982,13.183333332149422],[77.65226143684905,13.174999998816837],[77.64370282763083,13.174999998816837],[77.64634724769911,13.183333332149422]]]}},{"type":"Feature","properties":{"lst_c":30.03,"lst_k":303.18,"lst_day_dn":15159,"qc_day":0,"lst_night_c":21.53,"lst_night_k":294.68,"lst_night_dn":14734,"qc_night":0,"modis_row":818,"modis_col":673,"source_product":"MOD11A2.061","composite_start":"2026-09-14","units":"degC","scale_factor":0.02},"geometry":{"type":"Polygon","coordinates":[[[77.65490614840982,13.183333332149422],[77.66346504912055,13.183333332149422],[77.66082004606726,13.174999998816837],[77.65226143684905,13.174999998816837],[77.65490614840982,13.183333332149422]]]}},{"type":"Feature","properties":{"lst_c":30.15,"lst_k":303.3,"lst_day_dn":15165,"qc_day":0,"lst_night_c":21.01,"lst_night_k":294.16,"lst_night_dn":14708,"qc_night":0,"modis_row":818,"modis_col":674,"source_product":"MOD11A2.061","composite_start":"2026-09-14","units":"degC","scale_factor":0.02},"geometry":{"type":"Polygon","coordinates":[[[77.66346504912055,13.183333332149422],[77.67202394983126,13.183333332149422],[77.66937865528546,13.174999998816837],[77.66082004606726,13.174999998816837],[77.66346504912055,13.183333332149422]]]}},{"type":"Feature","properties":{"lst_c":29.57,"lst_k":302.72,"lst_day_dn":15136,"qc_day":0,"lst_night_c":20.21,"lst_night_k":293.36,"lst_night_dn":14668,"qc_night":0,"modis_row":818,"modis_col":675,"source_product":"MOD11A2.061","composite_start":"2026-09-14","units":"degC","scale_factor":0.02},"geometry":{"type":"Polygon","coordinates":[[[77.67202394983126,13.183333332149422],[77.68058285054198,13.183333332149422],[77.67793726450367,13.174999998816837],[77.66937865528546,13.174999998816837],[77.67202394983126,13.183333332149422]]]}},{"type":"Feature","properties":{"lst_c":29.31,"lst_k":302.46,"lst_day_dn":15123,"qc_day":0,"lst_night_c":19.53,"lst_night_k":292.68,"lst_night_dn":14634,"qc_night":65,"modis_row":818,"modis_col":676,"source_product":"MOD11A2.061","composite_start":"2026-09-14","units":"degC","scale_factor":0.02},"geometry":{"type":"Polygon","coordinates":[[[77.68058285054198,13.183333332149422],[77.68914175125272,13.183333332149422],[77.68649587372188,13.174999998816837],[77.67793726450367,13.174999998816837],[77.68058285054198,13.183333332149422]]]}},{"type":"Feature","properties":{"lst_c":29.47,"lst_k":302.62,"lst_day_dn":15131,"qc_day":0,"lst_night_c":17.11,"lst_night_k":290.26,"lst_night_dn":14513,"qc_night":65,"modis_row":818,"modis_col":677,"source_product":"MOD11A2.061","composite_start":"2026-09-14","units":"degC","scale_factor":0.02},"geometry":{"type":"Polygon","coordinates":[[[77.68914175125272,13.183333332149422],[77.69770065196344,13.183333332149422],[77.69505448294011,13.174999998816837],[77.68649587372188,13.174999998816837],[77.68914175125272,13.183333332149422]]]}},{"type":"Feature","properties":{"lst_c":28.33,"lst_k":301.48,"lst_day_dn":15074,"qc_day":0,"lst_night_c":13.51,"lst_night_k":286.66,"lst_night_dn":14333,"qc_night":65,"modis_row":818,"modis_col":678,"source_product":"MOD11A2.061","composite_start":"2026-09-14","units":"degC","scale_factor":0.02},"geometry":{"type":"Polygon","coordinates":[[[77.69770065196344,13.183333332149422],[77.70625955267417,13.183333332149422],[77.70361309215832,13.174999998816837],[77.69505448294011,13.174999998816837],[77.69770065196344,13.183333332149422]]]}},{"type":"Feature","properties":{"lst_c":28.39,"lst_k":301.54,"lst_day_dn":15077,"qc_day":0,"lst_night_c":null,"lst_night_k":null,"lst_night_dn":0,"qc_night":2,"modis_row":818,"modis_col":679,"source_product":"MOD11A2.061","composite_start":"2026-09-14","units":"degC","scale_factor":0.02},"geometry":{"type":"Polygon","coordinates":[[[77.70625955267417,13.183333332149422],[77.7148184533849,13.183333332149422],[77.71217170137653,13.174999998816837],[77.70361309215832,13.174999998816837],[77.70625955267417,13.183333332149422]]]}},{"type":"Feature","properties":{"lst_c":28.23,"lst_k":301.38,"lst_day_dn":15069,"qc_day":0,"lst_night_c":null,"lst_night_k":null,"lst_night_dn":0,"qc_night":2,"modis_row":818,"modis_col":680,"source_product":"MOD11A2.061","composite_start":"2026-09-14","units":"degC","scale_factor":0.02},"geometry":{"type":"Polygon","coordinates":[[[77.7148184533849,13.183333332149422],[77.72337735409563,13.183333332149422],[77.72073031059473,13.174999998816837],[77.71217170137653,13.174999998816837],[77.7148184533849,13.183333332149422]]]}},{"type":"Feature","properties":{"lst_c":27.99,"lst_k":301.14,"lst_day_dn":15057,"qc_day":0,"lst_night_c":null,"lst_night_k":null,"lst_night_dn":0,"qc_night":2,"modis_row":818,"modis_col":681,"source_product":"MOD11A2.061","composite_start":"2026-09-14","units":"degC","scale_factor":0.02},"geometry":{"type":"Polygon","coordinates":[[[77.72337735409563,13.183333332149422],[77.73193625480634,13.183333332149422],[77.72928891981296,13.174999998816837],[77.72073031059473,13.174999998816837],[77.72337735409563,13.183333332149422]]]}},{"type":"Feature","properties":{"lst_c":28.63,"lst_k":301.78,"lst_day_dn":15089,"qc_day":0,"lst_night_c":null,"lst_night_k":null,"lst_night_dn":0,"qc_night":2,"modis_row":818,"modis_col":682,"source_product":"MOD11A2.061","composite_start":"2026-09-14","units":"degC","scale_factor":0.02},"geometry":{"type":"Polygon","coordinates":[[[77.73193625480634,13.183333332149422],[77.74049515551707,13.183333332149422],[77.73784752903117,13.174999998816837],[77.72928891981296,13.174999998816837],[77.73193625480634,13.183333332149422]]]}},{"type":"Feature","properties":{"lst_c":28.21,"lst_k":301.36,"lst_day_dn":15068,"qc_day":0,"lst_night_c":null,"lst_night_k":null,"lst_night_dn":0,"qc_night":2,"modis_row":818,"modis_col":683,"source_product":"MOD11A2.061","composite_start":"2026-09-14","units":"degC","scale_factor":0.02},"geometry":{"type":"Polygon","coordinates":[[[77.74049515551707,13.183333332149422],[77.7490540562278,13.183333332149422],[77.74640613824938,13.174999998816837],[77.73784752903117,13.174999998816837],[77.74049515551707,13.183333332149422]]]}},{"type":"Feature","properties":{"lst_c":28.59,"lst_k":301.74,"lst_day_dn":15087,"qc_day":0,"lst_night_c":null,"lst_night_k":null,"lst_night_dn":0,"qc_night":2,"modis_row":818,"modis_col":684,"source_product":"MOD11A2.061","composite_start":"2026-09-14","units":"degC","scale_factor":0.02},"geometry":{"type":"Polygon","coordinates":[[[77.7490540562278,13.183333332149422],[77.75761295693853,13.183333332149422],[77.7549647474676,13.174999998816837],[77.74640613824938,13.174999998816837],[77.7490540562278,13.183333332149422]]]}},{"type":"Feature","properties":{"lst_c":28.51,"lst_k":301.66,"lst_day_dn":15083,"qc_day":0,"lst_night_c":null,"lst_night_k":null,"lst_night_dn":0,"qc_night":2,"modis_row":818,"modis_col":685,"source_product":"MOD11A2.061","composite_start":"2026-09-14","units":"degC","scale_factor":0.02},"geometry":{"type":"Polygon","coordinates":[[[77.75761295693853,13.183333332149422],[77.76617185764925,13.183333332149422],[77.76352335668582,13.174999998816837],[77.7549647474676,13.174999998816837],[77.75761295693853,13.183333332149422]]]}},{"type":"Feature","properties":{"lst_c":28.59,"lst_k":301.74,"lst_day_dn":15087,"qc_day":0,"lst_night_c":null,"lst_night_k":null,"lst_night_dn":0,"qc_night":2,"modis_row":818,"modis_col":686,"source_product":"MOD11A2.061","composite_start":"2026-09-14","units":"degC","scale_factor":0.02},"geometry":{"type":"Polygon","coordinates":[[[77.76617185764925,13.183333332149422],[77.77473075835998,13.183333332149422],[77.77208196590404,13.174999998816837],[77.76352335668582,13.174999998816837],[77.76617185764925,13.183333332149422]]]}},{"type":"Feature","properties":{"lst_c":28.89,"lst_k":302.04,"lst_day_dn":15102,"qc_day":0,"lst_night_c":null,"lst_night_k":null,"lst_night_dn":0,"qc_night":2,"modis_row":818,"modis_col":687,"source_product":"MOD11A2.061","composite_start":"2026-09-14","units":"degC","scale_factor":0.02},"geometry":{"type":"Polygon","coordinates":[[[77.77473075835998,13.183333332149422],[77.7832896590707,13.183333332149422],[77.78064057512225,13.174999998816837],[77.77208196590404,13.174999998816837],[77.77473075835998,13.183333332149422]]]}},{"type":"Feature","properties":{"lst_c":28.93,"lst_k":302.08,"lst_day_dn":15104,"qc_day":0,"lst_night_c":null,"lst_night_k":null,"lst_night_dn":0,"qc_night":2,"modis_row":818,"modis_col":688,"source_product":"MOD11A2.061","composite_start":"2026-09-14","units":"degC","scale_factor":0.02},"geometry":{"type":"Polygon","coordinates":[[[77.7832896590707,13.183333332149422],[77.79184855978143,13.183333332149422],[77.78919918434046,13.174999998816837],[77.78064057512225,13.174999998816837],[77.7832896590707,13.183333332149422]]]}},{"type":"Feature","properties":{"lst_c":29.05,"lst_k":302.2,"lst_day_dn":15110,"qc_day":0,"lst_night_c":null,"lst_night_k":null,"lst_night_dn":0,"qc_night":2,"modis_row":818,"modis_col":689,"source_product":"MOD11A2.061","composite_start":"2026-09-14","units":"degC","scale_factor":0.02},"geometry":{"type":"Polygon","coordinates":[[[77.79184855978143,13.183333332149422],[77.80040746049214,13.183333332149422],[77.79775779355866,13.174999998816837],[77.78919918434046,13.174999998816837],[77.79184855978143,13.183333332149422]]]}},{"type":"Feature","properties":{"lst_c":29.07,"lst_k":302.22,"lst_day_dn":15111,"qc_day":0,"lst_night_c":null,"lst_night_k":null,"lst_night_dn":0,"qc_night":2,"modis_row":818,"modis_col":690,"source_product":"MOD11A2.061","composite_start":"2026-09-14","units":"degC","scale_factor":0.02},"geometry":{"type":"Polygon","coordinates":[[[77.80040746049214,13.183333332149422],[77.80896636120286,13.183333332149422],[77.80631640277686,13.174999998816837],[77.79775779355866,13.174999998816837],[77.80040746049214,13.183333332149422]]]}},{"type":"Feature","properties":{"lst_c":28.95,"lst_k":302.1,"lst_day_dn":15105,"qc_day":0,"lst_night_c":null,"lst_night_k":null,"lst_night_dn":0,"qc_night":2,"modis_row":818,"modis_col":691,"source_product":"MOD11A2.061","composite_start":"2026-09-14","units":"degC","scale_factor":0.02},"geometry":{"type":"Polygon","coordinates":[[[77.80896636120286,13.183333332149422],[77.81752526191359,13.183333332149422],[77.81487501199508,13.174999998816837],[77.80631640277686,13.174999998816837],[77.80896636120286,13.183333332149422]]]}},{"type":"Feature","properties":{"lst_c":28.63,"lst_k":301.78,"lst_day_dn":15089,"qc_day":0,"lst_night_c":null,"lst_night_k":null,"lst_night_dn":0,"qc_night":2,"modis_row":818,"modis_col":692,"source_product":"MOD11A2.061","composite_start":"2026-09-14","units":"degC","scale_factor":0.02},"geometry":{"type":"Polygon","coordinates":[[[77.81752526191359,13.183333332149422],[77.82608416262433,13.183333332149422],[77.8234336212133,13.174999998816837],[77.81487501199508,13.174999998816837],[77.81752526191359,13.183333332149422]]]}},{"type":"Feature","properties":{"lst_c":28.59,"lst_k":301.74,"lst_day_dn":15087,"qc_day":0,"lst_night_c":null,"lst_night_k":null,"lst_night_dn":0,"qc_night":2,"modis_row":818,"modis_col":693,"source_product":"MOD11A2.061","composite_start":"2026-09-14","units":"degC","scale_factor":0.02},"geometry":{"type":"Polygon","coordinates":[[[77.82608416262433,13.183333332149422],[77.83464306333505,13.183333332149422],[77.83199223043151,13.174999998816837],[77.8234336212133,13.174999998816837],[77.82608416262433,13.183333332149422]]]}},{"type":"Feature","properties":{"lst_c":28.51,"lst_k":301.66,"lst_day_dn":15083,"qc_day":0,"lst_night_c":null,"lst_night_k":null,"lst_night_dn":0,"qc_night":2,"modis_row":818,"modis_col":694,"source_product":"MOD11A2.061","composite_start":"2026-09-14","units":"degC","scale_factor":0.02},"geometry":{"type":"Polygon","coordinates":[[[77.83464306333505,13.183333332149422],[77.84320196404578,13.183333332149422],[77.84055083964972,13.174999998816837],[77.83199223043151,13.174999998816837],[77.83464306333505,13.183333332149422]]]}},{"type":"Feature","properties":{"lst_c":28.43,"lst_k":301.58,"lst_day_dn":15079,"qc_day":0,"lst_night_c":null,"lst_night_k":null,"lst_night_dn":0,"qc_night":2,"modis_row":818,"modis_col":695,"source_product":"MOD11A2.061","composite_start":"2026-09-14","units":"degC","scale_factor":0.02},"geometry":{"type":"Polygon","coordinates":[[[77.84320196404578,13.183333332149422],[77.8517608647565,13.183333332149422],[77.84910944886795,13.174999998816837],[77.84055083964972,13.174999998816837],[77.84320196404578,13.183333332149422]]]}},{"type":"Feature","properties":{"lst_c":30.47,"lst_k":303.62,"lst_day_dn":15181,"qc_day":0,"lst_night_c":21.63,"lst_night_k":294.78,"lst_night_dn":14739,"qc_night":0,"modis_row":819,"modis_col":653,"source_product":"MOD11A2.061","composite_start":"2026-09-14","units":"degC","scale_factor":0.02},"geometry":{"type":"Polygon","coordinates":[[[77.48108925248476,13.174999998816837],[77.48964786170299,13.174999998816837],[77.48701050736312,13.166666665484252],[77.47845218943652,13.166666665484252],[77.48108925248476,13.174999998816837]]]}},{"type":"Feature","properties":{"lst_c":29.79,"lst_k":302.94,"lst_day_dn":15147,"qc_day":0,"lst_night_c":22.59,"lst_night_k":295.74,"lst_night_dn":14787,"qc_night":0,"modis_row":819,"modis_col":654,"source_product":"MOD11A2.061","composite_start":"2026-09-14","units":"degC","scale_factor":0.02},"geometry":{"type":"Polygon","coordinates":[[[77.48964786170299,13.174999998816837],[77.4982064709212,13.174999998816837],[77.49556882528971,13.166666665484252],[77.48701050736312,13.166666665484252],[77.48964786170299,13.174999998816837]]]}},{"type":"Feature","properties":{"lst_c":29.99,"lst_k":303.14,"lst_day_dn":15157,"qc_day":0,"lst_night_c":22.37,"lst_night_k":295.52,"lst_night_dn":14776,"qc_night":0,"modis_row":819,"modis_col":655,"source_product":"MOD11A2.061","composite_start":"2026-09-14","units":"degC","scale_factor":0.02},"geometry":{"type":"Polygon","coordinates":[[[77.4982064709212,13.174999998816837],[77.50676508013942,13.174999998816837],[77.50412714321631,13.166666665484252],[77.49556882528971,13.166666665484252],[77.4982064709212,13.174999998816837]]]}},{"type":"Feature","properties":{"lst_c":30.77,"lst_k":303.92,"lst_day_dn":15196,"qc_day":0,"lst_night_c":22.21,"lst_night_k":295.36,"lst_night_dn":14768,"qc_night":0,"modis_row":819,"modis_col":656,"source_product":"MOD11A2.061","composite_start":"2026-09-14","units":"degC","scale_factor":0.02},"geometry":{"type":"Polygon","coordinates":[[[77.50676508013942,13.174999998816837],[77.51532368935763,13.174999998816837],[77.51268546114291,13.166666665484252],[77.50412714321631,13.166666665484252],[77.50676508013942,13.174999998816837]]]}},{"type":"Feature","properties":{"lst_c":31.59,"lst_k":304.74,"lst_day_dn":15237,"qc_day":0,"lst_night_c":22.27,"lst_night_k":295.42,"lst_night_dn":14771,"qc_night":0,"modis_row":819,"modis_col":657,"source_product":"MOD11A2.061","composite_start":"2026-09-14","units":"degC","scale_factor":0.02},"geometry":{"type":"Polygon","coordinates":[[[77.51532368935763,13.174999998816837],[77.52388229857586,13.174999998816837],[77.5212437790695,13.166666665484252],[77.51268546114291,13.166666665484252],[77.51532368935763,13.174999998816837]]]}},{"type":"Feature","properties":{"lst_c":31.59,"lst_k":304.74,"lst_day_dn":15237,"qc_day":0,"lst_night_c":22.19,"lst_night_k":295.34,"lst_night_dn":14767,"qc_night":0,"modis_row":819,"modis_col":658,"source_product":"MOD11A2.061","composite_start":"2026-09-14","units":"degC","scale_factor":0.02},"geometry":{"type":"Polygon","coordinates":[[[77.52388229857586,13.174999998816837],[77.53244090779405,13.174999998816837],[77.52980209699608,13.166666665484252],[77.5212437790695,13.166666665484252],[77.52388229857586,13.174999998816837]]]}},{"type":"Feature","properties":{"lst_c":31.51,"lst_k":304.66,"lst_day_dn":15233,"qc_day":0,"lst_night_c":22.13,"lst_night_k":295.28,"lst_night_dn":14764,"qc_night":0,"modis_row":819,"modis_col":659,"source_product":"MOD11A2.061","composite_start":"2026-09-14","units":"degC","scale_factor":0.02},"geometry":{"type":"Polygon","coordinates":[[[77.53244090779405,13.174999998816837],[77.54099951701225,13.174999998816837],[77.53836041492266,13.166666665484252],[77.52980209699608,13.166666665484252],[77.53244090779405,13.174999998816837]]]}},{"type":"Feature","properties":{"lst_c":31.33,"lst_k":304.48,"lst_day_dn":15224,"qc_day":0,"lst_night_c":22.39,"lst_night_k":295.54,"lst_night_dn":14777,"qc_night":0,"modis_row":819,"modis_col":660,"source_product":"MOD11A2.061","composite_start":"2026-09-14","units":"degC","scale_factor":0.02},"geometry":{"type":"Polygon","coordinates":[[[77.54099951701225,13.174999998816837],[77.54955812623047,13.174999998816837],[77.54691873284925,13.166666665484252],[77.53836041492266,13.166666665484252],[77.54099951701225,13.174999998816837]]]}},{"type":"Feature","properties":{"lst_c":30.97,"lst_k":304.12,"lst_day_dn":15206,"qc_day":0,"lst_night_c":23.27,"lst_night_k":296.42,"lst_night_dn":14821,"qc_night":0,"modis_row":819,"modis_col":661,"source_product":"MOD11A2.061","composite_start":"2026-09-14","units":"degC","scale_factor":0.02},"geometry":{"type":"Polygon","coordinates":[[[77.54955812623047,13.174999998816837],[77.55811673544868,13.174999998816837],[77.55547705077585,13.166666665484252],[77.54691873284925,13.166666665484252],[77.54955812623047,13.174999998816837]]]}},{"type":"Feature","properties":{"lst_c":30.27,"lst_k":303.42,"lst_day_dn":15171,"qc_day":0,"lst_night_c":23.27,"lst_night_k":296.42,"lst_night_dn":14821,"qc_night":0,"modis_row":819,"modis_col":662,"source_product":"MOD11A2.061","composite_start":"2026-09-14","units":"degC","scale_factor":0.02},"geometry":{"type":"Polygon","coordinates":[[[77.55811673544868,13.174999998816837],[77.5666753446669,13.174999998816837],[77.56403536870243,13.166666665484252],[77.55547705077585,13.166666665484252],[77.55811673544868,13.174999998816837]]]}},{"type":"Feature","properties":{"lst_c":30.05,"lst_k":303.2,"lst_day_dn":15160,"qc_day":0,"lst_night_c":22.63,"lst_night_k":295.78,"lst_night_dn":14789,"qc_night":0,"modis_row":819,"modis_col":663,"source_product":"MOD11A2.061","composite_start":"2026-09-14","units":"degC","scale_factor":0.02},"geometry":{"type":"Polygon","coordinates":[[[77.5666753446669,13.174999998816837],[77.57523395388512,13.174999998816837],[77.57259368662903,13.166666665484252],[77.56403536870243,13.166666665484252],[77.5666753446669,13.174999998816837]]]}},{"type":"Feature","properties":{"lst_c":30.09,"lst_k":303.24,"lst_day_dn":15162,"qc_day":0,"lst_night_c":22.27,"lst_night_k":295.42,"lst_night_dn":14771,"qc_night":0,"modis_row":819,"modis_col":664,"source_product":"MOD11A2.061","composite_start":"2026-09-14","units":"degC","scale_factor":0.02},"geometry":{"type":"Polygon","coordinates":[[[77.57523395388512,13.174999998816837],[77.58379256310333,13.174999998816837],[77.58115200455563,13.166666665484252],[77.57259368662903,13.166666665484252],[77.57523395388512,13.174999998816837]]]}},{"type":"Feature","properties":{"lst_c":29.85,"lst_k":303.0,"lst_day_dn":15150,"qc_day":0,"lst_night_c":22.29,"lst_night_k":295.44,"lst_night_dn":14772,"qc_night":0,"modis_row":819,"modis_col":665,"source_product":"MOD11A2.061","composite_start":"2026-09-14","units":"degC","scale_factor":0.02},"geometry":{"type":"Polygon","coordinates":[[[77.58379256310333,13.174999998816837],[77.59235117232154,13.174999998816837],[77.58971032248222,13.166666665484252],[77.58115200455563,13.166666665484252],[77.58379256310333,13.174999998816837]]]}},{"type":"Feature","properties":{"lst_c":29.65,"lst_k":302.8,"lst_day_dn":15140,"qc_day":0,"lst_night_c":22.27,"lst_night_k":295.42,"lst_night_dn":14771,"qc_night":0,"modis_row":819,"modis_col":666,"source_product":"MOD11A2.061","composite_start":"2026-09-14","units":"degC","scale_factor":0.02},"geometry":{"type":"Polygon","coordinates":[[[77.59235117232154,13.174999998816837],[77.60090978153976,13.174999998816837],[77.5982686404088,13.166666665484252],[77.58971032248222,13.166666665484252],[77.59235117232154,13.174999998816837]]]}},{"type":"Feature","properties":{"lst_c":30.17,"lst_k":303.32,"lst_day_dn":15166,"qc_day":0,"lst_night_c":22.07,"lst_night_k":295.22,"lst_night_dn":14761,"qc_night":0,"modis_row":819,"modis_col":667,"source_product":"MOD11A2.061","composite_start":"2026-09-14","units":"degC","scale_factor":0.02},"geometry":{"type":"Polygon","coordinates":[[[77.60090978153976,13.174999998816837],[77.60946839075798,13.174999998816837],[77.60682695833542,13.166666665484252],[77.5982686404088,13.166666665484252],[77.60090978153976,13.174999998816837]]]}},{"type":"Feature","properties":{"lst_c":30.07,"lst_k":303.22,"lst_day_dn":15161,"qc_day":0,"lst_night_c":21.79,"lst_night_k":294.94,"lst_night_dn":14747,"qc_night":0,"modis_row":819,"modis_col":668,"source_product":"MOD11A2.061","composite_start":"2026-09-14","units":"degC","scale_factor":0.02},"geometry":{"type":"Polygon","coordinates":[[[77.60946839075798,13.174999998816837],[77.6180269999762,13.174999998816837],[77.615385276262,13.166666665484252],[77.60682695833542,13.166666665484252],[77.60946839075798,13.174999998816837]]]}},{"type":"Feature","properties":{"lst_c":29.59,"lst_k":302.74,"lst_day_dn":15137,"qc_day":0,"lst_night_c":21.91,"lst_night_k":295.06,"lst_night_dn":14753,"qc_night":0,"modis_row":819,"modis_col":669,"source_product":"MOD11A2.061","composite_start":"2026-09-14","units":"degC","scale_factor":0.02},"geometry":{"type":"Polygon","coordinates":[[[77.6180269999762,13.174999998816837],[77.6265856091944,13.174999998816837],[77.62394359418859,13.166666665484252],[77.615385276262,13.166666665484252],[77.6180269999762,13.174999998816837]]]}},{"type":"Feature","properties":{"lst_c":29.13,"lst_k":302.28,"lst_day_dn":15114,"qc_day":0,"lst_night_c":22.35,"lst_night_k":295.5,"lst_night_dn":14775,"qc_night":0,"modis_row":819,"modis_col":670,"source_product":"MOD11A2.061","composite_start":"2026-09-14","units":"degC","scale_factor":0.02},"geometry":{"type":"Polygon","coordinates":[[[77.6265856091944,13.174999998816837],[77.6351442184126,13.174999998816837],[77.63250191211517,13.166666665484252],[77.62394359418859,13.166666665484252],[77.6265856091944,13.174999998816837]]]}},{"type":"Feature","properties":{"lst_c":29.33,"lst_k":302.48,"lst_day_dn":15124,"qc_day":0,"lst_night_c":22.27,"lst_night_k":295.42,"lst_night_dn":14771,"qc_night":0,"modis_row":819,"modis_col":671,"source_product":"MOD11A2.061","composite_start":"2026-09-14","units":"degC","scale_factor":0.02},"geometry":{"type":"Polygon","coordinates":[[[77.6351442184126,13.174999998816837],[77.64370282763083,13.174999998816837],[77.64106023004179,13.166666665484252],[77.63250191211517,13.166666665484252],[77.6351442184126,13.174999998816837]]]}},{"type":"Feature","properties":{"lst_c":29.59,"lst_k":302.74,"lst_day_dn":15137,"qc_day":0,"lst_night_c":22.41,"lst_night_k":295.56,"lst_night_dn":14778,"qc_night":0,"modis_row":819,"modis_col":672,"source_product":"MOD11A2.061","composite_start":"2026-09-14","units":"degC","scale_factor":0.02},"geometry":{"type":"Polygon","coordinates":[[[77.64370282763083,13.174999998816837],[77.65226143684905,13.174999998816837],[77.64961854796837,13.166666665484252],[77.64106023004179,13.166666665484252],[77.64370282763083,13.174999998816837]]]}},{"type":"Feature","properties":{"lst_c":29.87,"lst_k":303.02,"lst_day_dn":15151,"qc_day":0,"lst_night_c":22.11,"lst_night_k":295.26,"lst_night_dn":14763,"qc_night":0,"modis_row":819,"modis_col":673,"source_product":"MOD11A2.061","composite_start":"2026-09-14","units":"degC","scale_factor":0.02},"geometry":{"type":"Polygon","coordinates":[[[77.65226143684905,13.174999998816837],[77.66082004606726,13.174999998816837],[77.65817686589496,13.166666665484252],[77.64961854796837,13.166666665484252],[77.65226143684905,13.174999998816837]]]}},{"type":"Feature","properties":{"lst_c":30.23,"lst_k":303.38,"lst_day_dn":15169,"qc_day":0,"lst_night_c":21.47,"lst_night_k":294.62,"lst_night_dn":14731,"qc_night":0,"modis_row":819,"modis_col":674,"source_product":"MOD11A2.061","composite_start":"2026-09-14","units":"degC","scale_factor":0.02},"geometry":{"type":"Polygon","coordinates":[[[77.66082004606726,13.174999998816837],[77.66937865528546,13.174999998816837],[77.66673518382154,13.166666665484252],[77.65817686589496,13.166666665484252],[77.66082004606726,13.174999998816837]]]}},{"type":"Feature","properties":{"lst_c":30.17,"lst_k":303.32,"lst_day_dn":15166,"qc_day":0,"lst_night_c":20.91,"lst_night_k":294.06,"lst_night_dn":14703,"qc_night":0,"modis_row":819,"modis_col":675,"source_product":"MOD11A2.061","composite_start":"2026-09-14","units":"degC","scale_factor":0.02},"geometry":{"type":"Polygon","coordinates":[[[77.66937865528546,13.174999998816837],[77.67793726450367,13.174999998816837],[77.67529350174814,13.166666665484252],[77.66673518382154,13.166666665484252],[77.66937865528546,13.174999998816837]]]}},{"type":"Feature","properties":{"lst_c":29.75,"lst_k":302.9,"lst_day_dn":15145,"qc_day":0,"lst_night_c":20.19,"lst_night_k":293.34,"lst_night_dn":14667,"qc_night":65,"modis_row":819,"modis_col":676,"source_product":"MOD11A2.061","composite_start":"2026-09-14","units":"degC","scale_factor":0.02},"geometry":{"type":"Polygon","coordinates":[[[77.67793726450367,13.174999998816837],[77.68649587372188,13.174999998816837],[77.68385181967473,13.166666665484252],[77.67529350174814,13.166666665484252],[77.67793726450367,13.174999998816837]]]}},{"type":"Feature","properties":{"lst_c":29.27,"lst_k":302.42,"lst_day_dn":15121,"qc_day":0,"lst_night_c":19.43,"lst_night_k":292.58,"lst_night_dn":14629,"qc_night":65,"modis_row":819,"modis_col":677,"source_product":"MOD11A2.061","composite_start":"2026-09-14","units":"degC","scale_factor":0.02},"geometry":{"type":"Polygon","coordinates":[[[77.68649587372188,13.174999998816837],[77.69505448294011,13.174999998816837],[77.69241013760131,13.166666665484252],[77.68385181967473,13.166666665484252],[77.68649587372188,13.174999998816837]]]}},{"type":"Feature","properties":{"lst_c":29.79,"lst_k":302.94,"lst_day_dn":15147,"qc_day":0,"lst_night_c":18.31,"lst_night_k":291.46,"lst_night_dn":14573,"qc_night":65,"modis_row":819,"modis_col":678,"source_product":"MOD11A2.061","composite_start":"2026-09-14","units":"degC","scale_factor":0.02},"geometry":{"type":"Polygon","coordinates":[[[77.69505448294011,13.174999998816837],[77.70361309215832,13.174999998816837],[77.70096845552791,13.166666665484252],[77.69241013760131,13.166666665484252],[77.69505448294011,13.174999998816837]]]}},{"type":"Feature","properties":{"lst_c":28.89,"lst_k":302.04,"lst_day_dn":15102,"qc_day":0,"lst_night_c":18.19,"lst_night_k":291.34,"lst_night_dn":14567,"qc_night":65,"modis_row":819,"modis_col":679,"source_product":"MOD11A2.061","composite_start":"2026-09-14","units":"degC","scale_factor":0.02},"geometry":{"type":"Polygon","coordinates":[[[77.70361309215832,13.174999998816837],[77.71217170137653,13.174999998816837],[77.70952677345451,13.166666665484252],[77.70096845552791,13.166666665484252],[77.70361309215832,13.174999998816837]]]}},{"type":"Feature","properties":{"lst_c":28.53,"lst_k":301.68,"lst_day_dn":15084,"qc_day":0,"lst_night_c":null,"lst_night_k":null,"lst_night_dn":0,"qc_night":2,"modis_row":819,"modis_col":680,"source_product":"MOD11A2.061","composite_start":"2026-09-14","units":"degC","scale_factor":0.02},"geometry":{"type":"Polygon","coordinates":[[[77.71217170137653,13.174999998816837],[77.72073031059473,13.174999998816837],[77.7180850913811,13.166666665484252],[77.70952677345451,13.166666665484252],[77.71217170137653,13.174999998816837]]]}},{"type":"Feature","properties":{"lst_c":28.03,"lst_k":301.18,"lst_day_dn":15059,"qc_day":0,"lst_night_c":null,"lst_night_k":null,"lst_night_dn":0,"qc_night":2,"modis_row":819,"modis_col":681,"source_product":"MOD11A2.061","composite_start":"2026-09-14","units":"degC","scale_factor":0.02},"geometry":{"type":"Polygon","coordinates":[[[77.72073031059473,13.174999998816837],[77.72928891981296,13.174999998816837],[77.72664340930768,13.166666665484252],[77.7180850913811,13.166666665484252],[77.72073031059473,13.174999998816837]]]}},{"type":"Feature","properties":{"lst_c":27.69,"lst_k":300.84,"lst_day_dn":15042,"qc_day":0,"lst_night_c":null,"lst_night_k":null,"lst_night_dn":0,"qc_night":2,"modis_row":819,"modis_col":682,"source_product":"MOD11A2.061","composite_start":"2026-09-14","units":"degC","scale_factor":0.02},"geometry":{"type":"Polygon","coordinates":[[[77.72928891981296,13.174999998816837],[77.73784752903117,13.174999998816837],[77.7352017272343,13.166666665484252],[77.72664340930768,13.166666665484252],[77.72928891981296,13.174999998816837]]]}},{"type":"Feature","properties":{"lst_c":27.61,"lst_k":300.76,"lst_day_dn":15038,"qc_day":0,"lst_night_c":null,"lst_night_k":null,"lst_night_dn":0,"qc_night":2,"modis_row":819,"modis_col":683,"source_product":"MOD11A2.061","composite_start":"2026-09-14","units":"degC","scale_factor":0.02},"geometry":{"type":"Polygon","coordinates":[[[77.73784752903117,13.174999998816837],[77.74640613824938,13.174999998816837],[77.74376004516088,13.166666665484252],[77.7352017272343,13.166666665484252],[77.73784752903117,13.174999998816837]]]}},{"type":"Feature","properties":{"lst_c":28.27,"lst_k":301.42,"lst_day_dn":15071,"qc_day":0,"lst_night_c":null,"lst_night_k":null,"lst_night_dn":0,"qc_night":2,"modis_row":819,"modis_col":684,"source_product":"MOD11A2.061","composite_start":"2026-09-14","units":"degC","scale_factor":0.02},"geometry":{"type":"Polygon","coordinates":[[[77.74640613824938,13.174999998816837],[77.7549647474676,13.174999998816837],[77.75231836308747,13.166666665484252],[77.74376004516088,13.166666665484252],[77.74640613824938,13.174999998816837]]]}},{"type":"Feature","properties":{"lst_c":28.39,"lst_k":301.54,"lst_day_dn":15077,"qc_day":0,"lst_night_c":null,"lst_night_k":null,"lst_night_dn":0,"qc_night":2,"modis_row":819,"modis_col":685,"source_product":"MOD11A2.061","composite_start":"2026-09-14","units":"degC","scale_factor":0.02},"geometry":{"type":"Polygon","coordinates":[[[77.7549647474676,13.174999998816837],[77.76352335668582,13.174999998816837],[77.76087668101407,13.166666665484252],[77.75231836308747,13.166666665484252],[77.7549647474676,13.174999998816837]]]}},{"type":"Feature","properties":{"lst_c":28.59,"lst_k":301.74,"lst_day_dn":15087,"qc_day":0,"lst_night_c":null,"lst_night_k":null,"lst_night_dn":0,"qc_night":2,"modis_row":819,"modis_col":686,"source_product":"MOD11A2.061","composite_start":"2026-09-14","units":"degC","scale_factor":0.02},"geometry":{"type":"Polygon","coordinates":[[[77.76352335668582,13.174999998816837],[77.77208196590404,13.174999998816837],[77.76943499894067,13.166666665484252],[77.76087668101407,13.166666665484252],[77.76352335668582,13.174999998816837]]]}},{"type":"Feature","properties":{"lst_c":28.85,"lst_k":302.0,"lst_day_dn":15100,"qc_day":0,"lst_night_c":null,"lst_night_k":null,"lst_night_dn":0,"qc_night":2,"modis_row":819,"modis_col":687,"source_product":"MOD11A2.061","composite_start":"2026-09-14","units":"degC","scale_factor":0.02},"geometry":{"type":"Polygon","coordinates":[[[77.77208196590404,13.174999998816837],[77.78064057512225,13.174999998816837],[77.77799331686725,13.166666665484252],[77.76943499894067,13.166666665484252],[77.77208196590404,13.174999998816837]]]}},{"type":"Feature","properties":{"lst_c":28.93,"lst_k":302.08,"lst_day_dn":15104,"qc_day":0,"lst_night_c":null,"lst_night_k":null,"lst_night_dn":0,"qc_night":2,"modis_row":819,"modis_col":688,"source_product":"MOD11A2.061","composite_start":"2026-09-14","units":"degC","scale_factor":0.02},"geometry":{"type":"Polygon","coordinates":[[[77.78064057512225,13.174999998816837],[77.78919918434046,13.174999998816837],[77.78655163479384,13.166666665484252],[77.77799331686725,13.166666665484252],[77.78064057512225,13.174999998816837]]]}},{"type":"Feature","properties":{"lst_c":29.11,"lst_k":302.26,"lst_day_dn":15113,"qc_day":0,"lst_night_c":null,"lst_night_k":null,"lst_night_dn":0,"qc_night":2,"modis_row":819,"modis_col":689,"source_product":"MOD11A2.061","composite_start":"2026-09-14","units":"degC","scale_factor":0.02},"geometry":{"type":"Polygon","coordinates":[[[77.78919918434046,13.174999998816837],[77.79775779355866,13.174999998816837],[77.79510995272041,13.166666665484252],[77.78655163479384,13.166666665484252],[77.78919918434046,13.174999998816837]]]}},{"type":"Feature","properties":{"lst_c":29.09,"lst_k":302.24,"lst_day_dn":15112,"qc_day":0,"lst_night_c":null,"lst_night_k":null,"lst_night_dn":0,"qc_night":2,"modis_row":819,"modis_col":690,"source_product":"MOD11A2.061","composite_start":"2026-09-14","units":"degC","scale_factor":0.02},"geometry":{"type":"Polygon","coordinates":[[[77.79775779355866,13.174999998816837],[77.80631640277686,13.174999998816837],[77.80366827064702,13.166666665484252],[77.79510995272041,13.166666665484252],[77.79775779355866,13.174999998816837]]]}},{"type":"Feature","properties":{"lst_c":28.83,"lst_k":301.98,"lst_day_dn":15099,"qc_day":0,"lst_night_c":null,"lst_night_k":null,"lst_night_dn":0,"qc_night":2,"modis_row":819,"modis_col":691,"source_product":"MOD11A2.061","composite_start":"2026-09-14","units":"degC","scale_factor":0.02},"geometry":{"type":"Polygon","coordinates":[[[77.80631640277686,13.174999998816837],[77.81487501199508,13.174999998816837],[77.81222658857361,13.166666665484252],[77.80366827064702,13.166666665484252],[77.80631640277686,13.174999998816837]]]}},{"type":"Feature","properties":{"lst_c":28.79,"lst_k":301.94,"lst_day_dn":15097,"qc_day":0,"lst_night_c":null,"lst_night_k":null,"lst_night_dn":0,"qc_night":2,"modis_row":819,"modis_col":692,"source_product":"MOD11A2.061","composite_start":"2026-09-14","units":"degC","scale_factor":0.02},"geometry":{"type":"Polygon","coordinates":[[[77.81487501199508,13.174999998816837],[77.8234336212133,13.174999998816837],[77.8207849065002,13.166666665484252],[77.81222658857361,13.166666665484252],[77.81487501199508,13.174999998816837]]]}},{"type":"Feature","properties":{"lst_c":28.75,"lst_k":301.9,"lst_day_dn":15095,"qc_day":0,"lst_night_c":null,"lst_night_k":null,"lst_night_dn":0,"qc_night":2,"modis_row":819,"modis_col":693,"source_product":"MOD11A2.061","composite_start":"2026-09-14","units":"degC","scale_factor":0.02},"geometry":{"type":"Polygon","coordinates":[[[77.8234336212133,13.174999998816837],[77.83199223043151,13.174999998816837],[77.8293432244268,13.166666665484252],[77.8207849065002,13.166666665484252],[77.8234336212133,13.174999998816837]]]}},{"type":"Feature","properties":{"lst_c":28.59,"lst_k":301.74,"lst_day_dn":15087,"qc_day":0,"lst_night_c":null,"lst_night_k":null,"lst_night_dn":0,"qc_night":2,"modis_row":819,"modis_col":694,"source_product":"MOD11A2.061","composite_start":"2026-09-14","units":"degC","scale_factor":0.02},"geometry":{"type":"Polygon","coordinates":[[[77.83199223043151,13.174999998816837],[77.84055083964972,13.174999998816837],[77.83790154235339,13.166666665484252],[77.8293432244268,13.166666665484252],[77.83199223043151,13.174999998816837]]]}},{"type":"Feature","properties":{"lst_c":28.49,"lst_k":301.64,"lst_day_dn":15082,"qc_day":0,"lst_night_c":null,"lst_night_k":null,"lst_night_dn":0,"qc_night":2,"modis_row":819,"modis_col":695,"source_product":"MOD11A2.061","composite_start":"2026-09-14","units":"degC","scale_factor":0.02},"geometry":{"type":"Polygon","coordinates":[[[77.84055083964972,13.174999998816837],[77.84910944886795,13.174999998816837],[77.84645986027998,13.166666665484252],[77.83790154235339,13.166666665484252],[77.84055083964972,13.174999998816837]]]}},{"type":"Feature","properties":{"lst_c":29.51,"lst_k":302.66,"lst_day_dn":15133,"qc_day":0,"lst_night_c":22.13,"lst_night_k":295.28,"lst_night_dn":14764,"qc_night":0,"modis_row":820,"modis_col":653,"source_product":"MOD11A2.061","composite_start":"2026-09-14","units":"degC","scale_factor":0.02},"geometry":{"type":"Polygon","coordinates":[[[77.47845218943652,13.166666665484252],[77.48701050736312,13.166666665484252],[77.48437497158916,13.158333332151667],[77.47581694475333,13.158333332151667],[77.47845218943652,13.166666665484252]]]}},{"type":"Feature","properties":{"lst_c":28.69,"lst_k":301.84,"lst_day_dn":15092,"qc_day":0,"lst_night_c":23.27,"lst_night_k":296.42,"lst_night_dn":14821,"qc_night":0,"modis_row":820,"modis_col":654,"source_product":"MOD11A2.061","composite_start":"2026-09-14","units":"degC","scale_factor":0.02},"geometry":{"type":"Polygon","coordinates":[[[77.48701050736312,13.166666665484252],[77.49556882528971,13.166666665484252],[77.492932998425,13.158333332151667],[77.48437497158916,13.158333332151667],[77.48701050736312,13.166666665484252]]]}},{"type":"Feature","properties":{"lst_c":28.45,"lst_k":301.6,"lst_day_dn":15080,"qc_day":0,"lst_night_c":23.71,"lst_night_k":296.86,"lst_night_dn":14843,"qc_night":0,"modis_row":820,"modis_col":655,"source_product":"MOD11A2.061","composite_start":"2026-09-14","units":"degC","scale_factor":0.02},"geometry":{"type":"Polygon","coordinates":[[[77.49556882528971,13.166666665484252],[77.50412714321631,13.166666665484252],[77.50149102526082,13.158333332151667],[77.492932998425,13.158333332151667],[77.49556882528971,13.166666665484252]]]}},{"type":"Feature","properties":{"lst_c":29.79,"lst_k":302.94,"lst_day_dn":15147,"qc_day":0,"lst_night_c":22.33,"lst_night_k":295.48,"lst_night_dn":14774,"qc_night":0,"modis_row":820,"modis_col":656,"source_product":"MOD11A2.061","composite_start":"2026-09-14","units":"degC","scale_factor":0.02},"geometry":{"type":"Polygon","coordinates":[[[77.50412714321631,13.166666665484252],[77.51268546114291,13.166666665484252],[77.51004905209665,13.158333332151667],[77.50149102526082,13.158333332151667],[77.50412714321631,13.166666665484252]]]}},{"type":"Feature","properties":{"lst_c":31.07,"lst_k":304.22,"lst_day_dn":15211,"qc_day":0,"lst_night_c":22.61,"lst_night_k":295.76,"lst_night_dn":14788,"qc_night":0,"modis_row":820,"modis_col":657,"source_product":"MOD11A2.061","composite_start":"2026-09-14","units":"degC","scale_factor":0.02},"geometry":{"type":"Polygon","coordinates":[[[77.51268546114291,13.166666665484252],[77.5212437790695,13.166666665484252],[77.51860707893249,13.158333332151667],[77.51004905209665,13.158333332151667],[77.51268546114291,13.166666665484252]]]}},{"type":"Feature","properties":{"lst_c":31.05,"lst_k":304.2,"lst_day_dn":15210,"qc_day":0,"lst_night_c":22.51,"lst_night_k":295.66,"lst_night_dn":14783,"qc_night":0,"modis_row":820,"modis_col":658,"source_product":"MOD11A2.061","composite_start":"2026-09-14","units":"degC","scale_factor":0.02},"geometry":{"type":"Polygon","coordinates":[[[77.5212437790695,13.166666665484252],[77.52980209699608,13.166666665484252],[77.52716510576832,13.158333332151667],[77.51860707893249,13.158333332151667],[77.5212437790695,13.166666665484252]]]}},{"type":"Feature","properties":{"lst_c":31.21,"lst_k":304.36,"lst_day_dn":15218,"qc_day":0,"lst_night_c":22.45,"lst_night_k":295.6,"lst_night_dn":14780,"qc_night":0,"modis_row":820,"modis_col":659,"source_product":"MOD11A2.061","composite_start":"2026-09-14","units":"degC","scale_factor":0.02},"geometry":{"type":"Polygon","coordinates":[[[77.52980209699608,13.166666665484252],[77.53836041492266,13.166666665484252],[77.53572313260413,13.158333332151667],[77.52716510576832,13.158333332151667],[77.52980209699608,13.166666665484252]]]}},{"type":"Feature","properties":{"lst_c":31.53,"lst_k":304.68,"lst_day_dn":15234,"qc_day":0,"lst_night_c":22.59,"lst_night_k":295.74,"lst_night_dn":14787,"qc_night":0,"modis_row":820,"modis_col":660,"source_product":"MOD11A2.061","composite_start":"2026-09-14","units":"degC","scale_factor":0.02},"geometry":{"type":"Polygon","coordinates":[[[77.53836041492266,13.166666665484252],[77.54691873284925,13.166666665484252],[77.54428115943995,13.158333332151667],[77.53572313260413,13.158333332151667],[77.53836041492266,13.166666665484252]]]}},{"type":"Feature","properties":{"lst_c":31.37,"lst_k":304.52,"lst_day_dn":15226,"qc_day":0,"lst_night_c":22.71,"lst_night_k":295.86,"lst_night_dn":14793,"qc_night":0,"modis_row":820,"modis_col":661,"source_product":"MOD11A2.061","composite_start":"2026-09-14","units":"degC","scale_factor":0.02},"geometry":{"type":"Polygon","coordinates":[[[77.54691873284925,13.166666665484252],[77.55547705077585,13.166666665484252],[77.55283918627578,13.158333332151667],[77.54428115943995,13.158333332151667],[77.54691873284925,13.166666665484252]]]}},{"type":"Feature","properties":{"lst_c":31.19,"lst_k":304.34,"lst_day_dn":15217,"qc_day":0,"lst_night_c":22.81,"lst_night_k":295.96,"lst_night_dn":14798,"qc_night":0,"modis_row":820,"modis_col":662,"source_product":"MOD11A2.061","composite_start":"2026-09-14","units":"degC","scale_factor":0.02},"geometry":{"type":"Polygon","coordinates":[[[77.55547705077585,13.166666665484252],[77.56403536870243,13.166666665484252],[77.56139721311162,13.158333332151667],[77.55283918627578,13.158333332151667],[77.55547705077585,13.166666665484252]]]}},{"type":"Feature","properties":{"lst_c":30.47,"lst_k":303.62,"lst_day_dn":15181,"qc_day":0,"lst_night_c":23.07,"lst_night_k":296.22,"lst_night_dn":14811,"qc_night":0,"modis_row":820,"modis_col":663,"source_product":"MOD11A2.061","composite_start":"2026-09-14","units":"degC","scale_factor":0.02},"geometry":{"type":"Polygon","coordinates":[[[77.56403536870243,13.166666665484252],[77.57259368662903,13.166666665484252],[77.56995523994745,13.158333332151667],[77.56139721311162,13.158333332151667],[77.56403536870243,13.166666665484252]]]}},{"type":"Feature","properties":{"lst_c":29.59,"lst_k":302.74,"lst_day_dn":15137,"qc_day":0,"lst_night_c":23.73,"lst_night_k":296.88,"lst_night_dn":14844,"qc_night":0,"modis_row":820,"modis_col":664,"source_product":"MOD11A2.061","composite_start":"2026-09-14","units":"degC","scale_factor":0.02},"geometry":{"type":"Polygon","coordinates":[[[77.57259368662903,13.166666665484252],[77.58115200455563,13.166666665484252],[77.57851326678326,13.158333332151667],[77.56995523994745,13.158333332151667],[77.57259368662903,13.166666665484252]]]}},{"type":"Feature","properties":{"lst_c":29.85,"lst_k":303.0,"lst_day_dn":15150,"qc_day":0,"lst_night_c":22.13,"lst_night_k":295.28,"lst_night_dn":14764,"qc_night":0,"modis_row":820,"modis_col":665,"source_product":"MOD11A2.061","composite_start":"2026-09-14","units":"degC","scale_factor":0.02},"geometry":{"type":"Polygon","coordinates":[[[77.58115200455563,13.166666665484252],[77.58971032248222,13.166666665484252],[77.5870712936191,13.158333332151667],[77.57851326678326,13.158333332151667],[77.58115200455563,13.166666665484252]]]}},{"type":"Feature","properties":{"lst_c":30.67,"lst_k":303.82,"lst_day_dn":15191,"qc_day":0,"lst_night_c":22.15,"lst_night_k":295.3,"lst_night_dn":14765,"qc_night":0,"modis_row":820,"modis_col":666,"source_product":"MOD11A2.061","composite_start":"2026-09-14","units":"degC","scale_factor":0.02},"geometry":{"type":"Polygon","coordinates":[[[77.58971032248222,13.166666665484252],[77.5982686404088,13.166666665484252],[77.59562932045493,13.158333332151667],[77.5870712936191,13.158333332151667],[77.58971032248222,13.166666665484252]]]}},{"type":"Feature","properties":{"lst_c":30.47,"lst_k":303.62,"lst_day_dn":15181,"qc_day":0,"lst_night_c":21.99,"lst_night_k":295.14,"lst_night_dn":14757,"qc_night":0,"modis_row":820,"modis_col":667,"source_product":"MOD11A2.061","composite_start":"2026-09-14","units":"degC","scale_factor":0.02},"geometry":{"type":"Polygon","coordinates":[[[77.5982686404088,13.166666665484252],[77.60682695833542,13.166666665484252],[77.60418734729076,13.158333332151667],[77.59562932045493,13.158333332151667],[77.5982686404088,13.166666665484252]]]}},{"type":"Feature","properties":{"lst_c":30.17,"lst_k":303.32,"lst_day_dn":15166,"qc_day":0,"lst_night_c":22.11,"lst_night_k":295.26,"lst_night_dn":14763,"qc_night":0,"modis_row":820,"modis_col":668,"source_product":"MOD11A2.061","composite_start":"2026-09-14","units":"degC","scale_factor":0.02},"geometry":{"type":"Polygon","coordinates":[[[77.60682695833542,13.166666665484252],[77.615385276262,13.166666665484252],[77.61274537412659,13.158333332151667],[77.60418734729076,13.158333332151667],[77.60682695833542,13.166666665484252]]]}},{"type":"Feature","properties":{"lst_c":29.35,"lst_k":302.5,"lst_day_dn":15125,"qc_day":0,"lst_night_c":22.69,"lst_night_k":295.84,"lst_night_dn":14792,"qc_night":0,"modis_row":820,"modis_col":669,"source_product":"MOD11A2.061","composite_start":"2026-09-14","units":"degC","scale_factor":0.02},"geometry":{"type":"Polygon","coordinates":[[[77.615385276262,13.166666665484252],[77.62394359418859,13.166666665484252],[77.62130340096242,13.158333332151667],[77.61274537412659,13.158333332151667],[77.615385276262,13.166666665484252]]]}},{"type":"Feature","properties":{"lst_c":28.91,"lst_k":302.06,"lst_day_dn":15103,"qc_day":0,"lst_night_c":22.81,"lst_night_k":295.96,"lst_night_dn":14798,"qc_night":0,"modis_row":820,"modis_col":670,"source_product":"MOD11A2.061","composite_start":"2026-09-14","units":"degC","scale_factor":0.02},"geometry":{"type":"Polygon","coordinates":[[[77.62394359418859,13.166666665484252],[77.63250191211517,13.166666665484252],[77.62986142779825,13.158333332151667],[77.62130340096242,13.158333332151667],[77.62394359418859,13.166666665484252]]]}},{"type":"Feature","properties":{"lst_c":29.09,"lst_k":302.24,"lst_day_dn":15112,"qc_day":0,"lst_night_c":22.11,"lst_night_k":295.26,"lst_night_dn":14763,"qc_night":0,"modis_row":820,"modis_col":671,"source_product":"MOD11A2.061","composite_start":"2026-09-14","units":"degC","scale_factor":0.02},"geometry":{"type":"Polygon","coordinates":[[[77.63250191211517,13.166666665484252],[77.64106023004179,13.166666665484252],[77.63841945463408,13.158333332151667],[77.62986142779825,13.158333332151667],[77.63250191211517,13.166666665484252]]]}},{"type":"Feature","properties":{"lst_c":29.49,"lst_k":302.64,"lst_day_dn":15132,"qc_day":0,"lst_night_c":22.45,"lst_night_k":295.6,"lst_night_dn":14780,"qc_night":0,"modis_row":820,"modis_col":672,"source_product":"MOD11A2.061","composite_start":"2026-09-14","units":"degC","scale_factor":0.02},"geometry":{"type":"Polygon","coordinates":[[[77.64106023004179,13.166666665484252],[77.64961854796837,13.166666665484252],[77.6469774814699,13.158333332151667],[77.63841945463408,13.158333332151667],[77.64106023004179,13.166666665484252]]]}},{"type":"Feature","properties":{"lst_c":30.03,"lst_k":303.18,"lst_day_dn":15159,"qc_day":0,"lst_night_c":22.11,"lst_night_k":295.26,"lst_night_dn":14763,"qc_night":0,"modis_row":820,"modis_col":673,"source_product":"MOD11A2.061","composite_start":"2026-09-14","units":"degC","scale_factor":0.02},"geometry":{"type":"Polygon","coordinates":[[[77.64961854796837,13.166666665484252],[77.65817686589496,13.166666665484252],[77.65553550830573,13.158333332151667],[77.6469774814699,13.158333332151667],[77.64961854796837,13.166666665484252]]]}},{"type":"Feature","properties":{"lst_c":30.45,"lst_k":303.6,"lst_day_dn":15180,"qc_day":0,"lst_night_c":22.07,"lst_night_k":295.22,"lst_night_dn":14761,"qc_night":0,"modis_row":820,"modis_col":674,"source_product":"MOD11A2.061","composite_start":"2026-09-14","units":"degC","scale_factor":0.02},"geometry":{"type":"Polygon","coordinates":[[[77.65817686589496,13.166666665484252],[77.66673518382154,13.166666665484252],[77.66409353514155,13.158333332151667],[77.65553550830573,13.158333332151667],[77.65817686589496,13.166666665484252]]]}},{"type":"Feature","properties":{"lst_c":30.51,"lst_k":303.66,"lst_day_dn":15183,"qc_day":0,"lst_night_c":21.63,"lst_night_k":294.78,"lst_night_dn":14739,"qc_night":0,"modis_row":820,"modis_col":675,"source_product":"MOD11A2.061","composite_start":"2026-09-14","units":"degC","scale_factor":0.02},"geometry":{"type":"Polygon","coordinates":[[[77.66673518382154,13.166666665484252],[77.67529350174814,13.166666665484252],[77.67265156197737,13.158333332151667],[77.66409353514155,13.158333332151667],[77.66673518382154,13.166666665484252]]]}},{"type":"Feature","properties":{"lst_c":30.51,"lst_k":303.66,"lst_day_dn":15183,"qc_day":0,"lst_night_c":21.29,"lst_night_k":294.44,"lst_night_dn":14722,"qc_night":0,"modis_row":820,"modis_col":676,"source_product":"MOD11A2.061","composite_start":"2026-09-14","units":"degC","scale_factor":0.02},"geometry":{"type":"Polygon","coordinates":[[[77.67529350174814,13.166666665484252],[77.68385181967473,13.166666665484252],[77.68120958881322,13.158333332151667],[77.67265156197737,13.158333332151667],[77.67529350174814,13.166666665484252]]]}},{"type":"Feature","properties":{"lst_c":30.37,"lst_k":303.52,"lst_day_dn":15176,"qc_day":0,"lst_night_c":20.49,"lst_night_k":293.64,"lst_night_dn":14682,"qc_night":65,"modis_row":820,"modis_col":677,"source_product":"MOD11A2.061","composite_start":"2026-09-14","units":"degC","scale_factor":0.02},"geometry":{"type":"Polygon","coordinates":[[[77.68385181967473,13.166666665484252],[77.69241013760131,13.166666665484252],[77.68976761564903,13.158333332151667],[77.68120958881322,13.158333332151667],[77.68385181967473,13.166666665484252]]]}},{"type":"Feature","properties":{"lst_c":30.67,"lst_k":303.82,"lst_day_dn":15191,"qc_day":0,"lst_night_c":19.51,"lst_night_k":292.66,"lst_night_dn":14633,"qc_night":65,"modis_row":820,"modis_col":678,"source_product":"MOD11A2.061","composite_start":"2026-09-14","units":"degC","scale_factor":0.02},"geometry":{"type":"Polygon","coordinates":[[[77.69241013760131,13.166666665484252],[77.70096845552791,13.166666665484252],[77.69832564248486,13.158333332151667],[77.68976761564903,13.158333332151667],[77.69241013760131,13.166666665484252]]]}},{"type":"Feature","properties":{"lst_c":28.97,"lst_k":302.12,"lst_day_dn":15106,"qc_day":0,"lst_night_c":19.11,"lst_night_k":292.26,"lst_night_dn":14613,"qc_night":65,"modis_row":820,"modis_col":679,"source_product":"MOD11A2.061","composite_start":"2026-09-14","units":"degC","scale_factor":0.02},"geometry":{"type":"Polygon","coordinates":[[[77.70096845552791,13.166666665484252],[77.70952677345451,13.166666665484252],[77.70688366932069,13.158333332151667],[77.69832564248486,13.158333332151667],[77.70096845552791,13.166666665484252]]]}},{"type":"Feature","properties":{"lst_c":28.67,"lst_k":301.82,"lst_day_dn":15091,"qc_day":0,"lst_night_c":18.65,"lst_night_k":291.8,"lst_night_dn":14590,"qc_night":65,"modis_row":820,"modis_col":680,"source_product":"MOD11A2.061","composite_start":"2026-09-14","units":"degC","scale_factor":0.02},"geometry":{"type":"Polygon","coordinates":[[[77.70952677345451,13.166666665484252],[77.7180850913811,13.166666665484252],[77.71544169615653,13.158333332151667],[77.70688366932069,13.158333332151667],[77.70952677345451,13.166666665484252]]]}},{"type":"Feature","properties":{"lst_c":28.31,"lst_k":301.46,"lst_day_dn":15073,"qc_day":0,"lst_night_c":null,"lst_night_k":null,"lst_night_dn":0,"qc_night":2,"modis_row":820,"modis_col":681,"source_product":"MOD11A2.061","composite_start":"2026-09-14","units":"degC","scale_factor":0.02},"geometry":{"type":"Polygon","coordinates":[[[77.7180850913811,13.166666665484252],[77.72664340930768,13.166666665484252],[77.72399972299235,13.158333332151667],[77.71544169615653,13.158333332151667],[77.7180850913811,13.166666665484252]]]}},{"type":"Feature","properties":{"lst_c":27.71,"lst_k":300.86,"lst_day_dn":15043,"qc_day":0,"lst_night_c":null,"lst_night_k":null,"lst_night_dn":0,"qc_night":2,"modis_row":820,"modis_col":682,"source_product":"MOD11A2.061","composite_start":"2026-09-14","units":"degC","scale_factor":0.02},"geometry":{"type":"Polygon","coordinates":[[[77.72664340930768,13.166666665484252],[77.7352017272343,13.166666665484252],[77.73255774982817,13.158333332151667],[77.72399972299235,13.158333332151667],[77.72664340930768,13.166666665484252]]]}},{"type":"Feature","properties":{"lst_c":27.49,"lst_k":300.64,"lst_day_dn":15032,"qc_day":0,"lst_night_c":null,"lst_night_k":null,"lst_night_dn":0,"qc_night":2,"modis_row":820,"modis_col":683,"source_product":"MOD11A2.061","composite_start":"2026-09-14","units":"degC","scale_factor":0.02},"geometry":{"type":"Polygon","coordinates":[[[77.7352017272343,13.166666665484252],[77.74376004516088,13.166666665484252],[77.74111577666402,13.158333332151667],[77.73255774982817,13.158333332151667],[77.7352017272343,13.166666665484252]]]}},{"type":"Feature","properties":{"lst_c":27.81,"lst_k":300.96,"lst_day_dn":15048,"qc_day":0,"lst_night_c":null,"lst_night_k":null,"lst_night_dn":0,"qc_night":2,"modis_row":820,"modis_col":684,"source_product":"MOD11A2.061","composite_start":"2026-09-14","units":"degC","scale_factor":0.02},"geometry":{"type":"Polygon","coordinates":[[[77.74376004516088,13.166666665484252],[77.75231836308747,13.166666665484252],[77.74967380349985,13.158333332151667],[77.74111577666402,13.158333332151667],[77.74376004516088,13.166666665484252]]]}},{"type":"Feature","properties":{"lst_c":28.11,"lst_k":301.26,"lst_day_dn":15063,"qc_day":0,"lst_night_c":null,"lst_night_k":null,"lst_night_dn":0,"qc_night":2,"modis_row":820,"modis_col":685,"source_product":"MOD11A2.061","composite_start":"2026-09-14","units":"degC","scale_factor":0.02},"geometry":{"type":"Polygon","coordinates":[[[77.75231836308747,13.166666665484252],[77.76087668101407,13.166666665484252],[77.75823183033567,13.158333332151667],[77.74967380349985,13.158333332151667],[77.75231836308747,13.166666665484252]]]}},{"type":"Feature","properties":{"lst_c":28.35,"lst_k":301.5,"lst_day_dn":15075,"qc_day":0,"lst_night_c":null,"lst_night_k":null,"lst_night_dn":0,"qc_night":2,"modis_row":820,"modis_col":686,"source_product":"MOD11A2.061","composite_start":"2026-09-14","units":"degC","scale_factor":0.02},"geometry":{"type":"Polygon","coordinates":[[[77.76087668101407,13.166666665484252],[77.76943499894067,13.166666665484252],[77.7667898571715,13.158333332151667],[77.75823183033567,13.158333332151667],[77.76087668101407,13.166666665484252]]]}},{"type":"Feature","properties":{"lst_c":29.05,"lst_k":302.2,"lst_day_dn":15110,"qc_day":0,"lst_night_c":null,"lst_night_k":null,"lst_night_dn":0,"qc_night":2,"modis_row":820,"modis_col":687,"source_product":"MOD11A2.061","composite_start":"2026-09-14","units":"degC","scale_factor":0.02},"geometry":{"type":"Polygon","coordinates":[[[77.76943499894067,13.166666665484252],[77.77799331686725,13.166666665484252],[77.77534788400733,13.158333332151667],[77.7667898571715,13.158333332151667],[77.76943499894067,13.166666665484252]]]}},{"type":"Feature","properties":{"lst_c":29.09,"lst_k":302.24,"lst_day_dn":15112,"qc_day":0,"lst_night_c":null,"lst_night_k":null,"lst_night_dn":0,"qc_night":2,"modis_row":820,"modis_col":688,"source_product":"MOD11A2.061","composite_start":"2026-09-14","units":"degC","scale_factor":0.02},"geometry":{"type":"Polygon","coordinates":[[[77.77799331686725,13.166666665484252],[77.78655163479384,13.166666665484252],[77.78390591084316,13.158333332151667],[77.77534788400733,13.158333332151667],[77.77799331686725,13.166666665484252]]]}},{"type":"Feature","properties":{"lst_c":29.15,"lst_k":302.3,"lst_day_dn":15115,"qc_day":0,"lst_night_c":null,"lst_night_k":null,"lst_night_dn":0,"qc_night":2,"modis_row":820,"modis_col":689,"source_product":"MOD11A2.061","composite_start":"2026-09-14","units":"degC","scale_factor":0.02},"geometry":{"type":"Polygon","coordinates":[[[77.78655163479384,13.166666665484252],[77.79510995272041,13.166666665484252],[77.79246393767897,13.158333332151667],[77.78390591084316,13.158333332151667],[77.78655163479384,13.166666665484252]]]}},{"type":"Feature","properties":{"lst_c":28.93,"lst_k":302.08,"lst_day_dn":15104,"qc_day":0,"lst_night_c":null,"lst_night_k":null,"lst_night_dn":0,"qc_night":2,"modis_row":820,"modis_col":690,"source_product":"MOD11A2.061","composite_start":"2026-09-14","units":"degC","scale_factor":0.02},"geometry":{"type":"Polygon","coordinates":[[[77.79510995272041,13.166666665484252],[77.80366827064702,13.166666665484252],[77.8010219645148,13.158333332151667],[77.79246393767897,13.158333332151667],[77.79510995272041,13.166666665484252]]]}},{"type":"Feature","properties":{"lst_c":28.67,"lst_k":301.82,"lst_day_dn":15091,"qc_day":0,"lst_night_c":null,"lst_night_k":null,"lst_night_dn":0,"qc_night":2,"modis_row":820,"modis_col":691,"source_product":"MOD11A2.061","composite_start":"2026-09-14","units":"degC","scale_factor":0.02},"geometry":{"type":"Polygon","coordinates":[[[77.80366827064702,13.166666665484252],[77.81222658857361,13.166666665484252],[77.80957999135063,13.158333332151667],[77.8010219645148,13.158333332151667],[77.80366827064702,13.166666665484252]]]}},{"type":"Feature","properties":{"lst_c":28.27,"lst_k":301.42,"lst_day_dn":15071,"qc_day":0,"lst_night_c":null,"lst_night_k":null,"lst_night_dn":0,"qc_night":2,"modis_row":820,"modis_col":692,"source_product":"MOD11A2.061","composite_start":"2026-09-14","units":"degC","scale_factor":0.02},"geometry":{"type":"Polygon","coordinates":[[[77.81222658857361,13.166666665484252],[77.8207849065002,13.166666665484252],[77.81813801818646,13.158333332151667],[77.80957999135063,13.158333332151667],[77.81222658857361,13.166666665484252]]]}},{"type":"Feature","properties":{"lst_c":28.37,"lst_k":301.52,"lst_day_dn":15076,"qc_day":0,"lst_night_c":null,"lst_night_k":null,"lst_night_dn":0,"qc_night":2,"modis_row":820,"modis_col":693,"source_product":"MOD11A2.061","composite_start":"2026-09-14","units":"degC","scale_factor":0.02},"geometry":{"type":"Polygon","coordinates":[[[77.8207849065002,13.166666665484252],[77.8293432244268,13.166666665484252],[77.82669604502229,13.158333332151667],[77.81813801818646,13.158333332151667],[77.8207849065002,13.166666665484252]]]}},{"type":"Feature","properties":{"lst_c":29.01,"lst_k":302.16,"lst_day_dn":15108,"qc_day":0,"lst_night_c":null,"lst_night_k":null,"lst_night_dn":0,"qc_night":2,"modis_row":820,"modis_col":694,"source_product":"MOD11A2.061","composite_start":"2026-09-14","units":"degC","scale_factor":0.02},"geometry":{"type":"Polygon","coordinates":[[[77.8293432244268,13.166666665484252],[77.83790154235339,13.166666665484252],[77.83525407185813,13.158333332151667],[77.82669604502229,13.158333332151667],[77.8293432244268,13.166666665484252]]]}},{"type":"Feature","properties":{"lst_c":29.03,"lst_k":302.18,"lst_day_dn":15109,"qc_day":0,"lst_night_c":null,"lst_night_k":null,"lst_night_dn":0,"qc_night":2,"modis_row":820,"modis_col":695,"source_product":"MOD11A2.061","composite_start":"2026-09-14","units":"degC","scale_factor":0.02},"geometry":{"type":"Polygon","coordinates":[[[77.83790154235339,13.166666665484252],[77.84645986027998,13.166666665484252],[77.84381209869395,13.158333332151667],[77.83525407185813,13.158333332151667],[77.83790154235339,13.166666665484252]]]}},{"type":"Feature","properties":{"lst_c":28.91,"lst_k":302.06,"lst_day_dn":15103,"qc_day":0,"lst_night_c":null,"lst_night_k":null,"lst_night_dn":0,"qc_night":2,"modis_row":820,"modis_col":696,"source_product":"MOD11A2.061","composite_start":"2026-09-14","units":"degC","scale_factor":0.02},"geometry":{"type":"Polygon","coordinates":[[[77.84645986027998,13.166666665484252],[77.85501817820656,13.166666665484252],[77.85237012552977,13.158333332151667],[77.84381209869395,13.158333332151667],[77.84645986027998,13.166666665484252]]]}},{"type":"Feature","properties":{"lst_c":29.03,"lst_k":302.18,"lst_day_dn":15109,"qc_day":0,"lst_night_c":21.71,"lst_night_k":294.86,"lst_night_dn":14743,"qc_night":0,"modis_row":821,"modis_col":653,"source_product":"MOD11A2.061","composite_start":"2026-09-14","units":"degC","scale_factor":0.02},"geometry":{"type":"Polygon","coordinates":[[[77.47581694475333,13.158333332151667],[77.48437497158916,13.158333332151667],[77.48174125408407,13.149999998819084],[77.47318351813819,13.149999998819084],[77.47581694475333,13.158333332151667]]]}},{"type":"Feature","properties":{"lst_c":27.91,"lst_k":301.06,"lst_day_dn":15053,"qc_day":0,"lst_night_c":24.01,"lst_night_k":297.16,"lst_night_dn":14858,"qc_night":0,"modis_row":821,"modis_col":654,"source_product":"MOD11A2.061","composite_start":"2026-09-14","units":"degC","scale_factor":0.02},"geometry":{"type":"Polygon","coordinates":[[[77.48437497158916,13.158333332151667],[77.492932998425,13.158333332151667],[77.49029899002997,13.149999998819084],[77.48174125408407,13.149999998819084],[77.48437497158916,13.158333332151667]]]}},{"type":"Feature","properties":{"lst_c":27.49,"lst_k":300.64,"lst_day_dn":15032,"qc_day":0,"lst_night_c":23.97,"lst_night_k":297.12,"lst_night_dn":14856,"qc_night":0,"modis_row":821,"modis_col":655,"source_product":"MOD11A2.061","composite_start":"2026-09-14","units":"degC","scale_factor":0.02},"geometry":{"type":"Polygon","coordinates":[[[77.492932998425,13.158333332151667],[77.50149102526082,13.158333332151667],[77.49885672597586,13.149999998819084],[77.49029899002997,13.149999998819084],[77.492932998425,13.158333332151667]]]}},{"type":"Feature","properties":{"lst_c":28.97,"lst_k":302.12,"lst_day_dn":15106,"qc_day":0,"lst_night_c":22.47,"lst_night_k":295.62,"lst_night_dn":14781,"qc_night":0,"modis_row":821,"modis_col":656,"source_product":"MOD11A2.061","composite_start":"2026-09-14","units":"degC","scale_factor":0.02},"geometry":{"type":"Polygon","coordinates":[[[77.50149102526082,13.158333332151667],[77.51004905209665,13.158333332151667],[77.50741446192174,13.149999998819084],[77.49885672597586,13.149999998819084],[77.50149102526082,13.158333332151667]]]}},{"type":"Feature","properties":{"lst_c":29.85,"lst_k":303.0,"lst_day_dn":15150,"qc_day":0,"lst_night_c":22.01,"lst_night_k":295.16,"lst_night_dn":14758,"qc_night":0,"modis_row":821,"modis_col":657,"source_product":"MOD11A2.061","composite_start":"2026-09-14","units":"degC","scale_factor":0.02},"geometry":{"type":"Polygon","coordinates":[[[77.51004905209665,13.158333332151667],[77.51860707893249,13.158333332151667],[77.51597219786764,13.149999998819084],[77.50741446192174,13.149999998819084],[77.51004905209665,13.158333332151667]]]}},{"type":"Feature","properties":{"lst_c":30.09,"lst_k":303.24,"lst_day_dn":15162,"qc_day":0,"lst_night_c":22.29,"lst_night_k":295.44,"lst_night_dn":14772,"qc_night":0,"modis_row":821,"modis_col":658,"source_product":"MOD11A2.061","composite_start":"2026-09-14","units":"degC","scale_factor":0.02},"geometry":{"type":"Polygon","coordinates":[[[77.51860707893249,13.158333332151667],[77.52716510576832,13.158333332151667],[77.52452993381354,13.149999998819084],[77.51597219786764,13.149999998819084],[77.51860707893249,13.158333332151667]]]}},{"type":"Feature","properties":{"lst_c":30.33,"lst_k":303.48,"lst_day_dn":15174,"qc_day":0,"lst_night_c":22.83,"lst_night_k":295.98,"lst_night_dn":14799,"qc_night":0,"modis_row":821,"modis_col":659,"source_product":"MOD11A2.061","composite_start":"2026-09-14","units":"degC","scale_factor":0.02},"geometry":{"type":"Polygon","coordinates":[[[77.52716510576832,13.158333332151667],[77.53572313260413,13.158333332151667],[77.5330876697594,13.149999998819084],[77.52452993381354,13.149999998819084],[77.52716510576832,13.158333332151667]]]}},{"type":"Feature","properties":{"lst_c":31.45,"lst_k":304.6,"lst_day_dn":15230,"qc_day":0,"lst_night_c":23.13,"lst_night_k":296.28,"lst_night_dn":14814,"qc_night":0,"modis_row":821,"modis_col":660,"source_product":"MOD11A2.061","composite_start":"2026-09-14","units":"degC","scale_factor":0.02},"geometry":{"type":"Polygon","coordinates":[[[77.53572313260413,13.158333332151667],[77.54428115943995,13.158333332151667],[77.5416454057053,13.149999998819084],[77.5330876697594,13.149999998819084],[77.53572313260413,13.158333332151667]]]}},{"type":"Feature","properties":{"lst_c":31.27,"lst_k":304.42,"lst_day_dn":15221,"qc_day":0,"lst_night_c":22.83,"lst_night_k":295.98,"lst_night_dn":14799,"qc_night":0,"modis_row":821,"modis_col":661,"source_product":"MOD11A2.061","composite_start":"2026-09-14","units":"degC","scale_factor":0.02},"geometry":{"type":"Polygon","coordinates":[[[77.54428115943995,13.158333332151667],[77.55283918627578,13.158333332151667],[77.55020314165118,13.149999998819084],[77.5416454057053,13.149999998819084],[77.54428115943995,13.158333332151667]]]}},{"type":"Feature","properties":{"lst_c":30.97,"lst_k":304.12,"lst_day_dn":15206,"qc_day":0,"lst_night_c":22.53,"lst_night_k":295.68,"lst_night_dn":14784,"qc_night":0,"modis_row":821,"modis_col":662,"source_product":"MOD11A2.061","composite_start":"2026-09-14","units":"degC","scale_factor":0.02},"geometry":{"type":"Polygon","coordinates":[[[77.55283918627578,13.158333332151667],[77.56139721311162,13.158333332151667],[77.55876087759708,13.149999998819084],[77.55020314165118,13.149999998819084],[77.55283918627578,13.158333332151667]]]}},{"type":"Feature","properties":{"lst_c":30.75,"lst_k":303.9,"lst_day_dn":15195,"qc_day":0,"lst_night_c":22.93,"lst_night_k":296.08,"lst_night_dn":14804,"qc_night":0,"modis_row":821,"modis_col":663,"source_product":"MOD11A2.061","composite_start":"2026-09-14","units":"degC","scale_factor":0.02},"geometry":{"type":"Polygon","coordinates":[[[77.56139721311162,13.158333332151667],[77.56995523994745,13.158333332151667],[77.56731861354297,13.149999998819084],[77.55876087759708,13.149999998819084],[77.56139721311162,13.158333332151667]]]}},{"type":"Feature","properties":{"lst_c":30.61,"lst_k":303.76,"lst_day_dn":15188,"qc_day":0,"lst_night_c":23.09,"lst_night_k":296.24,"lst_night_dn":14812,"qc_night":0,"modis_row":821,"modis_col":664,"source_product":"MOD11A2.061","composite_start":"2026-09-14","units":"degC","scale_factor":0.02},"geometry":{"type":"Polygon","coordinates":[[[77.56995523994745,13.158333332151667],[77.57851326678326,13.158333332151667],[77.57587634948885,13.149999998819084],[77.56731861354297,13.149999998819084],[77.56995523994745,13.158333332151667]]]}},{"type":"Feature","properties":{"lst_c":30.07,"lst_k":303.22,"lst_day_dn":15161,"qc_day":0,"lst_night_c":22.55,"lst_night_k":295.7,"lst_night_dn":14785,"qc_night":0,"modis_row":821,"modis_col":665,"source_product":"MOD11A2.061","composite_start":"2026-09-14","units":"degC","scale_factor":0.02},"geometry":{"type":"Polygon","coordinates":[[[77.57851326678326,13.158333332151667],[77.5870712936191,13.158333332151667],[77.58443408543475,13.149999998819084],[77.57587634948885,13.149999998819084],[77.57851326678326,13.158333332151667]]]}},{"type":"Feature","properties":{"lst_c":30.95,"lst_k":304.1,"lst_day_dn":15205,"qc_day":0,"lst_night_c":21.93,"lst_night_k":295.08,"lst_night_dn":14754,"qc_night":0,"modis_row":821,"modis_col":666,"source_product":"MOD11A2.061","composite_start":"2026-09-14","units":"degC","scale_factor":0.02},"geometry":{"type":"Polygon","coordinates":[[[77.5870712936191,13.158333332151667],[77.59562932045493,13.158333332151667],[77.59299182138064,13.149999998819084],[77.58443408543475,13.149999998819084],[77.5870712936191,13.158333332151667]]]}},{"type":"Feature","properties":{"lst_c":30.91,"lst_k":304.06,"lst_day_dn":15203,"qc_day":0,"lst_night_c":21.63,"lst_night_k":294.78,"lst_night_dn":14739,"qc_night":0,"modis_row":821,"modis_col":667,"source_product":"MOD11A2.061","composite_start":"2026-09-14","units":"degC","scale_factor":0.02},"geometry":{"type":"Polygon","coordinates":[[[77.59562932045493,13.158333332151667],[77.60418734729076,13.158333332151667],[77.60154955732652,13.149999998819084],[77.59299182138064,13.149999998819084],[77.59562932045493,13.158333332151667]]]}},{"type":"Feature","properties":{"lst_c":30.19,"lst_k":303.34,"lst_day_dn":15167,"qc_day":0,"lst_night_c":21.99,"lst_night_k":295.14,"lst_night_dn":14757,"qc_night":0,"modis_row":821,"modis_col":668,"source_product":"MOD11A2.061","composite_start":"2026-09-14","units":"degC","scale_factor":0.02},"geometry":{"type":"Polygon","coordinates":[[[77.60418734729076,13.158333332151667],[77.61274537412659,13.158333332151667],[77.61010729327242,13.149999998819084],[77.60154955732652,13.149999998819084],[77.60418734729076,13.158333332151667]]]}},{"type":"Feature","properties":{"lst_c":29.67,"lst_k":302.82,"lst_day_dn":15141,"qc_day":0,"lst_night_c":22.49,"lst_night_k":295.64,"lst_night_dn":14782,"qc_night":0,"modis_row":821,"modis_col":669,"source_product":"MOD11A2.061","composite_start":"2026-09-14","units":"degC","scale_factor":0.02},"geometry":{"type":"Polygon","coordinates":[[[77.61274537412659,13.158333332151667],[77.62130340096242,13.158333332151667],[77.6186650292183,13.149999998819084],[77.61010729327242,13.149999998819084],[77.61274537412659,13.158333332151667]]]}},{"type":"Feature","properties":{"lst_c":29.59,"lst_k":302.74,"lst_day_dn":15137,"qc_day":0,"lst_night_c":22.55,"lst_night_k":295.7,"lst_night_dn":14785,"qc_night":0,"modis_row":821,"modis_col":670,"source_product":"MOD11A2.061","composite_start":"2026-09-14","units":"degC","scale_factor":0.02},"geometry":{"type":"Polygon","coordinates":[[[77.62130340096242,13.158333332151667],[77.62986142779825,13.158333332151667],[77.62722276516419,13.149999998819084],[77.6186650292183,13.149999998819084],[77.62130340096242,13.158333332151667]]]}},{"type":"Feature","properties":{"lst_c":29.47,"lst_k":302.62,"lst_day_dn":15131,"qc_day":0,"lst_night_c":22.15,"lst_night_k":295.3,"lst_night_dn":14765,"qc_night":0,"modis_row":821,"modis_col":671,"source_product":"MOD11A2.061","composite_start":"2026-09-14","units":"degC","scale_factor":0.02},"geometry":{"type":"Polygon","coordinates":[[[77.62986142779825,13.158333332151667],[77.63841945463408,13.158333332151667],[77.63578050111009,13.149999998819084],[77.62722276516419,13.149999998819084],[77.62986142779825,13.158333332151667]]]}},{"type":"Feature","properties":{"lst_c":29.41,"lst_k":302.56,"lst_day_dn":15128,"qc_day":0,"lst_night_c":22.43,"lst_night_k":295.58,"lst_night_dn":14779,"qc_night":0,"modis_row":821,"modis_col":672,"source_product":"MOD11A2.061","composite_start":"2026-09-14","units":"degC","scale_factor":0.02},"geometry":{"type":"Polygon","coordinates":[[[77.63841945463408,13.158333332151667],[77.6469774814699,13.158333332151667],[77.64433823705599,13.149999998819084],[77.63578050111009,13.149999998819084],[77.63841945463408,13.158333332151667]]]}},{"type":"Feature","properties":{"lst_c":30.31,"lst_k":303.46,"lst_day_dn":15173,"qc_day":0,"lst_night_c":22.49,"lst_night_k":295.64,"lst_night_dn":14782,"qc_night":0,"modis_row":821,"modis_col":673,"source_product":"MOD11A2.061","composite_start":"2026-09-14","units":"degC","scale_factor":0.02},"geometry":{"type":"Polygon","coordinates":[[[77.6469774814699,13.158333332151667],[77.65553550830573,13.158333332151667],[77.65289597300186,13.149999998819084],[77.64433823705599,13.149999998819084],[77.6469774814699,13.158333332151667]]]}},{"type":"Feature","properties":{"lst_c":30.91,"lst_k":304.06,"lst_day_dn":15203,"qc_day":0,"lst_night_c":22.51,"lst_night_k":295.66,"lst_night_dn":14783,"qc_night":0,"modis_row":821,"modis_col":674,"source_product":"MOD11A2.061","composite_start":"2026-09-14","units":"degC","scale_factor":0.02},"geometry":{"type":"Polygon","coordinates":[[[77.65553550830573,13.158333332151667],[77.66409353514155,13.158333332151667],[77.66145370894775,13.149999998819084],[77.65289597300186,13.149999998819084],[77.65553550830573,13.158333332151667]]]}},{"type":"Feature","properties":{"lst_c":30.71,"lst_k":303.86,"lst_day_dn":15193,"qc_day":0,"lst_night_c":22.39,"lst_night_k":295.54,"lst_night_dn":14777,"qc_night":0,"modis_row":821,"modis_col":675,"source_product":"MOD11A2.061","composite_start":"2026-09-14","units":"degC","scale_factor":0.02},"geometry":{"type":"Polygon","coordinates":[[[77.66409353514155,13.158333332151667],[77.67265156197737,13.158333332151667],[77.67001144489365,13.149999998819084],[77.66145370894775,13.149999998819084],[77.66409353514155,13.158333332151667]]]}},{"type":"Feature","properties":{"lst_c":30.57,"lst_k":303.72,"lst_day_dn":15186,"qc_day":0,"lst_night_c":22.29,"lst_night_k":295.44,"lst_night_dn":14772,"qc_night":0,"modis_row":821,"modis_col":676,"source_product":"MOD11A2.061","composite_start":"2026-09-14","units":"degC","scale_factor":0.02},"geometry":{"type":"Polygon","coordinates":[[[77.67265156197737,13.158333332151667],[77.68120958881322,13.158333332151667],[77.67856918083953,13.149999998819084],[77.67001144489365,13.149999998819084],[77.67265156197737,13.158333332151667]]]}},{"type":"Feature","properties":{"lst_c":30.87,"lst_k":304.02,"lst_day_dn":15201,"qc_day":0,"lst_night_c":22.01,"lst_night_k":295.16,"lst_night_dn":14758,"qc_night":65,"modis_row":821,"modis_col":677,"source_product":"MOD11A2.061","composite_start":"2026-09-14","units":"degC","scale_factor":0.02},"geometry":{"type":"Polygon","coordinates":[[[77.68120958881322,13.158333332151667],[77.68976761564903,13.158333332151667],[77.68712691678542,13.149999998819084],[77.67856918083953,13.149999998819084],[77.68120958881322,13.158333332151667]]]}},{"type":"Feature","properties":{"lst_c":28.09,"lst_k":301.24,"lst_day_dn":15062,"qc_day":0,"lst_night_c":20.81,"lst_night_k":293.96,"lst_night_dn":14698,"qc_night":65,"modis_row":821,"modis_col":678,"source_product":"MOD11A2.061","composite_start":"2026-09-14","units":"degC","scale_factor":0.02},"geometry":{"type":"Polygon","coordinates":[[[77.68976761564903,13.158333332151667],[77.69832564248486,13.158333332151667],[77.69568465273132,13.149999998819084],[77.68712691678542,13.149999998819084],[77.68976761564903,13.158333332151667]]]}},{"type":"Feature","properties":{"lst_c":27.77,"lst_k":300.92,"lst_day_dn":15046,"qc_day":0,"lst_night_c":19.77,"lst_night_k":292.92,"lst_night_dn":14646,"qc_night":65,"modis_row":821,"modis_col":679,"source_product":"MOD11A2.061","composite_start":"2026-09-14","units":"degC","scale_factor":0.02},"geometry":{"type":"Polygon","coordinates":[[[77.69832564248486,13.158333332151667],[77.70688366932069,13.158333332151667],[77.7042423886772,13.149999998819084],[77.69568465273132,13.149999998819084],[77.69832564248486,13.158333332151667]]]}},{"type":"Feature","properties":{"lst_c":28.97,"lst_k":302.12,"lst_day_dn":15106,"qc_day":0,"lst_night_c":18.81,"lst_night_k":291.96,"lst_night_dn":14598,"qc_night":65,"modis_row":821,"modis_col":680,"source_product":"MOD11A2.061","composite_start":"2026-09-14","units":"degC","scale_factor":0.02},"geometry":{"type":"Polygon","coordinates":[[[77.70688366932069,13.158333332151667],[77.71544169615653,13.158333332151667],[77.71280012462309,13.149999998819084],[77.7042423886772,13.149999998819084],[77.70688366932069,13.158333332151667]]]}},{"type":"Feature","properties":{"lst_c":28.61,"lst_k":301.76,"lst_day_dn":15088,"qc_day":0,"lst_night_c":18.65,"lst_night_k":291.8,"lst_night_dn":14590,"qc_night":65,"modis_row":821,"modis_col":681,"source_product":"MOD11A2.061","composite_start":"2026-09-14","units":"degC","scale_factor":0.02},"geometry":{"type":"Polygon","coordinates":[[[77.71544169615653,13.158333332151667],[77.72399972299235,13.158333332151667],[77.72135786056899,13.149999998819084],[77.71280012462309,13.149999998819084],[77.71544169615653,13.158333332151667]]]}},{"type":"Feature","properties":{"lst_c":28.45,"lst_k":301.6,"lst_day_dn":15080,"qc_day":0,"lst_night_c":null,"lst_night_k":null,"lst_night_dn":0,"qc_night":2,"modis_row":821,"modis_col":682,"source_product":"MOD11A2.061","composite_start":"2026-09-14","units":"degC","scale_factor":0.02},"geometry":{"type":"Polygon","coordinates":[[[77.72399972299235,13.158333332151667],[77.73255774982817,13.158333332151667],[77.72991559651487,13.149999998819084],[77.72135786056899,13.149999998819084],[77.72399972299235,13.158333332151667]]]}},{"type":"Feature","properties":{"lst_c":28.25,"lst_k":301.4,"lst_day_dn":15070,"qc_day":0,"lst_night_c":null,"lst_night_k":null,"lst_night_dn":0,"qc_night":2,"modis_row":821,"modis_col":683,"source_product":"MOD11A2.061","composite_start":"2026-09-14","units":"degC","scale_factor":0.02},"geometry":{"type":"Polygon","coordinates":[[[77.73255774982817,13.158333332151667],[77.74111577666402,13.158333332151667],[77.73847333246077,13.149999998819084],[77.72991559651487,13.149999998819084],[77.73255774982817,13.158333332151667]]]}},{"type":"Feature","properties":{"lst_c":27.89,"lst_k":301.04,"lst_day_dn":15052,"qc_day":0,"lst_night_c":null,"lst_night_k":null,"lst_night_dn":0,"qc_night":2,"modis_row":821,"modis_col":684,"source_product":"MOD11A2.061","composite_start":"2026-09-14","units":"degC","scale_factor":0.02},"geometry":{"type":"Polygon","coordinates":[[[77.74111577666402,13.158333332151667],[77.74967380349985,13.158333332151667],[77.74703106840666,13.149999998819084],[77.73847333246077,13.149999998819084],[77.74111577666402,13.158333332151667]]]}},{"type":"Feature","properties":{"lst_c":27.67,"lst_k":300.82,"lst_day_dn":15041,"qc_day":0,"lst_night_c":null,"lst_night_k":null,"lst_night_dn":0,"qc_night":2,"modis_row":821,"modis_col":685,"source_product":"MOD11A2.061","composite_start":"2026-09-14","units":"degC","scale_factor":0.02},"geometry":{"type":"Polygon","coordinates":[[[77.74967380349985,13.158333332151667],[77.75823183033567,13.158333332151667],[77.75558880435254,13.149999998819084],[77.74703106840666,13.149999998819084],[77.74967380349985,13.158333332151667]]]}},{"type":"Feature","properties":{"lst_c":27.75,"lst_k":300.9,"lst_day_dn":15045,"qc_day":0,"lst_night_c":null,"lst_night_k":null,"lst_night_dn":0,"qc_night":2,"modis_row":821,"modis_col":686,"source_product":"MOD11A2.061","composite_start":"2026-09-14","units":"degC","scale_factor":0.02},"geometry":{"type":"Polygon","coordinates":[[[77.75823183033567,13.158333332151667],[77.7667898571715,13.158333332151667],[77.76414654029844,13.149999998819084],[77.75558880435254,13.149999998819084],[77.75823183033567,13.158333332151667]]]}},{"type":"Feature","properties":{"lst_c":28.85,"lst_k":302.0,"lst_day_dn":15100,"qc_day":0,"lst_night_c":null,"lst_night_k":null,"lst_night_dn":0,"qc_night":2,"modis_row":821,"modis_col":687,"source_product":"MOD11A2.061","composite_start":"2026-09-14","units":"degC","scale_factor":0.02},"geometry":{"type":"Polygon","coordinates":[[[77.7667898571715,13.158333332151667],[77.77534788400733,13.158333332151667],[77.77270427624433,13.149999998819084],[77.76414654029844,13.149999998819084],[77.7667898571715,13.158333332151667]]]}},{"type":"Feature","properties":{"lst_c":29.13,"lst_k":302.28,"lst_day_dn":15114,"qc_day":0,"lst_night_c":null,"lst_night_k":null,"lst_night_dn":0,"qc_night":2,"modis_row":821,"modis_col":688,"source_product":"MOD11A2.061","composite_start":"2026-09-14","units":"degC","scale_factor":0.02},"geometry":{"type":"Polygon","coordinates":[[[77.77534788400733,13.158333332151667],[77.78390591084316,13.158333332151667],[77.78126201219021,13.149999998819084],[77.77270427624433,13.149999998819084],[77.77534788400733,13.158333332151667]]]}},{"type":"Feature","properties":{"lst_c":29.07,"lst_k":302.22,"lst_day_dn":15111,"qc_day":0,"lst_night_c":null,"lst_night_k":null,"lst_night_dn":0,"qc_night":2,"modis_row":821,"modis_col":689,"source_product":"MOD11A2.061","composite_start":"2026-09-14","units":"degC","scale_factor":0.02},"geometry":{"type":"Polygon","coordinates":[[[77.78390591084316,13.158333332151667],[77.79246393767897,13.158333332151667],[77.7898197481361,13.149999998819084],[77.78126201219021,13.149999998819084],[77.78390591084316,13.158333332151667]]]}},{"type":"Feature","properties":{"lst_c":28.83,"lst_k":301.98,"lst_day_dn":15099,"qc_day":0,"lst_night_c":null,"lst_night_k":null,"lst_night_dn":0,"qc_night":2,"modis_row":821,"modis_col":690,"source_product":"MOD11A2.061","composite_start":"2026-09-14","units":"degC","scale_factor":0.02},"geometry":{"type":"Polygon","coordinates":[[[77.79246393767897,13.158333332151667],[77.8010219645148,13.158333332151667],[77.79837748408198,13.149999998819084],[77.7898197481361,13.149999998819084],[77.79246393767897,13.158333332151667]]]}},{"type":"Feature","properties":{"lst_c":28.61,"lst_k":301.76,"lst_day_dn":15088,"qc_day":0,"lst_night_c":null,"lst_night_k":null,"lst_night_dn":0,"qc_night":2,"modis_row":821,"modis_col":691,"source_product":"MOD11A2.061","composite_start":"2026-09-14","units":"degC","scale_factor":0.02},"geometry":{"type":"Polygon","coordinates":[[[77.8010219645148,13.158333332151667],[77.80957999135063,13.158333332151667],[77.80693522002787,13.149999998819084],[77.79837748408198,13.149999998819084],[77.8010219645148,13.158333332151667]]]}},{"type":"Feature","properties":{"lst_c":27.93,"lst_k":301.08,"lst_day_dn":15054,"qc_day":0,"lst_night_c":null,"lst_night_k":null,"lst_night_dn":0,"qc_night":2,"modis_row":821,"modis_col":692,"source_product":"MOD11A2.061","composite_start":"2026-09-14","units":"degC","scale_factor":0.02},"geometry":{"type":"Polygon","coordinates":[[[77.80957999135063,13.158333332151667],[77.81813801818646,13.158333332151667],[77.81549295597377,13.149999998819084],[77.80693522002787,13.149999998819084],[77.80957999135063,13.158333332151667]]]}},{"type":"Feature","properties":{"lst_c":27.85,"lst_k":301.0,"lst_day_dn":15050,"qc_day":0,"lst_night_c":null,"lst_night_k":null,"lst_night_dn":0,"qc_night":2,"modis_row":821,"modis_col":693,"source_product":"MOD11A2.061","composite_start":"2026-09-14","units":"degC","scale_factor":0.02},"geometry":{"type":"Polygon","coordinates":[[[77.81813801818646,13.158333332151667],[77.82669604502229,13.158333332151667],[77.82405069191965,13.149999998819084],[77.81549295597377,13.149999998819084],[77.81813801818646,13.158333332151667]]]}},{"type":"Feature","properties":{"lst_c":28.19,"lst_k":301.34,"lst_day_dn":15067,"qc_day":0,"lst_night_c":null,"lst_night_k":null,"lst_night_dn":0,"qc_night":2,"modis_row":821,"modis_col":694,"source_product":"MOD11A2.061","composite_start":"2026-09-14","units":"degC","scale_factor":0.02},"geometry":{"type":"Polygon","coordinates":[[[77.82669604502229,13.158333332151667],[77.83525407185813,13.158333332151667],[77.83260842786554,13.149999998819084],[77.82405069191965,13.149999998819084],[77.82669604502229,13.158333332151667]]]}},{"type":"Feature","properties":{"lst_c":29.11,"lst_k":302.26,"lst_day_dn":15113,"qc_day":0,"lst_night_c":null,"lst_night_k":null,"lst_night_dn":0,"qc_night":2,"modis_row":821,"modis_col":695,"source_product":"MOD11A2.061","composite_start":"2026-09-14","units":"degC","scale_factor":0.02},"geometry":{"type":"Polygon","coordinates":[[[77.83525407185813,13.158333332151667],[77.84381209869395,13.158333332151667],[77.84116616381144,13.149999998819084],[77.83260842786554,13.149999998819084],[77.83525407185813,13.158333332151667]]]}},{"type":"Feature","properties":{"lst_c":29.15,"lst_k":302.3,"lst_day_dn":15115,"qc_day":0,"lst_night_c":null,"lst_night_k":null,"lst_night_dn":0,"qc_night":2,"modis_row":821,"modis_col":696,"source_product":"MOD11A2.061","composite_start":"2026-09-14","units":"degC","scale_factor":0.02},"geometry":{"type":"Polygon","coordinates":[[[77.84381209869395,13.158333332151667],[77.85237012552977,13.158333332151667],[77.84972389975732,13.149999998819084],[77.84116616381144,13.149999998819084],[77.84381209869395,13.158333332151667]]]}},{"type":"Feature","properties":{"lst_c":30.09,"lst_k":303.24,"lst_day_dn":15162,"qc_day":0,"lst_night_c":22.11,"lst_night_k":295.26,"lst_night_dn":14763,"qc_night":0,"modis_row":822,"modis_col":653,"source_product":"MOD11A2.061","composite_start":"2026-09-14","units":"degC","scale_factor":0.02},"geometry":{"type":"Polygon","coordinates":[[[77.47318351813819,13.149999998819084],[77.48174125408407,13.149999998819084],[77.47910935455101,13.141666665486497],[77.47055190929427,13.141666665486497],[77.47318351813819,13.149999998819084]]]}},{"type":"Feature","properties":{"lst_c":28.79,"lst_k":301.94,"lst_day_dn":15097,"qc_day":0,"lst_night_c":23.21,"lst_night_k":296.36,"lst_night_dn":14818,"qc_night":0,"modis_row":822,"modis_col":654,"source_product":"MOD11A2.061","composite_start":"2026-09-14","units":"degC","scale_factor":0.02},"geometry":{"type":"Polygon","coordinates":[[[77.48174125408407,13.149999998819084],[77.49029899002997,13.149999998819084],[77.48766679980776,13.141666665486497],[77.47910935455101,13.141666665486497],[77.48174125408407,13.149999998819084]]]}},{"type":"Feature","properties":{"lst_c":27.87,"lst_k":301.02,"lst_day_dn":15051,"qc_day":0,"lst_night_c":23.25,"lst_night_k":296.4,"lst_night_dn":14820,"qc_night":0,"modis_row":822,"modis_col":655,"source_product":"MOD11A2.061","composite_start":"2026-09-14","units":"degC","scale_factor":0.02},"geometry":{"type":"Polygon","coordinates":[[[77.49029899002997,13.149999998819084],[77.49885672597586,13.149999998819084],[77.4962242450645,13.141666665486497],[77.48766679980776,13.141666665486497],[77.49029899002997,13.149999998819084]]]}},{"type":"Feature","properties":{"lst_c":29.03,"lst_k":302.18,"lst_day_dn":15109,"qc_day":0,"lst_night_c":22.33,"lst_night_k":295.48,"lst_night_dn":14774,"qc_night":0,"modis_row":822,"modis_col":656,"source_product":"MOD11A2.061","composite_start":"2026-09-14","units":"degC","scale_factor":0.02},"geometry":{"type":"Polygon","coordinates":[[[77.49885672597586,13.149999998819084],[77.50741446192174,13.149999998819084],[77.50478169032124,13.141666665486497],[77.4962242450645,13.141666665486497],[77.49885672597586,13.149999998819084]]]}},{"type":"Feature","properties":{"lst_c":29.17,"lst_k":302.32,"lst_day_dn":15116,"qc_day":0,"lst_night_c":21.81,"lst_night_k":294.96,"lst_night_dn":14748,"qc_night":0,"modis_row":822,"modis_col":657,"source_product":"MOD11A2.061","composite_start":"2026-09-14","units":"degC","scale_factor":0.02},"geometry":{"type":"Polygon","coordinates":[[[77.50741446192174,13.149999998819084],[77.51597219786764,13.149999998819084],[77.51333913557798,13.141666665486497],[77.50478169032124,13.141666665486497],[77.50741446192174,13.149999998819084]]]}},{"type":"Feature","properties":{"lst_c":29.33,"lst_k":302.48,"lst_day_dn":15124,"qc_day":0,"lst_night_c":22.39,"lst_night_k":295.54,"lst_night_dn":14777,"qc_night":0,"modis_row":822,"modis_col":658,"source_product":"MOD11A2.061","composite_start":"2026-09-14","units":"degC","scale_factor":0.02},"geometry":{"type":"Polygon","coordinates":[[[77.51597219786764,13.149999998819084],[77.52452993381354,13.149999998819084],[77.52189658083473,13.141666665486497],[77.51333913557798,13.141666665486497],[77.51597219786764,13.149999998819084]]]}},{"type":"Feature","properties":{"lst_c":29.39,"lst_k":302.54,"lst_day_dn":15127,"qc_day":0,"lst_night_c":22.59,"lst_night_k":295.74,"lst_night_dn":14787,"qc_night":0,"modis_row":822,"modis_col":659,"source_product":"MOD11A2.061","composite_start":"2026-09-14","units":"degC","scale_factor":0.02},"geometry":{"type":"Polygon","coordinates":[[[77.52452993381354,13.149999998819084],[77.5330876697594,13.149999998819084],[77.53045402609145,13.141666665486497],[77.52189658083473,13.141666665486497],[77.52452993381354,13.149999998819084]]]}},{"type":"Feature","properties":{"lst_c":30.91,"lst_k":304.06,"lst_day_dn":15203,"qc_day":0,"lst_night_c":22.71,"lst_night_k":295.86,"lst_night_dn":14793,"qc_night":0,"modis_row":822,"modis_col":660,"source_product":"MOD11A2.061","composite_start":"2026-09-14","units":"degC","scale_factor":0.02},"geometry":{"type":"Polygon","coordinates":[[[77.5330876697594,13.149999998819084],[77.5416454057053,13.149999998819084],[77.5390114713482,13.141666665486497],[77.53045402609145,13.141666665486497],[77.5330876697594,13.149999998819084]]]}},{"type":"Feature","properties":{"lst_c":31.07,"lst_k":304.22,"lst_day_dn":15211,"qc_day":0,"lst_night_c":22.97,"lst_night_k":296.12,"lst_night_dn":14806,"qc_night":0,"modis_row":822,"modis_col":661,"source_product":"MOD11A2.061","composite_start":"2026-09-14","units":"degC","scale_factor":0.02},"geometry":{"type":"Polygon","coordinates":[[[77.5416454057053,13.149999998819084],[77.55020314165118,13.149999998819084],[77.54756891660494,13.141666665486497],[77.5390114713482,13.141666665486497],[77.5416454057053,13.149999998819084]]]}},{"type":"Feature","properties":{"lst_c":31.29,"lst_k":304.44,"lst_day_dn":15222,"qc_day":0,"lst_night_c":22.73,"lst_night_k":295.88,"lst_night_dn":14794,"qc_night":0,"modis_row":822,"modis_col":662,"source_product":"MOD11A2.061","composite_start":"2026-09-14","units":"degC","scale_factor":0.02},"geometry":{"type":"Polygon","coordinates":[[[77.55020314165118,13.149999998819084],[77.55876087759708,13.149999998819084],[77.55612636186169,13.141666665486497],[77.54756891660494,13.141666665486497],[77.55020314165118,13.149999998819084]]]}},{"type":"Feature","properties":{"lst_c":31.33,"lst_k":304.48,"lst_day_dn":15224,"qc_day":0,"lst_night_c":22.51,"lst_night_k":295.66,"lst_night_dn":14783,"qc_night":0,"modis_row":822,"modis_col":663,"source_product":"MOD11A2.061","composite_start":"2026-09-14","units":"degC","scale_factor":0.02},"geometry":{"type":"Polygon","coordinates":[[[77.55876087759708,13.149999998819084],[77.56731861354297,13.149999998819084],[77.56468380711844,13.141666665486497],[77.55612636186169,13.141666665486497],[77.55876087759708,13.149999998819084]]]}},{"type":"Feature","properties":{"lst_c":30.37,"lst_k":303.52,"lst_day_dn":15176,"qc_day":0,"lst_night_c":22.51,"lst_night_k":295.66,"lst_night_dn":14783,"qc_night":0,"modis_row":822,"modis_col":664,"source_product":"MOD11A2.061","composite_start":"2026-09-14","units":"degC","scale_factor":0.02},"geometry":{"type":"Polygon","coordinates":[[[77.56731861354297,13.149999998819084],[77.57587634948885,13.149999998819084],[77.57324125237518,13.141666665486497],[77.56468380711844,13.141666665486497],[77.56731861354297,13.149999998819084]]]}},{"type":"Feature","properties":{"lst_c":29.93,"lst_k":303.08,"lst_day_dn":15154,"qc_day":0,"lst_night_c":22.39,"lst_night_k":295.54,"lst_night_dn":14777,"qc_night":0,"modis_row":822,"modis_col":665,"source_product":"MOD11A2.061","composite_start":"2026-09-14","units":"degC","scale_factor":0.02},"geometry":{"type":"Polygon","coordinates":[[[77.57587634948885,13.149999998819084],[77.58443408543475,13.149999998819084],[77.58179869763192,13.141666665486497],[77.57324125237518,13.141666665486497],[77.57587634948885,13.149999998819084]]]}},{"type":"Feature","properties":{"lst_c":30.57,"lst_k":303.72,"lst_day_dn":15186,"qc_day":0,"lst_night_c":22.53,"lst_night_k":295.68,"lst_night_dn":14784,"qc_night":0,"modis_row":822,"modis_col":666,"source_product":"MOD11A2.061","composite_start":"2026-09-14","units":"degC","scale_factor":0.02},"geometry":{"type":"Polygon","coordinates":[[[77.58443408543475,13.149999998819084],[77.59299182138064,13.149999998819084],[77.59035614288867,13.141666665486497],[77.58179869763192,13.141666665486497],[77.58443408543475,13.149999998819084]]]}},{"type":"Feature","properties":{"lst_c":31.17,"lst_k":304.32,"lst_day_dn":15216,"qc_day":0,"lst_night_c":21.51,"lst_night_k":294.66,"lst_night_dn":14733,"qc_night":0,"modis_row":822,"modis_col":667,"source_product":"MOD11A2.061","composite_start":"2026-09-14","units":"degC","scale_factor":0.02},"geometry":{"type":"Polygon","coordinates":[[[77.59299182138064,13.149999998819084],[77.60154955732652,13.149999998819084],[77.59891358814541,13.141666665486497],[77.59035614288867,13.141666665486497],[77.59299182138064,13.149999998819084]]]}},{"type":"Feature","properties":{"lst_c":30.27,"lst_k":303.42,"lst_day_dn":15171,"qc_day":0,"lst_night_c":22.19,"lst_night_k":295.34,"lst_night_dn":14767,"qc_night":17,"modis_row":822,"modis_col":668,"source_product":"MOD11A2.061","composite_start":"2026-09-14","units":"degC","scale_factor":0.02},"geometry":{"type":"Polygon","coordinates":[[[77.60154955732652,13.149999998819084],[77.61010729327242,13.149999998819084],[77.60747103340215,13.141666665486497],[77.59891358814541,13.141666665486497],[77.60154955732652,13.149999998819084]]]}},{"type":"Feature","properties":{"lst_c":30.07,"lst_k":303.22,"lst_day_dn":15161,"qc_day":0,"lst_night_c":22.57,"lst_night_k":295.72,"lst_night_dn":14786,"qc_night":0,"modis_row":822,"modis_col":669,"source_product":"MOD11A2.061","composite_start":"2026-09-14","units":"degC","scale_factor":0.02},"geometry":{"type":"Polygon","coordinates":[[[77.61010729327242,13.149999998819084],[77.6186650292183,13.149999998819084],[77.6160284786589,13.141666665486497],[77.60747103340215,13.141666665486497],[77.61010729327242,13.149999998819084]]]}},{"type":"Feature","properties":{"lst_c":29.85,"lst_k":303.0,"lst_day_dn":15150,"qc_day":0,"lst_night_c":22.41,"lst_night_k":295.56,"lst_night_dn":14778,"qc_night":0,"modis_row":822,"modis_col":670,"source_product":"MOD11A2.061","composite_start":"2026-09-14","units":"degC","scale_factor":0.02},"geometry":{"type":"Polygon","coordinates":[[[77.6186650292183,13.149999998819084],[77.62722276516419,13.149999998819084],[77.62458592391565,13.141666665486497],[77.6160284786589,13.141666665486497],[77.6186650292183,13.149999998819084]]]}},{"type":"Feature","properties":{"lst_c":29.57,"lst_k":302.72,"lst_day_dn":15136,"qc_day":0,"lst_night_c":22.19,"lst_night_k":295.34,"lst_night_dn":14767,"qc_night":0,"modis_row":822,"modis_col":671,"source_product":"MOD11A2.061","composite_start":"2026-09-14","units":"degC","scale_factor":0.02},"geometry":{"type":"Polygon","coordinates":[[[77.62722276516419,13.149999998819084],[77.63578050111009,13.149999998819084],[77.63314336917239,13.141666665486497],[77.62458592391565,13.141666665486497],[77.62722276516419,13.149999998819084]]]}},{"type":"Feature","properties":{"lst_c":29.31,"lst_k":302.46,"lst_day_dn":15123,"qc_day":0,"lst_night_c":22.41,"lst_night_k":295.56,"lst_night_dn":14778,"qc_night":0,"modis_row":822,"modis_col":672,"source_product":"MOD11A2.061","composite_start":"2026-09-14","units":"degC","scale_factor":0.02},"geometry":{"type":"Polygon","coordinates":[[[77.63578050111009,13.149999998819084],[77.64433823705599,13.149999998819084],[77.64170081442913,13.141666665486497],[77.63314336917239,13.141666665486497],[77.63578050111009,13.149999998819084]]]}},{"type":"Feature","properties":{"lst_c":29.87,"lst_k":303.02,"lst_day_dn":15151,"qc_day":0,"lst_night_c":23.17,"lst_night_k":296.32,"lst_night_dn":14816,"qc_night":0,"modis_row":822,"modis_col":673,"source_product":"MOD11A2.061","composite_start":"2026-09-14","units":"degC","scale_factor":0.02},"geometry":{"type":"Polygon","coordinates":[[[77.64433823705599,13.149999998819084],[77.65289597300186,13.149999998819084],[77.65025825968587,13.141666665486497],[77.64170081442913,13.141666665486497],[77.64433823705599,13.149999998819084]]]}},{"type":"Feature","properties":{"lst_c":30.41,"lst_k":303.56,"lst_day_dn":15178,"qc_day":0,"lst_night_c":23.79,"lst_night_k":296.94,"lst_night_dn":14847,"qc_night":0,"modis_row":822,"modis_col":674,"source_product":"MOD11A2.061","composite_start":"2026-09-14","units":"degC","scale_factor":0.02},"geometry":{"type":"Polygon","coordinates":[[[77.65289597300186,13.149999998819084],[77.66145370894775,13.149999998819084],[77.65881570494261,13.141666665486497],[77.65025825968587,13.141666665486497],[77.65289597300186,13.149999998819084]]]}},{"type":"Feature","properties":{"lst_c":30.69,"lst_k":303.84,"lst_day_dn":15192,"qc_day":0,"lst_night_c":23.07,"lst_night_k":296.22,"lst_night_dn":14811,"qc_night":0,"modis_row":822,"modis_col":675,"source_product":"MOD11A2.061","composite_start":"2026-09-14","units":"degC","scale_factor":0.02},"geometry":{"type":"Polygon","coordinates":[[[77.66145370894775,13.149999998819084],[77.67001144489365,13.149999998819084],[77.66737315019935,13.141666665486497],[77.65881570494261,13.141666665486497],[77.66145370894775,13.149999998819084]]]}},{"type":"Feature","properties":{"lst_c":30.09,"lst_k":303.24,"lst_day_dn":15162,"qc_day":0,"lst_night_c":23.01,"lst_night_k":296.16,"lst_night_dn":14808,"qc_night":0,"modis_row":822,"modis_col":676,"source_product":"MOD11A2.061","composite_start":"2026-09-14","units":"degC","scale_factor":0.02},"geometry":{"type":"Polygon","coordinates":[[[77.67001144489365,13.149999998819084],[77.67856918083953,13.149999998819084],[77.67593059545608,13.141666665486497],[77.66737315019935,13.141666665486497],[77.67001144489365,13.149999998819084]]]}},{"type":"Feature","properties":{"lst_c":29.87,"lst_k":303.02,"lst_day_dn":15151,"qc_day":0,"lst_night_c":22.81,"lst_night_k":295.96,"lst_night_dn":14798,"qc_night":0,"modis_row":822,"modis_col":677,"source_product":"MOD11A2.061","composite_start":"2026-09-14","units":"degC","scale_factor":0.02},"geometry":{"type":"Polygon","coordinates":[[[77.67856918083953,13.149999998819084],[77.68712691678542,13.149999998819084],[77.68448804071284,13.141666665486497],[77.67593059545608,13.141666665486497],[77.67856918083953,13.149999998819084]]]}},{"type":"Feature","properties":{"lst_c":29.53,"lst_k":302.68,"lst_day_dn":15134,"qc_day":0,"lst_night_c":22.05,"lst_night_k":295.2,"lst_night_dn":14760,"qc_night":0,"modis_row":822,"modis_col":678,"source_product":"MOD11A2.061","composite_start":"2026-09-14","units":"degC","scale_factor":0.02},"geometry":{"type":"Polygon","coordinates":[[[77.68712691678542,13.149999998819084],[77.69568465273132,13.149999998819084],[77.69304548596958,13.141666665486497],[77.68448804071284,13.141666665486497],[77.68712691678542,13.149999998819084]]]}},{"type":"Feature","properties":{"lst_c":27.71,"lst_k":300.86,"lst_day_dn":15043,"qc_day":0,"lst_night_c":20.83,"lst_night_k":293.98,"lst_night_dn":14699,"qc_night":0,"modis_row":822,"modis_col":679,"source_product":"MOD11A2.061","composite_start":"2026-09-14","units":"degC","scale_factor":0.02},"geometry":{"type":"Polygon","coordinates":[[[77.69568465273132,13.149999998819084],[77.7042423886772,13.149999998819084],[77.70160293122632,13.141666665486497],[77.69304548596958,13.141666665486497],[77.69568465273132,13.149999998819084]]]}},{"type":"Feature","properties":{"lst_c":27.55,"lst_k":300.7,"lst_day_dn":15035,"qc_day":0,"lst_night_c":19.55,"lst_night_k":292.7,"lst_night_dn":14635,"qc_night":65,"modis_row":822,"modis_col":680,"source_product":"MOD11A2.061","composite_start":"2026-09-14","units":"degC","scale_factor":0.02},"geometry":{"type":"Polygon","coordinates":[[[77.7042423886772,13.149999998819084],[77.71280012462309,13.149999998819084],[77.71016037648307,13.141666665486497],[77.70160293122632,13.141666665486497],[77.7042423886772,13.149999998819084]]]}},{"type":"Feature","properties":{"lst_c":27.51,"lst_k":300.66,"lst_day_dn":15033,"qc_day":0,"lst_night_c":18.19,"lst_night_k":291.34,"lst_night_dn":14567,"qc_night":65,"modis_row":822,"modis_col":681,"source_product":"MOD11A2.061","composite_start":"2026-09-14","units":"degC","scale_factor":0.02},"geometry":{"type":"Polygon","coordinates":[[[77.71280012462309,13.149999998819084],[77.72135786056899,13.149999998819084],[77.71871782173982,13.141666665486497],[77.71016037648307,13.141666665486497],[77.71280012462309,13.149999998819084]]]}},{"type":"Feature","properties":{"lst_c":27.91,"lst_k":301.06,"lst_day_dn":15053,"qc_day":0,"lst_night_c":17.71,"lst_night_k":290.86,"lst_night_dn":14543,"qc_night":65,"modis_row":822,"modis_col":682,"source_product":"MOD11A2.061","composite_start":"2026-09-14","units":"degC","scale_factor":0.02},"geometry":{"type":"Polygon","coordinates":[[[77.72135786056899,13.149999998819084],[77.72991559651487,13.149999998819084],[77.72727526699656,13.141666665486497],[77.71871782173982,13.141666665486497],[77.72135786056899,13.149999998819084]]]}},{"type":"Feature","properties":{"lst_c":27.87,"lst_k":301.02,"lst_day_dn":15051,"qc_day":0,"lst_night_c":null,"lst_night_k":null,"lst_night_dn":0,"qc_night":2,"modis_row":822,"modis_col":683,"source_product":"MOD11A2.061","composite_start":"2026-09-14","units":"degC","scale_factor":0.02},"geometry":{"type":"Polygon","coordinates":[[[77.72991559651487,13.149999998819084],[77.73847333246077,13.149999998819084],[77.7358327122533,13.141666665486497],[77.72727526699656,13.141666665486497],[77.72991559651487,13.149999998819084]]]}},{"type":"Feature","properties":{"lst_c":27.97,"lst_k":301.12,"lst_day_dn":15056,"qc_day":0,"lst_night_c":null,"lst_night_k":null,"lst_night_dn":0,"qc_night":2,"modis_row":822,"modis_col":684,"source_product":"MOD11A2.061","composite_start":"2026-09-14","units":"degC","scale_factor":0.02},"geometry":{"type":"Polygon","coordinates":[[[77.73847333246077,13.149999998819084],[77.74703106840666,13.149999998819084],[77.74439015751004,13.141666665486497],[77.7358327122533,13.141666665486497],[77.73847333246077,13.149999998819084]]]}},{"type":"Feature","properties":{"lst_c":27.61,"lst_k":300.76,"lst_day_dn":15038,"qc_day":0,"lst_night_c":null,"lst_night_k":null,"lst_night_dn":0,"qc_night":2,"modis_row":822,"modis_col":685,"source_product":"MOD11A2.061","composite_start":"2026-09-14","units":"degC","scale_factor":0.02},"geometry":{"type":"Polygon","coordinates":[[[77.74703106840666,13.149999998819084],[77.75558880435254,13.149999998819084],[77.75294760276678,13.141666665486497],[77.74439015751004,13.141666665486497],[77.74703106840666,13.149999998819084]]]}},{"type":"Feature","properties":{"lst_c":27.83,"lst_k":300.98,"lst_day_dn":15049,"qc_day":0,"lst_night_c":null,"lst_night_k":null,"lst_night_dn":0,"qc_night":2,"modis_row":822,"modis_col":686,"source_product":"MOD11A2.061","composite_start":"2026-09-14","units":"degC","scale_factor":0.02},"geometry":{"type":"Polygon","coordinates":[[[77.75558880435254,13.149999998819084],[77.76414654029844,13.149999998819084],[77.76150504802354,13.141666665486497],[77.75294760276678,13.141666665486497],[77.75558880435254,13.149999998819084]]]}},{"type":"Feature","properties":{"lst_c":28.71,"lst_k":301.86,"lst_day_dn":15093,"qc_day":0,"lst_night_c":null,"lst_night_k":null,"lst_night_dn":0,"qc_night":2,"modis_row":822,"modis_col":687,"source_product":"MOD11A2.061","composite_start":"2026-09-14","units":"degC","scale_factor":0.02},"geometry":{"type":"Polygon","coordinates":[[[77.76414654029844,13.149999998819084],[77.77270427624433,13.149999998819084],[77.77006249328028,13.141666665486497],[77.76150504802354,13.141666665486497],[77.76414654029844,13.149999998819084]]]}},{"type":"Feature","properties":{"lst_c":29.27,"lst_k":302.42,"lst_day_dn":15121,"qc_day":0,"lst_night_c":null,"lst_night_k":null,"lst_night_dn":0,"qc_night":2,"modis_row":822,"modis_col":688,"source_product":"MOD11A2.061","composite_start":"2026-09-14","units":"degC","scale_factor":0.02},"geometry":{"type":"Polygon","coordinates":[[[77.77270427624433,13.149999998819084],[77.78126201219021,13.149999998819084],[77.77861993853702,13.141666665486497],[77.77006249328028,13.141666665486497],[77.77270427624433,13.149999998819084]]]}},{"type":"Feature","properties":{"lst_c":29.01,"lst_k":302.16,"lst_day_dn":15108,"qc_day":0,"lst_night_c":null,"lst_night_k":null,"lst_night_dn":0,"qc_night":2,"modis_row":822,"modis_col":689,"source_product":"MOD11A2.061","composite_start":"2026-09-14","units":"degC","scale_factor":0.02},"geometry":{"type":"Polygon","coordinates":[[[77.78126201219021,13.149999998819084],[77.7898197481361,13.149999998819084],[77.78717738379375,13.141666665486497],[77.77861993853702,13.141666665486497],[77.78126201219021,13.149999998819084]]]}},{"type":"Feature","properties":{"lst_c":28.99,"lst_k":302.14,"lst_day_dn":15107,"qc_day":0,"lst_night_c":null,"lst_night_k":null,"lst_night_dn":0,"qc_night":2,"modis_row":822,"modis_col":690,"source_product":"MOD11A2.061","composite_start":"2026-09-14","units":"degC","scale_factor":0.02},"geometry":{"type":"Polygon","coordinates":[[[77.7898197481361,13.149999998819084],[77.79837748408198,13.149999998819084],[77.79573482905049,13.141666665486497],[77.78717738379375,13.141666665486497],[77.7898197481361,13.149999998819084]]]}},{"type":"Feature","properties":{"lst_c":28.95,"lst_k":302.1,"lst_day_dn":15105,"qc_day":0,"lst_night_c":null,"lst_night_k":null,"lst_night_dn":0,"qc_night":2,"modis_row":822,"modis_col":691,"source_product":"MOD11A2.061","composite_start":"2026-09-14","units":"degC","scale_factor":0.02},"geometry":{"type":"Polygon","coordinates":[[[77.79837748408198,13.149999998819084],[77.80693522002787,13.149999998819084],[77.80429227430724,13.141666665486497],[77.79573482905049,13.141666665486497],[77.79837748408198,13.149999998819084]]]}},{"type":"Feature","properties":{"lst_c":28.63,"lst_k":301.78,"lst_day_dn":15089,"qc_day":0,"lst_night_c":null,"lst_night_k":null,"lst_night_dn":0,"qc_night":2,"modis_row":822,"modis_col":692,"source_product":"MOD11A2.061","composite_start":"2026-09-14","units":"degC","scale_factor":0.02},"geometry":{"type":"Polygon","coordinates":[[[77.80693522002787,13.149999998819084],[77.81549295597377,13.149999998819084],[77.81284971956399,13.141666665486497],[77.80429227430724,13.141666665486497],[77.80693522002787,13.149999998819084]]]}},{"type":"Feature","properties":{"lst_c":28.39,"lst_k":301.54,"lst_day_dn":15077,"qc_day":0,"lst_night_c":null,"lst_night_k":null,"lst_night_dn":0,"qc_night":2,"modis_row":822,"modis_col":693,"source_product":"MOD11A2.061","composite_start":"2026-09-14","units":"degC","scale_factor":0.02},"geometry":{"type":"Polygon","coordinates":[[[77.81549295597377,13.149999998819084],[77.82405069191965,13.149999998819084],[77.82140716482073,13.141666665486497],[77.81284971956399,13.141666665486497],[77.81549295597377,13.149999998819084]]]}},{"type":"Feature","properties":{"lst_c":28.39,"lst_k":301.54,"lst_day_dn":15077,"qc_day":0,"lst_night_c":null,"lst_night_k":null,"lst_night_dn":0,"qc_night":2,"modis_row":822,"modis_col":694,"source_product":"MOD11A2.061","composite_start":"2026-09-14","units":"degC","scale_factor":0.02},"geometry":{"type":"Polygon","coordinates":[[[77.82405069191965,13.149999998819084],[77.83260842786554,13.149999998819084],[77.82996461007747,13.141666665486497],[77.82140716482073,13.141666665486497],[77.82405069191965,13.149999998819084]]]}},{"type":"Feature","properties":{"lst_c":28.77,"lst_k":301.92,"lst_day_dn":15096,"qc_day":0,"lst_night_c":null,"lst_night_k":null,"lst_night_dn":0,"qc_night":2,"modis_row":822,"modis_col":695,"source_product":"MOD11A2.061","composite_start":"2026-09-14","units":"degC","scale_factor":0.02},"geometry":{"type":"Polygon","coordinates":[[[77.83260842786554,13.149999998819084],[77.84116616381144,13.149999998819084],[77.83852205533421,13.141666665486497],[77.82996461007747,13.141666665486497],[77.83260842786554,13.149999998819084]]]}},{"type":"Feature","properties":{"lst_c":29.11,"lst_k":302.26,"lst_day_dn":15113,"qc_day":0,"lst_night_c":null,"lst_night_k":null,"lst_night_dn":0,"qc_night":2,"modis_row":822,"modis_col":696,"source_product":"MOD11A2.061","composite_start":"2026-09-14","units":"degC","scale_factor":0.02},"geometry":{"type":"Polygon","coordinates":[[[77.84116616381144,13.149999998819084],[77.84972389975732,13.149999998819084],[77.84707950059095,13.141666665486497],[77.83852205533421,13.141666665486497],[77.84116616381144,13.149999998819084]]]}},{"type":"Feature","properties":{"lst_c":31.29,"lst_k":304.44,"lst_day_dn":15222,"qc_day":0,"lst_night_c":22.29,"lst_night_k":295.44,"lst_night_dn":14772,"qc_night":0,"modis_row":823,"modis_col":653,"source_product":"MOD11A2.061","composite_start":"2026-09-14","units":"degC","scale_factor":0.02},"geometry":{"type":"Polygon","coordinates":[[[77.47055190929427,13.141666665486497],[77.47910935455101,13.141666665486497],[77.47647927269338,13.13333333215391],[77.46792211792503,13.13333333215391],[77.47055190929427,13.141666665486497]]]}},{"type":"Feature","properties":{"lst_c":30.49,"lst_k":303.64,"lst_day_dn":15182,"qc_day":0,"lst_night_c":21.79,"lst_night_k":294.94,"lst_night_dn":14747,"qc_night":0,"modis_row":823,"modis_col":654,"source_product":"MOD11A2.061","composite_start":"2026-09-14","units":"degC","scale_factor":0.02},"geometry":{"type":"Polygon","coordinates":[[[77.47910935455101,13.141666665486497],[77.48766679980776,13.141666665486497],[77.48503642746175,13.13333333215391],[77.47647927269338,13.13333333215391],[77.47910935455101,13.141666665486497]]]}},{"type":"Feature","properties":{"lst_c":29.51,"lst_k":302.66,"lst_day_dn":15133,"qc_day":0,"lst_night_c":21.83,"lst_night_k":294.98,"lst_night_dn":14749,"qc_night":0,"modis_row":823,"modis_col":655,"source_product":"MOD11A2.061","composite_start":"2026-09-14","units":"degC","scale_factor":0.02},"geometry":{"type":"Polygon","coordinates":[[[77.48766679980776,13.141666665486497],[77.4962242450645,13.141666665486497],[77.4935935822301,13.13333333215391],[77.48503642746175,13.13333333215391],[77.48766679980776,13.141666665486497]]]}},{"type":"Feature","properties":{"lst_c":29.33,"lst_k":302.48,"lst_day_dn":15124,"qc_day":0,"lst_night_c":21.61,"lst_night_k":294.76,"lst_night_dn":14738,"qc_night":0,"modis_row":823,"modis_col":656,"source_product":"MOD11A2.061","composite_start":"2026-09-14","units":"degC","scale_factor":0.02},"geometry":{"type":"Polygon","coordinates":[[[77.4962242450645,13.141666665486497],[77.50478169032124,13.141666665486497],[77.50215073699846,13.13333333215391],[77.4935935822301,13.13333333215391],[77.4962242450645,13.141666665486497]]]}},{"type":"Feature","properties":{"lst_c":29.05,"lst_k":302.2,"lst_day_dn":15110,"qc_day":0,"lst_night_c":21.85,"lst_night_k":295.0,"lst_night_dn":14750,"qc_night":0,"modis_row":823,"modis_col":657,"source_product":"MOD11A2.061","composite_start":"2026-09-14","units":"degC","scale_factor":0.02},"geometry":{"type":"Polygon","coordinates":[[[77.50478169032124,13.141666665486497],[77.51333913557798,13.141666665486497],[77.51070789176681,13.13333333215391],[77.50215073699846,13.13333333215391],[77.50478169032124,13.141666665486497]]]}},{"type":"Feature","properties":{"lst_c":28.83,"lst_k":301.98,"lst_day_dn":15099,"qc_day":0,"lst_night_c":22.29,"lst_night_k":295.44,"lst_night_dn":14772,"qc_night":0,"modis_row":823,"modis_col":658,"source_product":"MOD11A2.061","composite_start":"2026-09-14","units":"degC","scale_factor":0.02},"geometry":{"type":"Polygon","coordinates":[[[77.51333913557798,13.141666665486497],[77.52189658083473,13.141666665486497],[77.51926504653517,13.13333333215391],[77.51070789176681,13.13333333215391],[77.51333913557798,13.141666665486497]]]}},{"type":"Feature","properties":{"lst_c":29.03,"lst_k":302.18,"lst_day_dn":15109,"qc_day":0,"lst_night_c":22.69,"lst_night_k":295.84,"lst_night_dn":14792,"qc_night":0,"modis_row":823,"modis_col":659,"source_product":"MOD11A2.061","composite_start":"2026-09-14","units":"degC","scale_factor":0.02},"geometry":{"type":"Polygon","coordinates":[[[77.52189658083473,13.141666665486497],[77.53045402609145,13.141666665486497],[77.52782220130351,13.13333333215391],[77.51926504653517,13.13333333215391],[77.52189658083473,13.141666665486497]]]}},{"type":"Feature","properties":{"lst_c":29.93,"lst_k":303.08,"lst_day_dn":15154,"qc_day":0,"lst_night_c":22.83,"lst_night_k":295.98,"lst_night_dn":14799,"qc_night":0,"modis_row":823,"modis_col":660,"source_product":"MOD11A2.061","composite_start":"2026-09-14","units":"degC","scale_factor":0.02},"geometry":{"type":"Polygon","coordinates":[[[77.53045402609145,13.141666665486497],[77.5390114713482,13.141666665486497],[77.53637935607186,13.13333333215391],[77.52782220130351,13.13333333215391],[77.53045402609145,13.141666665486497]]]}},{"type":"Feature","properties":{"lst_c":30.49,"lst_k":303.64,"lst_day_dn":15182,"qc_day":0,"lst_night_c":22.71,"lst_night_k":295.86,"lst_night_dn":14793,"qc_night":0,"modis_row":823,"modis_col":661,"source_product":"MOD11A2.061","composite_start":"2026-09-14","units":"degC","scale_factor":0.02},"geometry":{"type":"Polygon","coordinates":[[[77.5390114713482,13.141666665486497],[77.54756891660494,13.141666665486497],[77.54493651084022,13.13333333215391],[77.53637935607186,13.13333333215391],[77.5390114713482,13.141666665486497]]]}},{"type":"Feature","properties":{"lst_c":30.81,"lst_k":303.96,"lst_day_dn":15198,"qc_day":0,"lst_night_c":22.81,"lst_night_k":295.96,"lst_night_dn":14798,"qc_night":0,"modis_row":823,"modis_col":662,"source_product":"MOD11A2.061","composite_start":"2026-09-14","units":"degC","scale_factor":0.02},"geometry":{"type":"Polygon","coordinates":[[[77.54756891660494,13.141666665486497],[77.55612636186169,13.141666665486497],[77.55349366560857,13.13333333215391],[77.54493651084022,13.13333333215391],[77.54756891660494,13.141666665486497]]]}},{"type":"Feature","properties":{"lst_c":30.91,"lst_k":304.06,"lst_day_dn":15203,"qc_day":0,"lst_night_c":22.65,"lst_night_k":295.8,"lst_night_dn":14790,"qc_night":0,"modis_row":823,"modis_col":663,"source_product":"MOD11A2.061","composite_start":"2026-09-14","units":"degC","scale_factor":0.02},"geometry":{"type":"Polygon","coordinates":[[[77.55612636186169,13.141666665486497],[77.56468380711844,13.141666665486497],[77.56205082037692,13.13333333215391],[77.55349366560857,13.13333333215391],[77.55612636186169,13.141666665486497]]]}},{"type":"Feature","properties":{"lst_c":30.53,"lst_k":303.68,"lst_day_dn":15184,"qc_day":0,"lst_night_c":23.03,"lst_night_k":296.18,"lst_night_dn":14809,"qc_night":0,"modis_row":823,"modis_col":664,"source_product":"MOD11A2.061","composite_start":"2026-09-14","units":"degC","scale_factor":0.02},"geometry":{"type":"Polygon","coordinates":[[[77.56468380711844,13.141666665486497],[77.57324125237518,13.141666665486497],[77.5706079751453,13.13333333215391],[77.56205082037692,13.13333333215391],[77.56468380711844,13.141666665486497]]]}},{"type":"Feature","properties":{"lst_c":30.13,"lst_k":303.28,"lst_day_dn":15164,"qc_day":0,"lst_night_c":22.79,"lst_night_k":295.94,"lst_night_dn":14797,"qc_night":0,"modis_row":823,"modis_col":665,"source_product":"MOD11A2.061","composite_start":"2026-09-14","units":"degC","scale_factor":0.02},"geometry":{"type":"Polygon","coordinates":[[[77.57324125237518,13.141666665486497],[77.58179869763192,13.141666665486497],[77.57916512991365,13.13333333215391],[77.5706079751453,13.13333333215391],[77.57324125237518,13.141666665486497]]]}},{"type":"Feature","properties":{"lst_c":30.19,"lst_k":303.34,"lst_day_dn":15167,"qc_day":0,"lst_night_c":22.69,"lst_night_k":295.84,"lst_night_dn":14792,"qc_night":0,"modis_row":823,"modis_col":666,"source_product":"MOD11A2.061","composite_start":"2026-09-14","units":"degC","scale_factor":0.02},"geometry":{"type":"Polygon","coordinates":[[[77.58179869763192,13.141666665486497],[77.59035614288867,13.141666665486497],[77.587722284682,13.13333333215391],[77.57916512991365,13.13333333215391],[77.58179869763192,13.141666665486497]]]}},{"type":"Feature","properties":{"lst_c":30.91,"lst_k":304.06,"lst_day_dn":15203,"qc_day":0,"lst_night_c":22.33,"lst_night_k":295.48,"lst_night_dn":14774,"qc_night":0,"modis_row":823,"modis_col":667,"source_product":"MOD11A2.061","composite_start":"2026-09-14","units":"degC","scale_factor":0.02},"geometry":{"type":"Polygon","coordinates":[[[77.59035614288867,13.141666665486497],[77.59891358814541,13.141666665486497],[77.59627943945036,13.13333333215391],[77.587722284682,13.13333333215391],[77.59035614288867,13.141666665486497]]]}},{"type":"Feature","properties":{"lst_c":32.59,"lst_k":305.74,"lst_day_dn":15287,"qc_day":17,"lst_night_c":22.45,"lst_night_k":295.6,"lst_night_dn":14780,"qc_night":0,"modis_row":823,"modis_col":668,"source_product":"MOD11A2.061","composite_start":"2026-09-14","units":"degC","scale_factor":0.02},"geometry":{"type":"Polygon","coordinates":[[[77.59891358814541,13.141666665486497],[77.60747103340215,13.141666665486497],[77.60483659421872,13.13333333215391],[77.59627943945036,13.13333333215391],[77.59891358814541,13.141666665486497]]]}},{"type":"Feature","properties":{"lst_c":32.83,"lst_k":305.98,"lst_day_dn":15299,"qc_day":17,"lst_night_c":23.19,"lst_night_k":296.34,"lst_night_dn":14817,"qc_night":0,"modis_row":823,"modis_col":669,"source_product":"MOD11A2.061","composite_start":"2026-09-14","units":"degC","scale_factor":0.02},"geometry":{"type":"Polygon","coordinates":[[[77.60747103340215,13.141666665486497],[77.6160284786589,13.141666665486497],[77.61339374898708,13.13333333215391],[77.60483659421872,13.13333333215391],[77.60747103340215,13.141666665486497]]]}},{"type":"Feature","properties":{"lst_c":31.59,"lst_k":304.74,"lst_day_dn":15237,"qc_day":0,"lst_night_c":23.17,"lst_night_k":296.32,"lst_night_dn":14816,"qc_night":0,"modis_row":823,"modis_col":670,"source_product":"MOD11A2.061","composite_start":"2026-09-14","units":"degC","scale_factor":0.02},"geometry":{"type":"Polygon","coordinates":[[[77.6160284786589,13.141666665486497],[77.62458592391565,13.141666665486497],[77.62195090375543,13.13333333215391],[77.61339374898708,13.13333333215391],[77.6160284786589,13.141666665486497]]]}},{"type":"Feature","properties":{"lst_c":30.07,"lst_k":303.22,"lst_day_dn":15161,"qc_day":0,"lst_night_c":22.41,"lst_night_k":295.56,"lst_night_dn":14778,"qc_night":0,"modis_row":823,"modis_col":671,"source_product":"MOD11A2.061","composite_start":"2026-09-14","units":"degC","scale_factor":0.02},"geometry":{"type":"Polygon","coordinates":[[[77.62458592391565,13.141666665486497],[77.63314336917239,13.141666665486497],[77.63050805852379,13.13333333215391],[77.62195090375543,13.13333333215391],[77.62458592391565,13.141666665486497]]]}},{"type":"Feature","properties":{"lst_c":29.39,"lst_k":302.54,"lst_day_dn":15127,"qc_day":0,"lst_night_c":22.35,"lst_night_k":295.5,"lst_night_dn":14775,"qc_night":0,"modis_row":823,"modis_col":672,"source_product":"MOD11A2.061","composite_start":"2026-09-14","units":"degC","scale_factor":0.02},"geometry":{"type":"Polygon","coordinates":[[[77.63314336917239,13.141666665486497],[77.64170081442913,13.141666665486497],[77.63906521329214,13.13333333215391],[77.63050805852379,13.13333333215391],[77.63314336917239,13.141666665486497]]]}},{"type":"Feature","properties":{"lst_c":29.63,"lst_k":302.78,"lst_day_dn":15139,"qc_day":0,"lst_night_c":22.55,"lst_night_k":295.7,"lst_night_dn":14785,"qc_night":0,"modis_row":823,"modis_col":673,"source_product":"MOD11A2.061","composite_start":"2026-09-14","units":"degC","scale_factor":0.02},"geometry":{"type":"Polygon","coordinates":[[[77.64170081442913,13.141666665486497],[77.65025825968587,13.141666665486497],[77.64762236806051,13.13333333215391],[77.63906521329214,13.13333333215391],[77.64170081442913,13.141666665486497]]]}},{"type":"Feature","properties":{"lst_c":29.55,"lst_k":302.7,"lst_day_dn":15135,"qc_day":0,"lst_night_c":23.27,"lst_night_k":296.42,"lst_night_dn":14821,"qc_night":0,"modis_row":823,"modis_col":674,"source_product":"MOD11A2.061","composite_start":"2026-09-14","units":"degC","scale_factor":0.02},"geometry":{"type":"Polygon","coordinates":[[[77.65025825968587,13.141666665486497],[77.65881570494261,13.141666665486497],[77.65617952282885,13.13333333215391],[77.64762236806051,13.13333333215391],[77.65025825968587,13.141666665486497]]]}},{"type":"Feature","properties":{"lst_c":29.37,"lst_k":302.52,"lst_day_dn":15126,"qc_day":0,"lst_night_c":23.55,"lst_night_k":296.7,"lst_night_dn":14835,"qc_night":0,"modis_row":823,"modis_col":675,"source_product":"MOD11A2.061","composite_start":"2026-09-14","units":"degC","scale_factor":0.02},"geometry":{"type":"Polygon","coordinates":[[[77.65881570494261,13.141666665486497],[77.66737315019935,13.141666665486497],[77.6647366775972,13.13333333215391],[77.65617952282885,13.13333333215391],[77.65881570494261,13.141666665486497]]]}},{"type":"Feature","properties":{"lst_c":29.87,"lst_k":303.02,"lst_day_dn":15151,"qc_day":0,"lst_night_c":22.95,"lst_night_k":296.1,"lst_night_dn":14805,"qc_night":0,"modis_row":823,"modis_col":676,"source_product":"MOD11A2.061","composite_start":"2026-09-14","units":"degC","scale_factor":0.02},"geometry":{"type":"Polygon","coordinates":[[[77.66737315019935,13.141666665486497],[77.67593059545608,13.141666665486497],[77.67329383236556,13.13333333215391],[77.6647366775972,13.13333333215391],[77.66737315019935,13.141666665486497]]]}},{"type":"Feature","properties":{"lst_c":30.09,"lst_k":303.24,"lst_day_dn":15162,"qc_day":0,"lst_night_c":22.75,"lst_night_k":295.9,"lst_night_dn":14795,"qc_night":0,"modis_row":823,"modis_col":677,"source_product":"MOD11A2.061","composite_start":"2026-09-14","units":"degC","scale_factor":0.02},"geometry":{"type":"Polygon","coordinates":[[[77.67593059545608,13.141666665486497],[77.68448804071284,13.141666665486497],[77.68185098713391,13.13333333215391],[77.67329383236556,13.13333333215391],[77.67593059545608,13.141666665486497]]]}},{"type":"Feature","properties":{"lst_c":29.67,"lst_k":302.82,"lst_day_dn":15141,"qc_day":0,"lst_night_c":22.23,"lst_night_k":295.38,"lst_night_dn":14769,"qc_night":0,"modis_row":823,"modis_col":678,"source_product":"MOD11A2.061","composite_start":"2026-09-14","units":"degC","scale_factor":0.02},"geometry":{"type":"Polygon","coordinates":[[[77.68448804071284,13.141666665486497],[77.69304548596958,13.141666665486497],[77.69040814190228,13.13333333215391],[77.68185098713391,13.13333333215391],[77.68448804071284,13.141666665486497]]]}},{"type":"Feature","properties":{"lst_c":27.63,"lst_k":300.78,"lst_day_dn":15039,"qc_day":0,"lst_night_c":21.29,"lst_night_k":294.44,"lst_night_dn":14722,"qc_night":0,"modis_row":823,"modis_col":679,"source_product":"MOD11A2.061","composite_start":"2026-09-14","units":"degC","scale_factor":0.02},"geometry":{"type":"Polygon","coordinates":[[[77.69304548596958,13.141666665486497],[77.70160293122632,13.141666665486497],[77.69896529667064,13.13333333215391],[77.69040814190228,13.13333333215391],[77.69304548596958,13.141666665486497]]]}},{"type":"Feature","properties":{"lst_c":27.55,"lst_k":300.7,"lst_day_dn":15035,"qc_day":0,"lst_night_c":19.87,"lst_night_k":293.02,"lst_night_dn":14651,"qc_night":65,"modis_row":823,"modis_col":680,"source_product":"MOD11A2.061","composite_start":"2026-09-14","units":"degC","scale_factor":0.02},"geometry":{"type":"Polygon","coordinates":[[[77.70160293122632,13.141666665486497],[77.71016037648307,13.141666665486497],[77.70752245143899,13.13333333215391],[77.69896529667064,13.13333333215391],[77.70160293122632,13.141666665486497]]]}},{"type":"Feature","properties":{"lst_c":27.43,"lst_k":300.58,"lst_day_dn":15029,"qc_day":0,"lst_night_c":18.31,"lst_night_k":291.46,"lst_night_dn":14573,"qc_night":65,"modis_row":823,"modis_col":681,"source_product":"MOD11A2.061","composite_start":"2026-09-14","units":"degC","scale_factor":0.02},"geometry":{"type":"Polygon","coordinates":[[[77.71016037648307,13.141666665486497],[77.71871782173982,13.141666665486497],[77.71607960620734,13.13333333215391],[77.70752245143899,13.13333333215391],[77.71016037648307,13.141666665486497]]]}},{"type":"Feature","properties":{"lst_c":27.75,"lst_k":300.9,"lst_day_dn":15045,"qc_day":0,"lst_night_c":17.31,"lst_night_k":290.46,"lst_night_dn":14523,"qc_night":65,"modis_row":823,"modis_col":682,"source_product":"MOD11A2.061","composite_start":"2026-09-14","units":"degC","scale_factor":0.02},"geometry":{"type":"Polygon","coordinates":[[[77.71871782173982,13.141666665486497],[77.72727526699656,13.141666665486497],[77.7246367609757,13.13333333215391],[77.71607960620734,13.13333333215391],[77.71871782173982,13.141666665486497]]]}},{"type":"Feature","properties":{"lst_c":27.77,"lst_k":300.92,"lst_day_dn":15046,"qc_day":0,"lst_night_c":null,"lst_night_k":null,"lst_night_dn":0,"qc_night":2,"modis_row":823,"modis_col":683,"source_product":"MOD11A2.061","composite_start":"2026-09-14","units":"degC","scale_factor":0.02},"geometry":{"type":"Polygon","coordinates":[[[77.72727526699656,13.141666665486497],[77.7358327122533,13.141666665486497],[77.73319391574407,13.13333333215391],[77.7246367609757,13.13333333215391],[77.72727526699656,13.141666665486497]]]}},{"type":"Feature","properties":{"lst_c":27.75,"lst_k":300.9,"lst_day_dn":15045,"qc_day":0,"lst_night_c":null,"lst_night_k":null,"lst_night_dn":0,"qc_night":2,"modis_row":823,"modis_col":684,"source_product":"MOD11A2.061","composite_start":"2026-09-14","units":"degC","scale_factor":0.02},"geometry":{"type":"Polygon","coordinates":[[[77.7358327122533,13.141666665486497],[77.74439015751004,13.141666665486497],[77.74175107051242,13.13333333215391],[77.73319391574407,13.13333333215391],[77.7358327122533,13.141666665486497]]]}},{"type":"Feature","properties":{"lst_c":28.17,"lst_k":301.32,"lst_day_dn":15066,"qc_day":0,"lst_night_c":null,"lst_night_k":null,"lst_night_dn":0,"qc_night":2,"modis_row":823,"modis_col":685,"source_product":"MOD11A2.061","composite_start":"2026-09-14","units":"degC","scale_factor":0.02},"geometry":{"type":"Polygon","coordinates":[[[77.74439015751004,13.141666665486497],[77.75294760276678,13.141666665486497],[77.75030822528078,13.13333333215391],[77.74175107051242,13.13333333215391],[77.74439015751004,13.141666665486497]]]}},{"type":"Feature","properties":{"lst_c":28.31,"lst_k":301.46,"lst_day_dn":15073,"qc_day":0,"lst_night_c":null,"lst_night_k":null,"lst_night_dn":0,"qc_night":2,"modis_row":823,"modis_col":686,"source_product":"MOD11A2.061","composite_start":"2026-09-14","units":"degC","scale_factor":0.02},"geometry":{"type":"Polygon","coordinates":[[[77.75294760276678,13.141666665486497],[77.76150504802354,13.141666665486497],[77.75886538004913,13.13333333215391],[77.75030822528078,13.13333333215391],[77.75294760276678,13.141666665486497]]]}},{"type":"Feature","properties":{"lst_c":29.03,"lst_k":302.18,"lst_day_dn":15109,"qc_day":0,"lst_night_c":null,"lst_night_k":null,"lst_night_dn":0,"qc_night":2,"modis_row":823,"modis_col":687,"source_product":"MOD11A2.061","composite_start":"2026-09-14","units":"degC","scale_factor":0.02},"geometry":{"type":"Polygon","coordinates":[[[77.76150504802354,13.141666665486497],[77.77006249328028,13.141666665486497],[77.76742253481748,13.13333333215391],[77.75886538004913,13.13333333215391],[77.76150504802354,13.141666665486497]]]}},{"type":"Feature","properties":{"lst_c":29.41,"lst_k":302.56,"lst_day_dn":15128,"qc_day":0,"lst_night_c":null,"lst_night_k":null,"lst_night_dn":0,"qc_night":2,"modis_row":823,"modis_col":688,"source_product":"MOD11A2.061","composite_start":"2026-09-14","units":"degC","scale_factor":0.02},"geometry":{"type":"Polygon","coordinates":[[[77.77006249328028,13.141666665486497],[77.77861993853702,13.141666665486497],[77.77597968958584,13.13333333215391],[77.76742253481748,13.13333333215391],[77.77006249328028,13.141666665486497]]]}},{"type":"Feature","properties":{"lst_c":29.11,"lst_k":302.26,"lst_day_dn":15113,"qc_day":0,"lst_night_c":null,"lst_night_k":null,"lst_night_dn":0,"qc_night":2,"modis_row":823,"modis_col":689,"source_product":"MOD11A2.061","composite_start":"2026-09-14","units":"degC","scale_factor":0.02},"geometry":{"type":"Polygon","coordinates":[[[77.77861993853702,13.141666665486497],[77.78717738379375,13.141666665486497],[77.78453684435418,13.13333333215391],[77.77597968958584,13.13333333215391],[77.77861993853702,13.141666665486497]]]}},{"type":"Feature","properties":{"lst_c":28.99,"lst_k":302.14,"lst_day_dn":15107,"qc_day":0,"lst_night_c":null,"lst_night_k":null,"lst_night_dn":0,"qc_night":2,"modis_row":823,"modis_col":690,"source_product":"MOD11A2.061","composite_start":"2026-09-14","units":"degC","scale_factor":0.02},"geometry":{"type":"Polygon","coordinates":[[[77.78717738379375,13.141666665486497],[77.79573482905049,13.141666665486497],[77.79309399912253,13.13333333215391],[77.78453684435418,13.13333333215391],[77.78717738379375,13.141666665486497]]]}},{"type":"Feature","properties":{"lst_c":28.91,"lst_k":302.06,"lst_day_dn":15103,"qc_day":0,"lst_night_c":null,"lst_night_k":null,"lst_night_dn":0,"qc_night":2,"modis_row":823,"modis_col":691,"source_product":"MOD11A2.061","composite_start":"2026-09-14","units":"degC","scale_factor":0.02},"geometry":{"type":"Polygon","coordinates":[[[77.79573482905049,13.141666665486497],[77.80429227430724,13.141666665486497],[77.80165115389089,13.13333333215391],[77.79309399912253,13.13333333215391],[77.79573482905049,13.141666665486497]]]}},{"type":"Feature","properties":{"lst_c":28.85,"lst_k":302.0,"lst_day_dn":15100,"qc_day":0,"lst_night_c":null,"lst_night_k":null,"lst_night_dn":0,"qc_night":2,"modis_row":823,"modis_col":692,"source_product":"MOD11A2.061","composite_start":"2026-09-14","units":"degC","scale_factor":0.02},"geometry":{"type":"Polygon","coordinates":[[[77.80429227430724,13.141666665486497],[77.81284971956399,13.141666665486497],[77.81020830865924,13.13333333215391],[77.80165115389089,13.13333333215391],[77.80429227430724,13.141666665486497]]]}},{"type":"Feature","properties":{"lst_c":28.65,"lst_k":301.8,"lst_day_dn":15090,"qc_day":0,"lst_night_c":null,"lst_night_k":null,"lst_night_dn":0,"qc_night":2,"modis_row":823,"modis_col":693,"source_product":"MOD11A2.061","composite_start":"2026-09-14","units":"degC","scale_factor":0.02},"geometry":{"type":"Polygon","coordinates":[[[77.81284971956399,13.141666665486497],[77.82140716482073,13.141666665486497],[77.81876546342761,13.13333333215391],[77.81020830865924,13.13333333215391],[77.81284971956399,13.141666665486497]]]}},{"type":"Feature","properties":{"lst_c":28.67,"lst_k":301.82,"lst_day_dn":15091,"qc_day":0,"lst_night_c":null,"lst_night_k":null,"lst_night_dn":0,"qc_night":2,"modis_row":823,"modis_col":694,"source_product":"MOD11A2.061","composite_start":"2026-09-14","units":"degC","scale_factor":0.02},"geometry":{"type":"Polygon","coordinates":[[[77.82140716482073,13.141666665486497],[77.82996461007747,13.141666665486497],[77.82732261819596,13.13333333215391],[77.81876546342761,13.13333333215391],[77.82140716482073,13.141666665486497]]]}},{"type":"Feature","properties":{"lst_c":28.79,"lst_k":301.94,"lst_day_dn":15097,"qc_day":0,"lst_night_c":null,"lst_night_k":null,"lst_night_dn":0,"qc_night":2,"modis_row":823,"modis_col":695,"source_product":"MOD11A2.061","composite_start":"2026-09-14","units":"degC","scale_factor":0.02},"geometry":{"type":"Polygon","coordinates":[[[77.82996461007747,13.141666665486497],[77.83852205533421,13.141666665486497],[77.83587977296432,13.13333333215391],[77.82732261819596,13.13333333215391],[77.82996461007747,13.141666665486497]]]}},{"type":"Feature","properties":{"lst_c":28.83,"lst_k":301.98,"lst_day_dn":15099,"qc_day":0,"lst_night_c":null,"lst_night_k":null,"lst_night_dn":0,"qc_night":2,"modis_row":823,"modis_col":696,"source_product":"MOD11A2.061","composite_start":"2026-09-14","units":"degC","scale_factor":0.02},"geometry":{"type":"Polygon","coordinates":[[[77.83852205533421,13.141666665486497],[77.84707950059095,13.141666665486497],[77.84443692773267,13.13333333215391],[77.83587977296432,13.13333333215391],[77.83852205533421,13.141666665486497]]]}},{"type":"Feature","properties":{"lst_c":31.85,"lst_k":305.0,"lst_day_dn":15250,"qc_day":0,"lst_night_c":20.83,"lst_night_k":293.98,"lst_night_dn":14699,"qc_night":0,"modis_row":824,"modis_col":653,"source_product":"MOD11A2.061","composite_start":"2026-09-14","units":"degC","scale_factor":0.02},"geometry":{"type":"Polygon","coordinates":[[[77.46792211792503,13.13333333215391],[77.47647927269338,13.13333333215391],[77.47385100821484,13.124999998821327],[77.46529414373414,13.124999998821327],[77.46792211792503,13.13333333215391]]]}},{"type":"Feature","properties":{"lst_c":30.99,"lst_k":304.14,"lst_day_dn":15207,"qc_day":0,"lst_night_c":20.73,"lst_night_k":293.88,"lst_night_dn":14694,"qc_night":0,"modis_row":824,"modis_col":654,"source_product":"MOD11A2.061","composite_start":"2026-09-14","units":"degC","scale_factor":0.02},"geometry":{"type":"Polygon","coordinates":[[[77.47647927269338,13.13333333215391],[77.48503642746175,13.13333333215391],[77.48240787269553,13.124999998821327],[77.47385100821484,13.124999998821327],[77.47647927269338,13.13333333215391]]]}},{"type":"Feature","properties":{"lst_c":30.25,"lst_k":303.4,"lst_day_dn":15170,"qc_day":0,"lst_night_c":20.75,"lst_night_k":293.9,"lst_night_dn":14695,"qc_night":0,"modis_row":824,"modis_col":655,"source_product":"MOD11A2.061","composite_start":"2026-09-14","units":"degC","scale_factor":0.02},"geometry":{"type":"Polygon","coordinates":[[[77.48503642746175,13.13333333215391],[77.4935935822301,13.13333333215391],[77.49096473717624,13.124999998821327],[77.48240787269553,13.124999998821327],[77.48503642746175,13.13333333215391]]]}},{"type":"Feature","properties":{"lst_c":29.95,"lst_k":303.1,"lst_day_dn":15155,"qc_day":0,"lst_night_c":21.07,"lst_night_k":294.22,"lst_night_dn":14711,"qc_night":0,"modis_row":824,"modis_col":656,"source_product":"MOD11A2.061","composite_start":"2026-09-14","units":"degC","scale_factor":0.02},"geometry":{"type":"Polygon","coordinates":[[[77.4935935822301,13.13333333215391],[77.50215073699846,13.13333333215391],[77.49952160165694,13.124999998821327],[77.49096473717624,13.124999998821327],[77.4935935822301,13.13333333215391]]]}},{"type":"Feature","properties":{"lst_c":29.27,"lst_k":302.42,"lst_day_dn":15121,"qc_day":0,"lst_night_c":21.61,"lst_night_k":294.76,"lst_night_dn":14738,"qc_night":0,"modis_row":824,"modis_col":657,"source_product":"MOD11A2.061","composite_start":"2026-09-14","units":"degC","scale_factor":0.02},"geometry":{"type":"Polygon","coordinates":[[[77.50215073699846,13.13333333215391],[77.51070789176681,13.13333333215391],[77.50807846613762,13.124999998821327],[77.49952160165694,13.124999998821327],[77.50215073699846,13.13333333215391]]]}},{"type":"Feature","properties":{"lst_c":28.97,"lst_k":302.12,"lst_day_dn":15106,"qc_day":0,"lst_night_c":22.05,"lst_night_k":295.2,"lst_night_dn":14760,"qc_night":0,"modis_row":824,"modis_col":658,"source_product":"MOD11A2.061","composite_start":"2026-09-14","units":"degC","scale_factor":0.02},"geometry":{"type":"Polygon","coordinates":[[[77.51070789176681,13.13333333215391],[77.51926504653517,13.13333333215391],[77.51663533061831,13.124999998821327],[77.50807846613762,13.124999998821327],[77.51070789176681,13.13333333215391]]]}},{"type":"Feature","properties":{"lst_c":28.99,"lst_k":302.14,"lst_day_dn":15107,"qc_day":0,"lst_night_c":22.31,"lst_night_k":295.46,"lst_night_dn":14773,"qc_night":0,"modis_row":824,"modis_col":659,"source_product":"MOD11A2.061","composite_start":"2026-09-14","units":"degC","scale_factor":0.02},"geometry":{"type":"Polygon","coordinates":[[[77.51926504653517,13.13333333215391],[77.52782220130351,13.13333333215391],[77.525192195099,13.124999998821327],[77.51663533061831,13.124999998821327],[77.51926504653517,13.13333333215391]]]}},{"type":"Feature","properties":{"lst_c":29.55,"lst_k":302.7,"lst_day_dn":15135,"qc_day":0,"lst_night_c":22.39,"lst_night_k":295.54,"lst_night_dn":14777,"qc_night":0,"modis_row":824,"modis_col":660,"source_product":"MOD11A2.061","composite_start":"2026-09-14","units":"degC","scale_factor":0.02},"geometry":{"type":"Polygon","coordinates":[[[77.52782220130351,13.13333333215391],[77.53637935607186,13.13333333215391],[77.5337490595797,13.124999998821327],[77.525192195099,13.124999998821327],[77.52782220130351,13.13333333215391]]]}},{"type":"Feature","properties":{"lst_c":30.17,"lst_k":303.32,"lst_day_dn":15166,"qc_day":0,"lst_night_c":22.23,"lst_night_k":295.38,"lst_night_dn":14769,"qc_night":0,"modis_row":824,"modis_col":661,"source_product":"MOD11A2.061","composite_start":"2026-09-14","units":"degC","scale_factor":0.02},"geometry":{"type":"Polygon","coordinates":[[[77.53637935607186,13.13333333215391],[77.54493651084022,13.13333333215391],[77.5423059240604,13.124999998821327],[77.5337490595797,13.124999998821327],[77.53637935607186,13.13333333215391]]]}},{"type":"Feature","properties":{"lst_c":30.51,"lst_k":303.66,"lst_day_dn":15183,"qc_day":0,"lst_night_c":22.59,"lst_night_k":295.74,"lst_night_dn":14787,"qc_night":0,"modis_row":824,"modis_col":662,"source_product":"MOD11A2.061","composite_start":"2026-09-14","units":"degC","scale_factor":0.02},"geometry":{"type":"Polygon","coordinates":[[[77.54493651084022,13.13333333215391],[77.55349366560857,13.13333333215391],[77.5508627885411,13.124999998821327],[77.5423059240604,13.124999998821327],[77.54493651084022,13.13333333215391]]]}},{"type":"Feature","properties":{"lst_c":30.53,"lst_k":303.68,"lst_day_dn":15184,"qc_day":0,"lst_night_c":23.09,"lst_night_k":296.24,"lst_night_dn":14812,"qc_night":0,"modis_row":824,"modis_col":663,"source_product":"MOD11A2.061","composite_start":"2026-09-14","units":"degC","scale_factor":0.02},"geometry":{"type":"Polygon","coordinates":[[[77.55349366560857,13.13333333215391],[77.56205082037692,13.13333333215391],[77.55941965302178,13.124999998821327],[77.5508627885411,13.124999998821327],[77.55349366560857,13.13333333215391]]]}},{"type":"Feature","properties":{"lst_c":30.67,"lst_k":303.82,"lst_day_dn":15191,"qc_day":0,"lst_night_c":23.41,"lst_night_k":296.56,"lst_night_dn":14828,"qc_night":0,"modis_row":824,"modis_col":664,"source_product":"MOD11A2.061","composite_start":"2026-09-14","units":"degC","scale_factor":0.02},"geometry":{"type":"Polygon","coordinates":[[[77.56205082037692,13.13333333215391],[77.5706079751453,13.13333333215391],[77.56797651750249,13.124999998821327],[77.55941965302178,13.124999998821327],[77.56205082037692,13.13333333215391]]]}},{"type":"Feature","properties":{"lst_c":30.27,"lst_k":303.42,"lst_day_dn":15171,"qc_day":0,"lst_night_c":23.27,"lst_night_k":296.42,"lst_night_dn":14821,"qc_night":0,"modis_row":824,"modis_col":665,"source_product":"MOD11A2.061","composite_start":"2026-09-14","units":"degC","scale_factor":0.02},"geometry":{"type":"Polygon","coordinates":[[[77.5706079751453,13.13333333215391],[77.57916512991365,13.13333333215391],[77.57653338198318,13.124999998821327],[77.56797651750249,13.124999998821327],[77.5706079751453,13.13333333215391]]]}},{"type":"Feature","properties":{"lst_c":30.13,"lst_k":303.28,"lst_day_dn":15164,"qc_day":0,"lst_night_c":23.11,"lst_night_k":296.26,"lst_night_dn":14813,"qc_night":0,"modis_row":824,"modis_col":666,"source_product":"MOD11A2.061","composite_start":"2026-09-14","units":"degC","scale_factor":0.02},"geometry":{"type":"Polygon","coordinates":[[[77.57916512991365,13.13333333215391],[77.587722284682,13.13333333215391],[77.58509024646388,13.124999998821327],[77.57653338198318,13.124999998821327],[77.57916512991365,13.13333333215391]]]}},{"type":"Feature","properties":{"lst_c":30.57,"lst_k":303.72,"lst_day_dn":15186,"qc_day":0,"lst_night_c":22.97,"lst_night_k":296.12,"lst_night_dn":14806,"qc_night":0,"modis_row":824,"modis_col":667,"source_product":"MOD11A2.061","composite_start":"2026-09-14","units":"degC","scale_factor":0.02},"geometry":{"type":"Polygon","coordinates":[[[77.587722284682,13.13333333215391],[77.59627943945036,13.13333333215391],[77.59364711094457,13.124999998821327],[77.58509024646388,13.124999998821327],[77.587722284682,13.13333333215391]]]}},{"type":"Feature","properties":{"lst_c":31.11,"lst_k":304.26,"lst_day_dn":15213,"qc_day":0,"lst_night_c":22.75,"lst_night_k":295.9,"lst_night_dn":14795,"qc_night":0,"modis_row":824,"modis_col":668,"source_product":"MOD11A2.061","composite_start":"2026-09-14","units":"degC","scale_factor":0.02},"geometry":{"type":"Polygon","coordinates":[[[77.59627943945036,13.13333333215391],[77.60483659421872,13.13333333215391],[77.60220397542527,13.124999998821327],[77.59364711094457,13.124999998821327],[77.59627943945036,13.13333333215391]]]}},{"type":"Feature","properties":{"lst_c":30.71,"lst_k":303.86,"lst_day_dn":15193,"qc_day":17,"lst_night_c":22.89,"lst_night_k":296.04,"lst_night_dn":14802,"qc_night":0,"modis_row":824,"modis_col":669,"source_product":"MOD11A2.061","composite_start":"2026-09-14","units":"degC","scale_factor":0.02},"geometry":{"type":"Polygon","coordinates":[[[77.60483659421872,13.13333333215391],[77.61339374898708,13.13333333215391],[77.61076083990596,13.124999998821327],[77.60220397542527,13.124999998821327],[77.60483659421872,13.13333333215391]]]}},{"type":"Feature","properties":{"lst_c":30.33,"lst_k":303.48,"lst_day_dn":15174,"qc_day":0,"lst_night_c":23.35,"lst_night_k":296.5,"lst_night_dn":14825,"qc_night":0,"modis_row":824,"modis_col":670,"source_product":"MOD11A2.061","composite_start":"2026-09-14","units":"degC","scale_factor":0.02},"geometry":{"type":"Polygon","coordinates":[[[77.61339374898708,13.13333333215391],[77.62195090375543,13.13333333215391],[77.61931770438666,13.124999998821327],[77.61076083990596,13.124999998821327],[77.61339374898708,13.13333333215391]]]}},{"type":"Feature","properties":{"lst_c":29.55,"lst_k":302.7,"lst_day_dn":15135,"qc_day":0,"lst_night_c":22.73,"lst_night_k":295.88,"lst_night_dn":14794,"qc_night":0,"modis_row":824,"modis_col":671,"source_product":"MOD11A2.061","composite_start":"2026-09-14","units":"degC","scale_factor":0.02},"geometry":{"type":"Polygon","coordinates":[[[77.62195090375543,13.13333333215391],[77.63050805852379,13.13333333215391],[77.62787456886736,13.124999998821327],[77.61931770438666,13.124999998821327],[77.62195090375543,13.13333333215391]]]}},{"type":"Feature","properties":{"lst_c":29.35,"lst_k":302.5,"lst_day_dn":15125,"qc_day":0,"lst_night_c":22.73,"lst_night_k":295.88,"lst_night_dn":14794,"qc_night":0,"modis_row":824,"modis_col":672,"source_product":"MOD11A2.061","composite_start":"2026-09-14","units":"degC","scale_factor":0.02},"geometry":{"type":"Polygon","coordinates":[[[77.63050805852379,13.13333333215391],[77.63906521329214,13.13333333215391],[77.63643143334806,13.124999998821327],[77.62787456886736,13.124999998821327],[77.63050805852379,13.13333333215391]]]}},{"type":"Feature","properties":{"lst_c":29.81,"lst_k":302.96,"lst_day_dn":15148,"qc_day":0,"lst_night_c":22.43,"lst_night_k":295.58,"lst_night_dn":14779,"qc_night":0,"modis_row":824,"modis_col":673,"source_product":"MOD11A2.061","composite_start":"2026-09-14","units":"degC","scale_factor":0.02},"geometry":{"type":"Polygon","coordinates":[[[77.63906521329214,13.13333333215391],[77.64762236806051,13.13333333215391],[77.64498829782875,13.124999998821327],[77.63643143334806,13.124999998821327],[77.63906521329214,13.13333333215391]]]}},{"type":"Feature","properties":{"lst_c":30.25,"lst_k":303.4,"lst_day_dn":15170,"qc_day":0,"lst_night_c":22.85,"lst_night_k":296.0,"lst_night_dn":14800,"qc_night":0,"modis_row":824,"modis_col":674,"source_product":"MOD11A2.061","composite_start":"2026-09-14","units":"degC","scale_factor":0.02},"geometry":{"type":"Polygon","coordinates":[[[77.64762236806051,13.13333333215391],[77.65617952282885,13.13333333215391],[77.65354516230943,13.124999998821327],[77.64498829782875,13.124999998821327],[77.64762236806051,13.13333333215391]]]}},{"type":"Feature","properties":{"lst_c":30.71,"lst_k":303.86,"lst_day_dn":15193,"qc_day":0,"lst_night_c":22.91,"lst_night_k":296.06,"lst_night_dn":14803,"qc_night":0,"modis_row":824,"modis_col":675,"source_product":"MOD11A2.061","composite_start":"2026-09-14","units":"degC","scale_factor":0.02},"geometry":{"type":"Polygon","coordinates":[[[77.65617952282885,13.13333333215391],[77.6647366775972,13.13333333215391],[77.66210202679012,13.124999998821327],[77.65354516230943,13.124999998821327],[77.65617952282885,13.13333333215391]]]}},{"type":"Feature","properties":{"lst_c":30.65,"lst_k":303.8,"lst_day_dn":15190,"qc_day":0,"lst_night_c":22.67,"lst_night_k":295.82,"lst_night_dn":14791,"qc_night":0,"modis_row":824,"modis_col":676,"source_product":"MOD11A2.061","composite_start":"2026-09-14","units":"degC","scale_factor":0.02},"geometry":{"type":"Polygon","coordinates":[[[77.6647366775972,13.13333333215391],[77.67329383236556,13.13333333215391],[77.67065889127082,13.124999998821327],[77.66210202679012,13.124999998821327],[77.6647366775972,13.13333333215391]]]}},{"type":"Feature","properties":{"lst_c":30.05,"lst_k":303.2,"lst_day_dn":15160,"qc_day":0,"lst_night_c":22.33,"lst_night_k":295.48,"lst_night_dn":14774,"qc_night":65,"modis_row":824,"modis_col":677,"source_product":"MOD11A2.061","composite_start":"2026-09-14","units":"degC","scale_factor":0.02},"geometry":{"type":"Polygon","coordinates":[[[77.67329383236556,13.13333333215391],[77.68185098713391,13.13333333215391],[77.67921575575153,13.124999998821327],[77.67065889127082,13.124999998821327],[77.67329383236556,13.13333333215391]]]}},{"type":"Feature","properties":{"lst_c":29.61,"lst_k":302.76,"lst_day_dn":15138,"qc_day":0,"lst_night_c":21.55,"lst_night_k":294.7,"lst_night_dn":14735,"qc_night":65,"modis_row":824,"modis_col":678,"source_product":"MOD11A2.061","composite_start":"2026-09-14","units":"degC","scale_factor":0.02},"geometry":{"type":"Polygon","coordinates":[[[77.68185098713391,13.13333333215391],[77.69040814190228,13.13333333215391],[77.68777262023222,13.124999998821327],[77.67921575575153,13.124999998821327],[77.68185098713391,13.13333333215391]]]}},{"type":"Feature","properties":{"lst_c":27.57,"lst_k":300.72,"lst_day_dn":15036,"qc_day":0,"lst_night_c":21.83,"lst_night_k":294.98,"lst_night_dn":14749,"qc_night":65,"modis_row":824,"modis_col":679,"source_product":"MOD11A2.061","composite_start":"2026-09-14","units":"degC","scale_factor":0.02},"geometry":{"type":"Polygon","coordinates":[[[77.69040814190228,13.13333333215391],[77.69896529667064,13.13333333215391],[77.6963294847129,13.124999998821327],[77.68777262023222,13.124999998821327],[77.69040814190228,13.13333333215391]]]}},{"type":"Feature","properties":{"lst_c":27.51,"lst_k":300.66,"lst_day_dn":15033,"qc_day":0,"lst_night_c":20.65,"lst_night_k":293.8,"lst_night_dn":14690,"qc_night":65,"modis_row":824,"modis_col":680,"source_product":"MOD11A2.061","composite_start":"2026-09-14","units":"degC","scale_factor":0.02},"geometry":{"type":"Polygon","coordinates":[[[77.69896529667064,13.13333333215391],[77.70752245143899,13.13333333215391],[77.70488634919361,13.124999998821327],[77.6963294847129,13.124999998821327],[77.69896529667064,13.13333333215391]]]}},{"type":"Feature","properties":{"lst_c":27.33,"lst_k":300.48,"lst_day_dn":15024,"qc_day":0,"lst_night_c":19.47,"lst_night_k":292.62,"lst_night_dn":14631,"qc_night":65,"modis_row":824,"modis_col":681,"source_product":"MOD11A2.061","composite_start":"2026-09-14","units":"degC","scale_factor":0.02},"geometry":{"type":"Polygon","coordinates":[[[77.70752245143899,13.13333333215391],[77.71607960620734,13.13333333215391],[77.71344321367431,13.124999998821327],[77.70488634919361,13.124999998821327],[77.70752245143899,13.13333333215391]]]}},{"type":"Feature","properties":{"lst_c":27.83,"lst_k":300.98,"lst_day_dn":15049,"qc_day":0,"lst_night_c":18.63,"lst_night_k":291.78,"lst_night_dn":14589,"qc_night":65,"modis_row":824,"modis_col":682,"source_product":"MOD11A2.061","composite_start":"2026-09-14","units":"degC","scale_factor":0.02},"geometry":{"type":"Polygon","coordinates":[[[77.71607960620734,13.13333333215391],[77.7246367609757,13.13333333215391],[77.722000078155,13.124999998821327],[77.71344321367431,13.124999998821327],[77.71607960620734,13.13333333215391]]]}},{"type":"Feature","properties":{"lst_c":27.67,"lst_k":300.82,"lst_day_dn":15041,"qc_day":0,"lst_night_c":18.49,"lst_night_k":291.64,"lst_night_dn":14582,"qc_night":65,"modis_row":824,"modis_col":683,"source_product":"MOD11A2.061","composite_start":"2026-09-14","units":"degC","scale_factor":0.02},"geometry":{"type":"Polygon","coordinates":[[[77.7246367609757,13.13333333215391],[77.73319391574407,13.13333333215391],[77.7305569426357,13.124999998821327],[77.722000078155,13.124999998821327],[77.7246367609757,13.13333333215391]]]}},{"type":"Feature","properties":{"lst_c":27.41,"lst_k":300.56,"lst_day_dn":15028,"qc_day":0,"lst_night_c":null,"lst_night_k":null,"lst_night_dn":0,"qc_night":2,"modis_row":824,"modis_col":684,"source_product":"MOD11A2.061","composite_start":"2026-09-14","units":"degC","scale_factor":0.02},"geometry":{"type":"Polygon","coordinates":[[[77.73319391574407,13.13333333215391],[77.74175107051242,13.13333333215391],[77.7391138071164,13.124999998821327],[77.7305569426357,13.124999998821327],[77.73319391574407,13.13333333215391]]]}},{"type":"Feature","properties":{"lst_c":28.01,"lst_k":301.16,"lst_day_dn":15058,"qc_day":0,"lst_night_c":null,"lst_night_k":null,"lst_night_dn":0,"qc_night":2,"modis_row":824,"modis_col":685,"source_product":"MOD11A2.061","composite_start":"2026-09-14","units":"degC","scale_factor":0.02},"geometry":{"type":"Polygon","coordinates":[[[77.74175107051242,13.13333333215391],[77.75030822528078,13.13333333215391],[77.74767067159709,13.124999998821327],[77.7391138071164,13.124999998821327],[77.74175107051242,13.13333333215391]]]}},{"type":"Feature","properties":{"lst_c":28.17,"lst_k":301.32,"lst_day_dn":15066,"qc_day":0,"lst_night_c":null,"lst_night_k":null,"lst_night_dn":0,"qc_night":2,"modis_row":824,"modis_col":686,"source_product":"MOD11A2.061","composite_start":"2026-09-14","units":"degC","scale_factor":0.02},"geometry":{"type":"Polygon","coordinates":[[[77.75030822528078,13.13333333215391],[77.75886538004913,13.13333333215391],[77.75622753607779,13.124999998821327],[77.74767067159709,13.124999998821327],[77.75030822528078,13.13333333215391]]]}},{"type":"Feature","properties":{"lst_c":28.77,"lst_k":301.92,"lst_day_dn":15096,"qc_day":0,"lst_night_c":null,"lst_night_k":null,"lst_night_dn":0,"qc_night":2,"modis_row":824,"modis_col":687,"source_product":"MOD11A2.061","composite_start":"2026-09-14","units":"degC","scale_factor":0.02},"geometry":{"type":"Polygon","coordinates":[[[77.75886538004913,13.13333333215391],[77.76742253481748,13.13333333215391],[77.76478440055848,13.124999998821327],[77.75622753607779,13.124999998821327],[77.75886538004913,13.13333333215391]]]}},{"type":"Feature","properties":{"lst_c":29.09,"lst_k":302.24,"lst_day_dn":15112,"qc_day":0,"lst_night_c":null,"lst_night_k":null,"lst_night_dn":0,"qc_night":2,"modis_row":824,"modis_col":688,"source_product":"MOD11A2.061","composite_start":"2026-09-14","units":"degC","scale_factor":0.02},"geometry":{"type":"Polygon","coordinates":[[[77.76742253481748,13.13333333215391],[77.77597968958584,13.13333333215391],[77.77334126503918,13.124999998821327],[77.76478440055848,13.124999998821327],[77.76742253481748,13.13333333215391]]]}},{"type":"Feature","properties":{"lst_c":28.97,"lst_k":302.12,"lst_day_dn":15106,"qc_day":0,"lst_night_c":null,"lst_night_k":null,"lst_night_dn":0,"qc_night":2,"modis_row":824,"modis_col":689,"source_product":"MOD11A2.061","composite_start":"2026-09-14","units":"degC","scale_factor":0.02},"geometry":{"type":"Polygon","coordinates":[[[77.77597968958584,13.13333333215391],[77.78453684435418,13.13333333215391],[77.78189812951986,13.124999998821327],[77.77334126503918,13.124999998821327],[77.77597968958584,13.13333333215391]]]}},{"type":"Feature","properties":{"lst_c":28.93,"lst_k":302.08,"lst_day_dn":15104,"qc_day":0,"lst_night_c":null,"lst_night_k":null,"lst_night_dn":0,"qc_night":2,"modis_row":824,"modis_col":690,"source_product":"MOD11A2.061","composite_start":"2026-09-14","units":"degC","scale_factor":0.02},"geometry":{"type":"Polygon","coordinates":[[[77.78453684435418,13.13333333215391],[77.79309399912253,13.13333333215391],[77.79045499400056,13.124999998821327],[77.78189812951986,13.124999998821327],[77.78453684435418,13.13333333215391]]]}},{"type":"Feature","properties":{"lst_c":28.97,"lst_k":302.12,"lst_day_dn":15106,"qc_day":0,"lst_night_c":null,"lst_night_k":null,"lst_night_dn":0,"qc_night":2,"modis_row":824,"modis_col":691,"source_product":"MOD11A2.061","composite_start":"2026-09-14","units":"degC","scale_factor":0.02},"geometry":{"type":"Polygon","coordinates":[[[77.79309399912253,13.13333333215391],[77.80165115389089,13.13333333215391],[77.79901185848125,13.124999998821327],[77.79045499400056,13.124999998821327],[77.79309399912253,13.13333333215391]]]}},{"type":"Feature","properties":{"lst_c":28.93,"lst_k":302.08,"lst_day_dn":15104,"qc_day":0,"lst_night_c":null,"lst_night_k":null,"lst_night_dn":0,"qc_night":2,"modis_row":824,"modis_col":692,"source_product":"MOD11A2.061","composite_start":"2026-09-14","units":"degC","scale_factor":0.02},"geometry":{"type":"Polygon","coordinates":[[[77.80165115389089,13.13333333215391],[77.81020830865924,13.13333333215391],[77.80756872296195,13.124999998821327],[77.79901185848125,13.124999998821327],[77.80165115389089,13.13333333215391]]]}},{"type":"Feature","properties":{"lst_c":28.77,"lst_k":301.92,"lst_day_dn":15096,"qc_day":0,"lst_night_c":null,"lst_night_k":null,"lst_night_dn":0,"qc_night":2,"modis_row":824,"modis_col":693,"source_product":"MOD11A2.061","composite_start":"2026-09-14","units":"degC","scale_factor":0.02},"geometry":{"type":"Polygon","coordinates":[[[77.81020830865924,13.13333333215391],[77.81876546342761,13.13333333215391],[77.81612558744266,13.124999998821327],[77.80756872296195,13.124999998821327],[77.81020830865924,13.13333333215391]]]}},{"type":"Feature","properties":{"lst_c":28.89,"lst_k":302.04,"lst_day_dn":15102,"qc_day":0,"lst_night_c":null,"lst_night_k":null,"lst_night_dn":0,"qc_night":2,"modis_row":824,"modis_col":694,"source_product":"MOD11A2.061","composite_start":"2026-09-14","units":"degC","scale_factor":0.02},"geometry":{"type":"Polygon","coordinates":[[[77.81876546342761,13.13333333215391],[77.82732261819596,13.13333333215391],[77.82468245192334,13.124999998821327],[77.81612558744266,13.124999998821327],[77.81876546342761,13.13333333215391]]]}},{"type":"Feature","properties":{"lst_c":29.17,"lst_k":302.32,"lst_day_dn":15116,"qc_day":0,"lst_night_c":null,"lst_night_k":null,"lst_night_dn":0,"qc_night":2,"modis_row":824,"modis_col":695,"source_product":"MOD11A2.061","composite_start":"2026-09-14","units":"degC","scale_factor":0.02},"geometry":{"type":"Polygon","coordinates":[[[77.82732261819596,13.13333333215391],[77.83587977296432,13.13333333215391],[77.83323931640403,13.124999998821327],[77.82468245192334,13.124999998821327],[77.82732261819596,13.13333333215391]]]}},{"type":"Feature","properties":{"lst_c":29.09,"lst_k":302.24,"lst_day_dn":15112,"qc_day":0,"lst_night_c":null,"lst_night_k":null,"lst_night_dn":0,"qc_night":2,"modis_row":824,"modis_col":696,"source_product":"MOD11A2.061","composite_start":"2026-09-14","units":"degC","scale_factor":0.02},"geometry":{"type":"Polygon","coordinates":[[[77.83587977296432,13.13333333215391],[77.84443692773267,13.13333333215391],[77.84179618088473,13.124999998821327],[77.83323931640403,13.124999998821327],[77.83587977296432,13.13333333215391]]]}},{"type":"Feature","properties":{"lst_c":31.99,"lst_k":305.14,"lst_day_dn":15257,"qc_day":0,"lst_night_c":21.77,"lst_night_k":294.92,"lst_night_dn":14746,"qc_night":0,"modis_row":825,"modis_col":653,"source_product":"MOD11A2.061","composite_start":"2026-09-14","units":"degC","scale_factor":0.02},"geometry":{"type":"Polygon","coordinates":[[[77.46529414373414,13.124999998821327],[77.47385100821484,13.124999998821327],[77.47122456081921,13.116666665488742],[77.46266798642547,13.116666665488742],[77.46529414373414,13.124999998821327]]]}},{"type":"Feature","properties":{"lst_c":31.35,"lst_k":304.5,"lst_day_dn":15225,"qc_day":0,"lst_night_c":21.51,"lst_night_k":294.66,"lst_night_dn":14733,"qc_night":0,"modis_row":825,"modis_col":654,"source_product":"MOD11A2.061","composite_start":"2026-09-14","units":"degC","scale_factor":0.02},"geometry":{"type":"Polygon","coordinates":[[[77.47385100821484,13.124999998821327],[77.48240787269553,13.124999998821327],[77.47978113521293,13.116666665488742],[77.47122456081921,13.116666665488742],[77.47385100821484,13.124999998821327]]]}},{"type":"Feature","properties":{"lst_c":30.63,"lst_k":303.78,"lst_day_dn":15189,"qc_day":0,"lst_night_c":20.71,"lst_night_k":293.86,"lst_night_dn":14693,"qc_night":0,"modis_row":825,"modis_col":655,"source_product":"MOD11A2.061","composite_start":"2026-09-14","units":"degC","scale_factor":0.02},"geometry":{"type":"Polygon","coordinates":[[[77.48240787269553,13.124999998821327],[77.49096473717624,13.124999998821327],[77.48833770960668,13.116666665488742],[77.47978113521293,13.116666665488742],[77.48240787269553,13.124999998821327]]]}},{"type":"Feature","properties":{"lst_c":30.81,"lst_k":303.96,"lst_day_dn":15198,"qc_day":0,"lst_night_c":20.81,"lst_night_k":293.96,"lst_night_dn":14698,"qc_night":0,"modis_row":825,"modis_col":656,"source_product":"MOD11A2.061","composite_start":"2026-09-14","units":"degC","scale_factor":0.02},"geometry":{"type":"Polygon","coordinates":[[[77.49096473717624,13.124999998821327],[77.49952160165694,13.124999998821327],[77.4968942840004,13.116666665488742],[77.48833770960668,13.116666665488742],[77.49096473717624,13.124999998821327]]]}},{"type":"Feature","properties":{"lst_c":30.61,"lst_k":303.76,"lst_day_dn":15188,"qc_day":0,"lst_night_c":21.13,"lst_night_k":294.28,"lst_night_dn":14714,"qc_night":0,"modis_row":825,"modis_col":657,"source_product":"MOD11A2.061","composite_start":"2026-09-14","units":"degC","scale_factor":0.02},"geometry":{"type":"Polygon","coordinates":[[[77.49952160165694,13.124999998821327],[77.50807846613762,13.124999998821327],[77.50545085839413,13.116666665488742],[77.4968942840004,13.116666665488742],[77.49952160165694,13.124999998821327]]]}},{"type":"Feature","properties":{"lst_c":30.33,"lst_k":303.48,"lst_day_dn":15174,"qc_day":0,"lst_night_c":21.37,"lst_night_k":294.52,"lst_night_dn":14726,"qc_night":0,"modis_row":825,"modis_col":658,"source_product":"MOD11A2.061","composite_start":"2026-09-14","units":"degC","scale_factor":0.02},"geometry":{"type":"Polygon","coordinates":[[[77.50807846613762,13.124999998821327],[77.51663533061831,13.124999998821327],[77.51400743278786,13.116666665488742],[77.50545085839413,13.116666665488742],[77.50807846613762,13.124999998821327]]]}},{"type":"Feature","properties":{"lst_c":30.25,"lst_k":303.4,"lst_day_dn":15170,"qc_day":0,"lst_night_c":21.55,"lst_night_k":294.7,"lst_night_dn":14735,"qc_night":0,"modis_row":825,"modis_col":659,"source_product":"MOD11A2.061","composite_start":"2026-09-14","units":"degC","scale_factor":0.02},"geometry":{"type":"Polygon","coordinates":[[[77.51663533061831,13.124999998821327],[77.525192195099,13.124999998821327],[77.52256400718157,13.116666665488742],[77.51400743278786,13.116666665488742],[77.51663533061831,13.124999998821327]]]}},{"type":"Feature","properties":{"lst_c":30.51,"lst_k":303.66,"lst_day_dn":15183,"qc_day":0,"lst_night_c":21.33,"lst_night_k":294.48,"lst_night_dn":14724,"qc_night":0,"modis_row":825,"modis_col":660,"source_product":"MOD11A2.061","composite_start":"2026-09-14","units":"degC","scale_factor":0.02},"geometry":{"type":"Polygon","coordinates":[[[77.525192195099,13.124999998821327],[77.5337490595797,13.124999998821327],[77.53112058157531,13.116666665488742],[77.52256400718157,13.116666665488742],[77.525192195099,13.124999998821327]]]}},{"type":"Feature","properties":{"lst_c":30.69,"lst_k":303.84,"lst_day_dn":15192,"qc_day":0,"lst_night_c":21.31,"lst_night_k":294.46,"lst_night_dn":14723,"qc_night":0,"modis_row":825,"modis_col":661,"source_product":"MOD11A2.061","composite_start":"2026-09-14","units":"degC","scale_factor":0.02},"geometry":{"type":"Polygon","coordinates":[[[77.5337490595797,13.124999998821327],[77.5423059240604,13.124999998821327],[77.53967715596903,13.116666665488742],[77.53112058157531,13.116666665488742],[77.5337490595797,13.124999998821327]]]}},{"type":"Feature","properties":{"lst_c":30.51,"lst_k":303.66,"lst_day_dn":15183,"qc_day":0,"lst_night_c":22.37,"lst_night_k":295.52,"lst_night_dn":14776,"qc_night":0,"modis_row":825,"modis_col":662,"source_product":"MOD11A2.061","composite_start":"2026-09-14","units":"degC","scale_factor":0.02},"geometry":{"type":"Polygon","coordinates":[[[77.5423059240604,13.124999998821327],[77.5508627885411,13.124999998821327],[77.54823373036277,13.116666665488742],[77.53967715596903,13.116666665488742],[77.5423059240604,13.124999998821327]]]}},{"type":"Feature","properties":{"lst_c":30.63,"lst_k":303.78,"lst_day_dn":15189,"qc_day":0,"lst_night_c":22.99,"lst_night_k":296.14,"lst_night_dn":14807,"qc_night":0,"modis_row":825,"modis_col":663,"source_product":"MOD11A2.061","composite_start":"2026-09-14","units":"degC","scale_factor":0.02},"geometry":{"type":"Polygon","coordinates":[[[77.5508627885411,13.124999998821327],[77.55941965302178,13.124999998821327],[77.55679030475649,13.116666665488742],[77.54823373036277,13.116666665488742],[77.5508627885411,13.124999998821327]]]}},{"type":"Feature","properties":{"lst_c":30.97,"lst_k":304.12,"lst_day_dn":15206,"qc_day":0,"lst_night_c":23.23,"lst_night_k":296.38,"lst_night_dn":14819,"qc_night":0,"modis_row":825,"modis_col":664,"source_product":"MOD11A2.061","composite_start":"2026-09-14","units":"degC","scale_factor":0.02},"geometry":{"type":"Polygon","coordinates":[[[77.55941965302178,13.124999998821327],[77.56797651750249,13.124999998821327],[77.56534687915023,13.116666665488742],[77.55679030475649,13.116666665488742],[77.55941965302178,13.124999998821327]]]}},{"type":"Feature","properties":{"lst_c":30.19,"lst_k":303.34,"lst_day_dn":15167,"qc_day":0,"lst_night_c":23.27,"lst_night_k":296.42,"lst_night_dn":14821,"qc_night":0,"modis_row":825,"modis_col":665,"source_product":"MOD11A2.061","composite_start":"2026-09-14","units":"degC","scale_factor":0.02},"geometry":{"type":"Polygon","coordinates":[[[77.56797651750249,13.124999998821327],[77.57653338198318,13.124999998821327],[77.57390345354395,13.116666665488742],[77.56534687915023,13.116666665488742],[77.56797651750249,13.124999998821327]]]}},{"type":"Feature","properties":{"lst_c":29.17,"lst_k":302.32,"lst_day_dn":15116,"qc_day":0,"lst_night_c":23.33,"lst_night_k":296.48,"lst_night_dn":14824,"qc_night":0,"modis_row":825,"modis_col":666,"source_product":"MOD11A2.061","composite_start":"2026-09-14","units":"degC","scale_factor":0.02},"geometry":{"type":"Polygon","coordinates":[[[77.57653338198318,13.124999998821327],[77.58509024646388,13.124999998821327],[77.58246002793767,13.116666665488742],[77.57390345354395,13.116666665488742],[77.57653338198318,13.124999998821327]]]}},{"type":"Feature","properties":{"lst_c":28.63,"lst_k":301.78,"lst_day_dn":15089,"qc_day":0,"lst_night_c":23.53,"lst_night_k":296.68,"lst_night_dn":14834,"qc_night":0,"modis_row":825,"modis_col":667,"source_product":"MOD11A2.061","composite_start":"2026-09-14","units":"degC","scale_factor":0.02},"geometry":{"type":"Polygon","coordinates":[[[77.58509024646388,13.124999998821327],[77.59364711094457,13.124999998821327],[77.59101660233142,13.116666665488742],[77.58246002793767,13.116666665488742],[77.58509024646388,13.124999998821327]]]}},{"type":"Feature","properties":{"lst_c":28.81,"lst_k":301.96,"lst_day_dn":15098,"qc_day":0,"lst_night_c":23.43,"lst_night_k":296.58,"lst_night_dn":14829,"qc_night":0,"modis_row":825,"modis_col":668,"source_product":"MOD11A2.061","composite_start":"2026-09-14","units":"degC","scale_factor":0.02},"geometry":{"type":"Polygon","coordinates":[[[77.59364711094457,13.124999998821327],[77.60220397542527,13.124999998821327],[77.59957317672514,13.116666665488742],[77.59101660233142,13.116666665488742],[77.59364711094457,13.124999998821327]]]}},{"type":"Feature","properties":{"lst_c":29.19,"lst_k":302.34,"lst_day_dn":15117,"qc_day":0,"lst_night_c":23.41,"lst_night_k":296.56,"lst_night_dn":14828,"qc_night":0,"modis_row":825,"modis_col":669,"source_product":"MOD11A2.061","composite_start":"2026-09-14","units":"degC","scale_factor":0.02},"geometry":{"type":"Polygon","coordinates":[[[77.60220397542527,13.124999998821327],[77.61076083990596,13.124999998821327],[77.60812975111887,13.116666665488742],[77.59957317672514,13.116666665488742],[77.60220397542527,13.124999998821327]]]}},{"type":"Feature","properties":{"lst_c":29.37,"lst_k":302.52,"lst_day_dn":15126,"qc_day":0,"lst_night_c":23.75,"lst_night_k":296.9,"lst_night_dn":14845,"qc_night":0,"modis_row":825,"modis_col":670,"source_product":"MOD11A2.061","composite_start":"2026-09-14","units":"degC","scale_factor":0.02},"geometry":{"type":"Polygon","coordinates":[[[77.61076083990596,13.124999998821327],[77.61931770438666,13.124999998821327],[77.6166863255126,13.116666665488742],[77.60812975111887,13.116666665488742],[77.61076083990596,13.124999998821327]]]}},{"type":"Feature","properties":{"lst_c":28.87,"lst_k":302.02,"lst_day_dn":15101,"qc_day":0,"lst_night_c":23.57,"lst_night_k":296.72,"lst_night_dn":14836,"qc_night":0,"modis_row":825,"modis_col":671,"source_product":"MOD11A2.061","composite_start":"2026-09-14","units":"degC","scale_factor":0.02},"geometry":{"type":"Polygon","coordinates":[[[77.61931770438666,13.124999998821327],[77.62787456886736,13.124999998821327],[77.62524289990633,13.116666665488742],[77.6166863255126,13.116666665488742],[77.61931770438666,13.124999998821327]]]}},{"type":"Feature","properties":{"lst_c":29.15,"lst_k":302.3,"lst_day_dn":15115,"qc_day":0,"lst_night_c":23.13,"lst_night_k":296.28,"lst_night_dn":14814,"qc_night":0,"modis_row":825,"modis_col":672,"source_product":"MOD11A2.061","composite_start":"2026-09-14","units":"degC","scale_factor":0.02},"geometry":{"type":"Polygon","coordinates":[[[77.62787456886736,13.124999998821327],[77.63643143334806,13.124999998821327],[77.63379947430006,13.116666665488742],[77.62524289990633,13.116666665488742],[77.62787456886736,13.124999998821327]]]}},{"type":"Feature","properties":{"lst_c":29.59,"lst_k":302.74,"lst_day_dn":15137,"qc_day":0,"lst_night_c":22.37,"lst_night_k":295.52,"lst_night_dn":14776,"qc_night":0,"modis_row":825,"modis_col":673,"source_product":"MOD11A2.061","composite_start":"2026-09-14","units":"degC","scale_factor":0.02},"geometry":{"type":"Polygon","coordinates":[[[77.63643143334806,13.124999998821327],[77.64498829782875,13.124999998821327],[77.64235604869378,13.116666665488742],[77.63379947430006,13.116666665488742],[77.63643143334806,13.124999998821327]]]}},{"type":"Feature","properties":{"lst_c":30.13,"lst_k":303.28,"lst_day_dn":15164,"qc_day":0,"lst_night_c":21.53,"lst_night_k":294.68,"lst_night_dn":14734,"qc_night":0,"modis_row":825,"modis_col":674,"source_product":"MOD11A2.061","composite_start":"2026-09-14","units":"degC","scale_factor":0.02},"geometry":{"type":"Polygon","coordinates":[[[77.64498829782875,13.124999998821327],[77.65354516230943,13.124999998821327],[77.6509126230875,13.116666665488742],[77.64235604869378,13.116666665488742],[77.64498829782875,13.124999998821327]]]}},{"type":"Feature","properties":{"lst_c":30.33,"lst_k":303.48,"lst_day_dn":15174,"qc_day":0,"lst_night_c":22.31,"lst_night_k":295.46,"lst_night_dn":14773,"qc_night":65,"modis_row":825,"modis_col":675,"source_product":"MOD11A2.061","composite_start":"2026-09-14","units":"degC","scale_factor":0.02},"geometry":{"type":"Polygon","coordinates":[[[77.65354516230943,13.124999998821327],[77.66210202679012,13.124999998821327],[77.65946919748123,13.116666665488742],[77.6509126230875,13.116666665488742],[77.65354516230943,13.124999998821327]]]}},{"type":"Feature","properties":{"lst_c":30.69,"lst_k":303.84,"lst_day_dn":15192,"qc_day":0,"lst_night_c":22.57,"lst_night_k":295.72,"lst_night_dn":14786,"qc_night":65,"modis_row":825,"modis_col":676,"source_product":"MOD11A2.061","composite_start":"2026-09-14","units":"degC","scale_factor":0.02},"geometry":{"type":"Polygon","coordinates":[[[77.66210202679012,13.124999998821327],[77.67065889127082,13.124999998821327],[77.66802577187497,13.116666665488742],[77.65946919748123,13.116666665488742],[77.66210202679012,13.124999998821327]]]}},{"type":"Feature","properties":{"lst_c":30.51,"lst_k":303.66,"lst_day_dn":15183,"qc_day":0,"lst_night_c":22.69,"lst_night_k":295.84,"lst_night_dn":14792,"qc_night":65,"modis_row":825,"modis_col":677,"source_product":"MOD11A2.061","composite_start":"2026-09-14","units":"degC","scale_factor":0.02},"geometry":{"type":"Polygon","coordinates":[[[77.67065889127082,13.124999998821327],[77.67921575575153,13.124999998821327],[77.67658234626869,13.116666665488742],[77.66802577187497,13.116666665488742],[77.67065889127082,13.124999998821327]]]}},{"type":"Feature","properties":{"lst_c":29.93,"lst_k":303.08,"lst_day_dn":15154,"qc_day":0,"lst_night_c":22.45,"lst_night_k":295.6,"lst_night_dn":14780,"qc_night":65,"modis_row":825,"modis_col":678,"source_product":"MOD11A2.061","composite_start":"2026-09-14","units":"degC","scale_factor":0.02},"geometry":{"type":"Polygon","coordinates":[[[77.67921575575153,13.124999998821327],[77.68777262023222,13.124999998821327],[77.68513892066241,13.116666665488742],[77.67658234626869,13.116666665488742],[77.67921575575153,13.124999998821327]]]}},{"type":"Feature","properties":{"lst_c":28.93,"lst_k":302.08,"lst_day_dn":15104,"qc_day":0,"lst_night_c":22.35,"lst_night_k":295.5,"lst_night_dn":14775,"qc_night":65,"modis_row":825,"modis_col":679,"source_product":"MOD11A2.061","composite_start":"2026-09-14","units":"degC","scale_factor":0.02},"geometry":{"type":"Polygon","coordinates":[[[77.68777262023222,13.124999998821327],[77.6963294847129,13.124999998821327],[77.69369549505616,13.116666665488742],[77.68513892066241,13.116666665488742],[77.68777262023222,13.124999998821327]]]}},{"type":"Feature","properties":{"lst_c":27.51,"lst_k":300.66,"lst_day_dn":15033,"qc_day":0,"lst_night_c":21.45,"lst_night_k":294.6,"lst_night_dn":14730,"qc_night":65,"modis_row":825,"modis_col":680,"source_product":"MOD11A2.061","composite_start":"2026-09-14","units":"degC","scale_factor":0.02},"geometry":{"type":"Polygon","coordinates":[[[77.6963294847129,13.124999998821327],[77.70488634919361,13.124999998821327],[77.70225206944988,13.116666665488742],[77.69369549505616,13.116666665488742],[77.6963294847129,13.124999998821327]]]}},{"type":"Feature","properties":{"lst_c":27.37,"lst_k":300.52,"lst_day_dn":15026,"qc_day":0,"lst_night_c":20.29,"lst_night_k":293.44,"lst_night_dn":14672,"qc_night":65,"modis_row":825,"modis_col":681,"source_product":"MOD11A2.061","composite_start":"2026-09-14","units":"degC","scale_factor":0.02},"geometry":{"type":"Polygon","coordinates":[[[77.70488634919361,13.124999998821327],[77.71344321367431,13.124999998821327],[77.71080864384362,13.116666665488742],[77.70225206944988,13.116666665488742],[77.70488634919361,13.124999998821327]]]}},{"type":"Feature","properties":{"lst_c":27.65,"lst_k":300.8,"lst_day_dn":15040,"qc_day":0,"lst_night_c":19.31,"lst_night_k":292.46,"lst_night_dn":14623,"qc_night":65,"modis_row":825,"modis_col":682,"source_product":"MOD11A2.061","composite_start":"2026-09-14","units":"degC","scale_factor":0.02},"geometry":{"type":"Polygon","coordinates":[[[77.71344321367431,13.124999998821327],[77.722000078155,13.124999998821327],[77.71936521823734,13.116666665488742],[77.71080864384362,13.116666665488742],[77.71344321367431,13.124999998821327]]]}},{"type":"Feature","properties":{"lst_c":27.41,"lst_k":300.56,"lst_day_dn":15028,"qc_day":0,"lst_night_c":18.61,"lst_night_k":291.76,"lst_night_dn":14588,"qc_night":65,"modis_row":825,"modis_col":683,"source_product":"MOD11A2.061","composite_start":"2026-09-14","units":"degC","scale_factor":0.02},"geometry":{"type":"Polygon","coordinates":[[[77.722000078155,13.124999998821327],[77.7305569426357,13.124999998821327],[77.72792179263107,13.116666665488742],[77.71936521823734,13.116666665488742],[77.722000078155,13.124999998821327]]]}},{"type":"Feature","properties":{"lst_c":27.37,"lst_k":300.52,"lst_day_dn":15026,"qc_day":0,"lst_night_c":null,"lst_night_k":null,"lst_night_dn":0,"qc_night":2,"modis_row":825,"modis_col":684,"source_product":"MOD11A2.061","composite_start":"2026-09-14","units":"degC","scale_factor":0.02},"geometry":{"type":"Polygon","coordinates":[[[77.7305569426357,13.124999998821327],[77.7391138071164,13.124999998821327],[77.7364783670248,13.116666665488742],[77.72792179263107,13.116666665488742],[77.7305569426357,13.124999998821327]]]}},{"type":"Feature","properties":{"lst_c":27.79,"lst_k":300.94,"lst_day_dn":15047,"qc_day":0,"lst_night_c":null,"lst_night_k":null,"lst_night_dn":0,"qc_night":2,"modis_row":825,"modis_col":685,"source_product":"MOD11A2.061","composite_start":"2026-09-14","units":"degC","scale_factor":0.02},"geometry":{"type":"Polygon","coordinates":[[[77.7391138071164,13.124999998821327],[77.74767067159709,13.124999998821327],[77.74503494141852,13.116666665488742],[77.7364783670248,13.116666665488742],[77.7391138071164,13.124999998821327]]]}},{"type":"Feature","properties":{"lst_c":27.99,"lst_k":301.14,"lst_day_dn":15057,"qc_day":0,"lst_night_c":null,"lst_night_k":null,"lst_night_dn":0,"qc_night":2,"modis_row":825,"modis_col":686,"source_product":"MOD11A2.061","composite_start":"2026-09-14","units":"degC","scale_factor":0.02},"geometry":{"type":"Polygon","coordinates":[[[77.74767067159709,13.124999998821327],[77.75622753607779,13.124999998821327],[77.75359151581226,13.116666665488742],[77.74503494141852,13.116666665488742],[77.74767067159709,13.124999998821327]]]}},{"type":"Feature","properties":{"lst_c":28.49,"lst_k":301.64,"lst_day_dn":15082,"qc_day":0,"lst_night_c":null,"lst_night_k":null,"lst_night_dn":0,"qc_night":2,"modis_row":825,"modis_col":687,"source_product":"MOD11A2.061","composite_start":"2026-09-14","units":"degC","scale_factor":0.02},"geometry":{"type":"Polygon","coordinates":[[[77.75622753607779,13.124999998821327],[77.76478440055848,13.124999998821327],[77.762148090206,13.116666665488742],[77.75359151581226,13.116666665488742],[77.75622753607779,13.124999998821327]]]}},{"type":"Feature","properties":{"lst_c":28.51,"lst_k":301.66,"lst_day_dn":15083,"qc_day":0,"lst_night_c":null,"lst_night_k":null,"lst_night_dn":0,"qc_night":2,"modis_row":825,"modis_col":688,"source_product":"MOD11A2.061","composite_start":"2026-09-14","units":"degC","scale_factor":0.02},"geometry":{"type":"Polygon","coordinates":[[[77.76478440055848,13.124999998821327],[77.77334126503918,13.124999998821327],[77.77070466459972,13.116666665488742],[77.762148090206,13.116666665488742],[77.76478440055848,13.124999998821327]]]}},{"type":"Feature","properties":{"lst_c":28.39,"lst_k":301.54,"lst_day_dn":15077,"qc_day":0,"lst_night_c":null,"lst_night_k":null,"lst_night_dn":0,"qc_night":2,"modis_row":825,"modis_col":689,"source_product":"MOD11A2.061","composite_start":"2026-09-14","units":"degC","scale_factor":0.02},"geometry":{"type":"Polygon","coordinates":[[[77.77334126503918,13.124999998821327],[77.78189812951986,13.124999998821327],[77.77926123899343,13.116666665488742],[77.77070466459972,13.116666665488742],[77.77334126503918,13.124999998821327]]]}},{"type":"Feature","properties":{"lst_c":28.41,"lst_k":301.56,"lst_day_dn":15078,"qc_day":0,"lst_night_c":null,"lst_night_k":null,"lst_night_dn":0,"qc_night":2,"modis_row":825,"modis_col":690,"source_product":"MOD11A2.061","composite_start":"2026-09-14","units":"degC","scale_factor":0.02},"geometry":{"type":"Polygon","coordinates":[[[77.78189812951986,13.124999998821327],[77.79045499400056,13.124999998821327],[77.78781781338716,13.116666665488742],[77.77926123899343,13.116666665488742],[77.78189812951986,13.124999998821327]]]}},{"type":"Feature","properties":{"lst_c":28.67,"lst_k":301.82,"lst_day_dn":15091,"qc_day":0,"lst_night_c":null,"lst_night_k":null,"lst_night_dn":0,"qc_night":2,"modis_row":825,"modis_col":691,"source_product":"MOD11A2.061","composite_start":"2026-09-14","units":"degC","scale_factor":0.02},"geometry":{"type":"Polygon","coordinates":[[[77.79045499400056,13.124999998821327],[77.79901185848125,13.124999998821327],[77.7963743877809,13.116666665488742],[77.78781781338716,13.116666665488742],[77.79045499400056,13.124999998821327]]]}},{"type":"Feature","properties":{"lst_c":28.69,"lst_k":301.84,"lst_day_dn":15092,"qc_day":0,"lst_night_c":null,"lst_night_k":null,"lst_night_dn":0,"qc_night":2,"modis_row":825,"modis_col":692,"source_product":"MOD11A2.061","composite_start":"2026-09-14","units":"degC","scale_factor":0.02},"geometry":{"type":"Polygon","coordinates":[[[77.79901185848125,13.124999998821327],[77.80756872296195,13.124999998821327],[77.80493096217462,13.116666665488742],[77.7963743877809,13.116666665488742],[77.79901185848125,13.124999998821327]]]}},{"type":"Feature","properties":{"lst_c":28.59,"lst_k":301.74,"lst_day_dn":15087,"qc_day":0,"lst_night_c":null,"lst_night_k":null,"lst_night_dn":0,"qc_night":2,"modis_row":825,"modis_col":693,"source_product":"MOD11A2.061","composite_start":"2026-09-14","units":"degC","scale_factor":0.02},"geometry":{"type":"Polygon","coordinates":[[[77.80756872296195,13.124999998821327],[77.81612558744266,13.124999998821327],[77.81348753656836,13.116666665488742],[77.80493096217462,13.116666665488742],[77.80756872296195,13.124999998821327]]]}},{"type":"Feature","properties":{"lst_c":28.63,"lst_k":301.78,"lst_day_dn":15089,"qc_day":0,"lst_night_c":null,"lst_night_k":null,"lst_night_dn":0,"qc_night":2,"modis_row":825,"modis_col":694,"source_product":"MOD11A2.061","composite_start":"2026-09-14","units":"degC","scale_factor":0.02},"geometry":{"type":"Polygon","coordinates":[[[77.81612558744266,13.124999998821327],[77.82468245192334,13.124999998821327],[77.82204411096208,13.116666665488742],[77.81348753656836,13.116666665488742],[77.81612558744266,13.124999998821327]]]}},{"type":"Feature","properties":{"lst_c":29.27,"lst_k":302.42,"lst_day_dn":15121,"qc_day":0,"lst_night_c":null,"lst_night_k":null,"lst_night_dn":0,"qc_night":2,"modis_row":825,"modis_col":695,"source_product":"MOD11A2.061","composite_start":"2026-09-14","units":"degC","scale_factor":0.02},"geometry":{"type":"Polygon","coordinates":[[[77.82468245192334,13.124999998821327],[77.83323931640403,13.124999998821327],[77.8306006853558,13.116666665488742],[77.82204411096208,13.116666665488742],[77.82468245192334,13.124999998821327]]]}},{"type":"Feature","properties":{"lst_c":29.29,"lst_k":302.44,"lst_day_dn":15122,"qc_day":0,"lst_night_c":null,"lst_night_k":null,"lst_night_dn":0,"qc_night":2,"modis_row":825,"modis_col":696,"source_product":"MOD11A2.061","composite_start":"2026-09-14","units":"degC","scale_factor":0.02},"geometry":{"type":"Polygon","coordinates":[[[77.83323931640403,13.124999998821327],[77.84179618088473,13.124999998821327],[77.83915725974954,13.116666665488742],[77.8306006853558,13.116666665488742],[77.83323931640403,13.124999998821327]]]}},{"type":"Feature","properties":{"lst_c":31.91,"lst_k":305.06,"lst_day_dn":15253,"qc_day":0,"lst_night_c":20.97,"lst_night_k":294.12,"lst_night_dn":14706,"qc_night":65,"modis_row":826,"modis_col":653,"source_product":"MOD11A2.061","composite_start":"2026-09-14","units":"degC","scale_factor":0.02},"geometry":{"type":"Polygon","coordinates":[[[77.46266798642547,13.116666665488742],[77.47122456081921,13.116666665488742],[77.4685999302106,13.108333332156155],[77.46004364570318,13.108333332156155],[77.46266798642547,13.116666665488742]]]}},{"type":"Feature","properties":{"lst_c":31.35,"lst_k":304.5,"lst_day_dn":15225,"qc_day":0,"lst_night_c":21.33,"lst_night_k":294.48,"lst_night_dn":14724,"qc_night":65,"modis_row":826,"modis_col":654,"source_product":"MOD11A2.061","composite_start":"2026-09-14","units":"degC","scale_factor":0.02},"geometry":{"type":"Polygon","coordinates":[[[77.47122456081921,13.116666665488742],[77.47978113521293,13.116666665488742],[77.47715621471802,13.108333332156155],[77.4685999302106,13.108333332156155],[77.47122456081921,13.116666665488742]]]}},{"type":"Feature","properties":{"lst_c":30.53,"lst_k":303.68,"lst_day_dn":15184,"qc_day":0,"lst_night_c":21.73,"lst_night_k":294.88,"lst_night_dn":14744,"qc_night":65,"modis_row":826,"modis_col":655,"source_product":"MOD11A2.061","composite_start":"2026-09-14","units":"degC","scale_factor":0.02},"geometry":{"type":"Polygon","coordinates":[[[77.47978113521293,13.116666665488742],[77.48833770960668,13.116666665488742],[77.48571249922546,13.108333332156155],[77.47715621471802,13.108333332156155],[77.47978113521293,13.116666665488742]]]}},{"type":"Feature","properties":{"lst_c":30.71,"lst_k":303.86,"lst_day_dn":15193,"qc_day":0,"lst_night_c":20.79,"lst_night_k":293.94,"lst_night_dn":14697,"qc_night":65,"modis_row":826,"modis_col":656,"source_product":"MOD11A2.061","composite_start":"2026-09-14","units":"degC","scale_factor":0.02},"geometry":{"type":"Polygon","coordinates":[[[77.48833770960668,13.116666665488742],[77.4968942840004,13.116666665488742],[77.49426878373288,13.108333332156155],[77.48571249922546,13.108333332156155],[77.48833770960668,13.116666665488742]]]}},{"type":"Feature","properties":{"lst_c":30.73,"lst_k":303.88,"lst_day_dn":15194,"qc_day":0,"lst_night_c":20.49,"lst_night_k":293.64,"lst_night_dn":14682,"qc_night":0,"modis_row":826,"modis_col":657,"source_product":"MOD11A2.061","composite_start":"2026-09-14","units":"degC","scale_factor":0.02},"geometry":{"type":"Polygon","coordinates":[[[77.4968942840004,13.116666665488742],[77.50545085839413,13.116666665488742],[77.5028250682403,13.108333332156155],[77.49426878373288,13.108333332156155],[77.4968942840004,13.116666665488742]]]}},{"type":"Feature","properties":{"lst_c":30.95,"lst_k":304.1,"lst_day_dn":15205,"qc_day":0,"lst_night_c":20.79,"lst_night_k":293.94,"lst_night_dn":14697,"qc_night":0,"modis_row":826,"modis_col":658,"source_product":"MOD11A2.061","composite_start":"2026-09-14","units":"degC","scale_factor":0.02},"geometry":{"type":"Polygon","coordinates":[[[77.50545085839413,13.116666665488742],[77.51400743278786,13.116666665488742],[77.51138135274773,13.108333332156155],[77.5028250682403,13.108333332156155],[77.50545085839413,13.116666665488742]]]}},{"type":"Feature","properties":{"lst_c":31.27,"lst_k":304.42,"lst_day_dn":15221,"qc_day":0,"lst_night_c":21.07,"lst_night_k":294.22,"lst_night_dn":14711,"qc_night":0,"modis_row":826,"modis_col":659,"source_product":"MOD11A2.061","composite_start":"2026-09-14","units":"degC","scale_factor":0.02},"geometry":{"type":"Polygon","coordinates":[[[77.51400743278786,13.116666665488742],[77.52256400718157,13.116666665488742],[77.51993763725514,13.108333332156155],[77.51138135274773,13.108333332156155],[77.51400743278786,13.116666665488742]]]}},{"type":"Feature","properties":{"lst_c":31.87,"lst_k":305.02,"lst_day_dn":15251,"qc_day":0,"lst_night_c":21.07,"lst_night_k":294.22,"lst_night_dn":14711,"qc_night":0,"modis_row":826,"modis_col":660,"source_product":"MOD11A2.061","composite_start":"2026-09-14","units":"degC","scale_factor":0.02},"geometry":{"type":"Polygon","coordinates":[[[77.52256400718157,13.116666665488742],[77.53112058157531,13.116666665488742],[77.52849392176256,13.108333332156155],[77.51993763725514,13.108333332156155],[77.52256400718157,13.116666665488742]]]}},{"type":"Feature","properties":{"lst_c":31.45,"lst_k":304.6,"lst_day_dn":15230,"qc_day":0,"lst_night_c":20.89,"lst_night_k":294.04,"lst_night_dn":14702,"qc_night":0,"modis_row":826,"modis_col":661,"source_product":"MOD11A2.061","composite_start":"2026-09-14","units":"degC","scale_factor":0.02},"geometry":{"type":"Polygon","coordinates":[[[77.53112058157531,13.116666665488742],[77.53967715596903,13.116666665488742],[77.53705020627,13.108333332156155],[77.52849392176256,13.108333332156155],[77.53112058157531,13.116666665488742]]]}},{"type":"Feature","properties":{"lst_c":30.75,"lst_k":303.9,"lst_day_dn":15195,"qc_day":0,"lst_night_c":21.23,"lst_night_k":294.38,"lst_night_dn":14719,"qc_night":0,"modis_row":826,"modis_col":662,"source_product":"MOD11A2.061","composite_start":"2026-09-14","units":"degC","scale_factor":0.02},"geometry":{"type":"Polygon","coordinates":[[[77.53967715596903,13.116666665488742],[77.54823373036277,13.116666665488742],[77.54560649077742,13.108333332156155],[77.53705020627,13.108333332156155],[77.53967715596903,13.116666665488742]]]}},{"type":"Feature","properties":{"lst_c":30.31,"lst_k":303.46,"lst_day_dn":15173,"qc_day":0,"lst_night_c":22.97,"lst_night_k":296.12,"lst_night_dn":14806,"qc_night":0,"modis_row":826,"modis_col":663,"source_product":"MOD11A2.061","composite_start":"2026-09-14","units":"degC","scale_factor":0.02},"geometry":{"type":"Polygon","coordinates":[[[77.54823373036277,13.116666665488742],[77.55679030475649,13.116666665488742],[77.55416277528484,13.108333332156155],[77.54560649077742,13.108333332156155],[77.54823373036277,13.116666665488742]]]}},{"type":"Feature","properties":{"lst_c":31.39,"lst_k":304.54,"lst_day_dn":15227,"qc_day":0,"lst_night_c":23.59,"lst_night_k":296.74,"lst_night_dn":14837,"qc_night":0,"modis_row":826,"modis_col":664,"source_product":"MOD11A2.061","composite_start":"2026-09-14","units":"degC","scale_factor":0.02},"geometry":{"type":"Polygon","coordinates":[[[77.55679030475649,13.116666665488742],[77.56534687915023,13.116666665488742],[77.56271905979226,13.108333332156155],[77.55416277528484,13.108333332156155],[77.55679030475649,13.116666665488742]]]}},{"type":"Feature","properties":{"lst_c":29.99,"lst_k":303.14,"lst_day_dn":15157,"qc_day":0,"lst_night_c":23.17,"lst_night_k":296.32,"lst_night_dn":14816,"qc_night":0,"modis_row":826,"modis_col":665,"source_product":"MOD11A2.061","composite_start":"2026-09-14","units":"degC","scale_factor":0.02},"geometry":{"type":"Polygon","coordinates":[[[77.56534687915023,13.116666665488742],[77.57390345354395,13.116666665488742],[77.57127534429969,13.108333332156155],[77.56271905979226,13.108333332156155],[77.56534687915023,13.116666665488742]]]}},{"type":"Feature","properties":{"lst_c":29.37,"lst_k":302.52,"lst_day_dn":15126,"qc_day":0,"lst_night_c":23.37,"lst_night_k":296.52,"lst_night_dn":14826,"qc_night":17,"modis_row":826,"modis_col":666,"source_product":"MOD11A2.061","composite_start":"2026-09-14","units":"degC","scale_factor":0.02},"geometry":{"type":"Polygon","coordinates":[[[77.57390345354395,13.116666665488742],[77.58246002793767,13.116666665488742],[77.57983162880711,13.108333332156155],[77.57127534429969,13.108333332156155],[77.57390345354395,13.116666665488742]]]}},{"type":"Feature","properties":{"lst_c":29.01,"lst_k":302.16,"lst_day_dn":15108,"qc_day":0,"lst_night_c":23.73,"lst_night_k":296.88,"lst_night_dn":14844,"qc_night":0,"modis_row":826,"modis_col":667,"source_product":"MOD11A2.061","composite_start":"2026-09-14","units":"degC","scale_factor":0.02},"geometry":{"type":"Polygon","coordinates":[[[77.58246002793767,13.116666665488742],[77.59101660233142,13.116666665488742],[77.58838791331453,13.108333332156155],[77.57983162880711,13.108333332156155],[77.58246002793767,13.116666665488742]]]}},{"type":"Feature","properties":{"lst_c":29.01,"lst_k":302.16,"lst_day_dn":15108,"qc_day":0,"lst_night_c":24.21,"lst_night_k":297.36,"lst_night_dn":14868,"qc_night":0,"modis_row":826,"modis_col":668,"source_product":"MOD11A2.061","composite_start":"2026-09-14","units":"degC","scale_factor":0.02},"geometry":{"type":"Polygon","coordinates":[[[77.59101660233142,13.116666665488742],[77.59957317672514,13.116666665488742],[77.59694419782197,13.108333332156155],[77.58838791331453,13.108333332156155],[77.59101660233142,13.116666665488742]]]}},{"type":"Feature","properties":{"lst_c":28.81,"lst_k":301.96,"lst_day_dn":15098,"qc_day":0,"lst_night_c":24.31,"lst_night_k":297.46,"lst_night_dn":14873,"qc_night":0,"modis_row":826,"modis_col":669,"source_product":"MOD11A2.061","composite_start":"2026-09-14","units":"degC","scale_factor":0.02},"geometry":{"type":"Polygon","coordinates":[[[77.59957317672514,13.116666665488742],[77.60812975111887,13.116666665488742],[77.60550048232939,13.108333332156155],[77.59694419782197,13.108333332156155],[77.59957317672514,13.116666665488742]]]}},{"type":"Feature","properties":{"lst_c":29.11,"lst_k":302.26,"lst_day_dn":15113,"qc_day":0,"lst_night_c":23.87,"lst_night_k":297.02,"lst_night_dn":14851,"qc_night":0,"modis_row":826,"modis_col":670,"source_product":"MOD11A2.061","composite_start":"2026-09-14","units":"degC","scale_factor":0.02},"geometry":{"type":"Polygon","coordinates":[[[77.60812975111887,13.116666665488742],[77.6166863255126,13.116666665488742],[77.61405676683681,13.108333332156155],[77.60550048232939,13.108333332156155],[77.60812975111887,13.116666665488742]]]}},{"type":"Feature","properties":{"lst_c":29.07,"lst_k":302.22,"lst_day_dn":15111,"qc_day":0,"lst_night_c":23.45,"lst_night_k":296.6,"lst_night_dn":14830,"qc_night":0,"modis_row":826,"modis_col":671,"source_product":"MOD11A2.061","composite_start":"2026-09-14","units":"degC","scale_factor":0.02},"geometry":{"type":"Polygon","coordinates":[[[77.6166863255126,13.116666665488742],[77.62524289990633,13.116666665488742],[77.62261305134423,13.108333332156155],[77.61405676683681,13.108333332156155],[77.6166863255126,13.116666665488742]]]}},{"type":"Feature","properties":{"lst_c":29.33,"lst_k":302.48,"lst_day_dn":15124,"qc_day":0,"lst_night_c":23.13,"lst_night_k":296.28,"lst_night_dn":14814,"qc_night":0,"modis_row":826,"modis_col":672,"source_product":"MOD11A2.061","composite_start":"2026-09-14","units":"degC","scale_factor":0.02},"geometry":{"type":"Polygon","coordinates":[[[77.62524289990633,13.116666665488742],[77.63379947430006,13.116666665488742],[77.63116933585167,13.108333332156155],[77.62261305134423,13.108333332156155],[77.62524289990633,13.116666665488742]]]}},{"type":"Feature","properties":{"lst_c":29.55,"lst_k":302.7,"lst_day_dn":15135,"qc_day":0,"lst_night_c":22.11,"lst_night_k":295.26,"lst_night_dn":14763,"qc_night":0,"modis_row":826,"modis_col":673,"source_product":"MOD11A2.061","composite_start":"2026-09-14","units":"degC","scale_factor":0.02},"geometry":{"type":"Polygon","coordinates":[[[77.63379947430006,13.116666665488742],[77.64235604869378,13.116666665488742],[77.63972562035909,13.108333332156155],[77.63116933585167,13.108333332156155],[77.63379947430006,13.116666665488742]]]}},{"type":"Feature","properties":{"lst_c":29.71,"lst_k":302.86,"lst_day_dn":15143,"qc_day":0,"lst_night_c":21.13,"lst_night_k":294.28,"lst_night_dn":14714,"qc_night":0,"modis_row":826,"modis_col":674,"source_product":"MOD11A2.061","composite_start":"2026-09-14","units":"degC","scale_factor":0.02},"geometry":{"type":"Polygon","coordinates":[[[77.64235604869378,13.116666665488742],[77.6509126230875,13.116666665488742],[77.64828190486648,13.108333332156155],[77.63972562035909,13.108333332156155],[77.64235604869378,13.116666665488742]]]}},{"type":"Feature","properties":{"lst_c":30.41,"lst_k":303.56,"lst_day_dn":15178,"qc_day":0,"lst_night_c":21.73,"lst_night_k":294.88,"lst_night_dn":14744,"qc_night":0,"modis_row":826,"modis_col":675,"source_product":"MOD11A2.061","composite_start":"2026-09-14","units":"degC","scale_factor":0.02},"geometry":{"type":"Polygon","coordinates":[[[77.6509126230875,13.116666665488742],[77.65946919748123,13.116666665488742],[77.65683818937391,13.108333332156155],[77.64828190486648,13.108333332156155],[77.6509126230875,13.116666665488742]]]}},{"type":"Feature","properties":{"lst_c":30.71,"lst_k":303.86,"lst_day_dn":15193,"qc_day":0,"lst_night_c":22.11,"lst_night_k":295.26,"lst_night_dn":14763,"qc_night":65,"modis_row":826,"modis_col":676,"source_product":"MOD11A2.061","composite_start":"2026-09-14","units":"degC","scale_factor":0.02},"geometry":{"type":"Polygon","coordinates":[[[77.65946919748123,13.116666665488742],[77.66802577187497,13.116666665488742],[77.66539447388134,13.108333332156155],[77.65683818937391,13.108333332156155],[77.65946919748123,13.116666665488742]]]}},{"type":"Feature","properties":{"lst_c":30.57,"lst_k":303.72,"lst_day_dn":15186,"qc_day":0,"lst_night_c":22.37,"lst_night_k":295.52,"lst_night_dn":14776,"qc_night":65,"modis_row":826,"modis_col":677,"source_product":"MOD11A2.061","composite_start":"2026-09-14","units":"degC","scale_factor":0.02},"geometry":{"type":"Polygon","coordinates":[[[77.66802577187497,13.116666665488742],[77.67658234626869,13.116666665488742],[77.67395075838876,13.108333332156155],[77.66539447388134,13.108333332156155],[77.66802577187497,13.116666665488742]]]}},{"type":"Feature","properties":{"lst_c":30.35,"lst_k":303.5,"lst_day_dn":15175,"qc_day":0,"lst_night_c":22.53,"lst_night_k":295.68,"lst_night_dn":14784,"qc_night":65,"modis_row":826,"modis_col":678,"source_product":"MOD11A2.061","composite_start":"2026-09-14","units":"degC","scale_factor":0.02},"geometry":{"type":"Polygon","coordinates":[[[77.67658234626869,13.116666665488742],[77.68513892066241,13.116666665488742],[77.68250704289619,13.108333332156155],[77.67395075838876,13.108333332156155],[77.67658234626869,13.116666665488742]]]}},{"type":"Feature","properties":{"lst_c":28.71,"lst_k":301.86,"lst_day_dn":15093,"qc_day":0,"lst_night_c":22.23,"lst_night_k":295.38,"lst_night_dn":14769,"qc_night":65,"modis_row":826,"modis_col":679,"source_product":"MOD11A2.061","composite_start":"2026-09-14","units":"degC","scale_factor":0.02},"geometry":{"type":"Polygon","coordinates":[[[77.68513892066241,13.116666665488742],[77.69369549505616,13.116666665488742],[77.69106332740361,13.108333332156155],[77.68250704289619,13.108333332156155],[77.68513892066241,13.116666665488742]]]}},{"type":"Feature","properties":{"lst_c":28.31,"lst_k":301.46,"lst_day_dn":15073,"qc_day":0,"lst_night_c":21.09,"lst_night_k":294.24,"lst_night_dn":14712,"qc_night":65,"modis_row":826,"modis_col":680,"source_product":"MOD11A2.061","composite_start":"2026-09-14","units":"degC","scale_factor":0.02},"geometry":{"type":"Polygon","coordinates":[[[77.69369549505616,13.116666665488742],[77.70225206944988,13.116666665488742],[77.69961961191103,13.108333332156155],[77.69106332740361,13.108333332156155],[77.69369549505616,13.116666665488742]]]}},{"type":"Feature","properties":{"lst_c":27.59,"lst_k":300.74,"lst_day_dn":15037,"qc_day":0,"lst_night_c":20.47,"lst_night_k":293.62,"lst_night_dn":14681,"qc_night":65,"modis_row":826,"modis_col":681,"source_product":"MOD11A2.061","composite_start":"2026-09-14","units":"degC","scale_factor":0.02},"geometry":{"type":"Polygon","coordinates":[[[77.70225206944988,13.116666665488742],[77.71080864384362,13.116666665488742],[77.70817589641845,13.108333332156155],[77.69961961191103,13.108333332156155],[77.70225206944988,13.116666665488742]]]}},{"type":"Feature","properties":{"lst_c":26.79,"lst_k":299.94,"lst_day_dn":14997,"qc_day":0,"lst_night_c":18.93,"lst_night_k":292.08,"lst_night_dn":14604,"qc_night":65,"modis_row":826,"modis_col":682,"source_product":"MOD11A2.061","composite_start":"2026-09-14","units":"degC","scale_factor":0.02},"geometry":{"type":"Polygon","coordinates":[[[77.71080864384362,13.116666665488742],[77.71936521823734,13.116666665488742],[77.71673218092589,13.108333332156155],[77.70817589641845,13.108333332156155],[77.71080864384362,13.116666665488742]]]}},{"type":"Feature","properties":{"lst_c":26.43,"lst_k":299.58,"lst_day_dn":14979,"qc_day":0,"lst_night_c":18.75,"lst_night_k":291.9,"lst_night_dn":14595,"qc_night":65,"modis_row":826,"modis_col":683,"source_product":"MOD11A2.061","composite_start":"2026-09-14","units":"degC","scale_factor":0.02},"geometry":{"type":"Polygon","coordinates":[[[77.71936521823734,13.116666665488742],[77.72792179263107,13.116666665488742],[77.72528846543331,13.108333332156155],[77.71673218092589,13.108333332156155],[77.71936521823734,13.116666665488742]]]}},{"type":"Feature","properties":{"lst_c":26.79,"lst_k":299.94,"lst_day_dn":14997,"qc_day":0,"lst_night_c":null,"lst_night_k":null,"lst_night_dn":0,"qc_night":2,"modis_row":826,"modis_col":684,"source_product":"MOD11A2.061","composite_start":"2026-09-14","units":"degC","scale_factor":0.02},"geometry":{"type":"Polygon","coordinates":[[[77.72792179263107,13.116666665488742],[77.7364783670248,13.116666665488742],[77.73384474994073,13.108333332156155],[77.72528846543331,13.108333332156155],[77.72792179263107,13.116666665488742]]]}},{"type":"Feature","properties":{"lst_c":27.07,"lst_k":300.22,"lst_day_dn":15011,"qc_day":0,"lst_night_c":null,"lst_night_k":null,"lst_night_dn":0,"qc_night":2,"modis_row":826,"modis_col":685,"source_product":"MOD11A2.061","composite_start":"2026-09-14","units":"degC","scale_factor":0.02},"geometry":{"type":"Polygon","coordinates":[[[77.7364783670248,13.116666665488742],[77.74503494141852,13.116666665488742],[77.74240103444815,13.108333332156155],[77.73384474994073,13.108333332156155],[77.7364783670248,13.116666665488742]]]}},{"type":"Feature","properties":{"lst_c":27.05,"lst_k":300.2,"lst_day_dn":15010,"qc_day":0,"lst_night_c":null,"lst_night_k":null,"lst_night_dn":0,"qc_night":2,"modis_row":826,"modis_col":686,"source_product":"MOD11A2.061","composite_start":"2026-09-14","units":"degC","scale_factor":0.02},"geometry":{"type":"Polygon","coordinates":[[[77.74503494141852,13.116666665488742],[77.75359151581226,13.116666665488742],[77.75095731895559,13.108333332156155],[77.74240103444815,13.108333332156155],[77.74503494141852,13.116666665488742]]]}},{"type":"Feature","properties":{"lst_c":27.35,"lst_k":300.5,"lst_day_dn":15025,"qc_day":0,"lst_night_c":null,"lst_night_k":null,"lst_night_dn":0,"qc_night":2,"modis_row":826,"modis_col":687,"source_product":"MOD11A2.061","composite_start":"2026-09-14","units":"degC","scale_factor":0.02},"geometry":{"type":"Polygon","coordinates":[[[77.75359151581226,13.116666665488742],[77.762148090206,13.116666665488742],[77.759513603463,13.108333332156155],[77.75095731895559,13.108333332156155],[77.75359151581226,13.116666665488742]]]}},{"type":"Feature","properties":{"lst_c":28.09,"lst_k":301.24,"lst_day_dn":15062,"qc_day":0,"lst_night_c":null,"lst_night_k":null,"lst_night_dn":0,"qc_night":2,"modis_row":826,"modis_col":688,"source_product":"MOD11A2.061","composite_start":"2026-09-14","units":"degC","scale_factor":0.02},"geometry":{"type":"Polygon","coordinates":[[[77.762148090206,13.116666665488742],[77.77070466459972,13.116666665488742],[77.76806988797043,13.108333332156155],[77.759513603463,13.108333332156155],[77.762148090206,13.116666665488742]]]}},{"type":"Feature","properties":{"lst_c":28.45,"lst_k":301.6,"lst_day_dn":15080,"qc_day":0,"lst_night_c":null,"lst_night_k":null,"lst_night_dn":0,"qc_night":2,"modis_row":826,"modis_col":689,"source_product":"MOD11A2.061","composite_start":"2026-09-14","units":"degC","scale_factor":0.02},"geometry":{"type":"Polygon","coordinates":[[[77.77070466459972,13.116666665488742],[77.77926123899343,13.116666665488742],[77.77662617247785,13.108333332156155],[77.76806988797043,13.108333332156155],[77.77070466459972,13.116666665488742]]]}},{"type":"Feature","properties":{"lst_c":28.33,"lst_k":301.48,"lst_day_dn":15074,"qc_day":0,"lst_night_c":null,"lst_night_k":null,"lst_night_dn":0,"qc_night":2,"modis_row":826,"modis_col":690,"source_product":"MOD11A2.061","composite_start":"2026-09-14","units":"degC","scale_factor":0.02},"geometry":{"type":"Polygon","coordinates":[[[77.77926123899343,13.116666665488742],[77.78781781338716,13.116666665488742],[77.78518245698527,13.108333332156155],[77.77662617247785,13.108333332156155],[77.77926123899343,13.116666665488742]]]}},{"type":"Feature","properties":{"lst_c":28.43,"lst_k":301.58,"lst_day_dn":15079,"qc_day":0,"lst_night_c":null,"lst_night_k":null,"lst_night_dn":0,"qc_night":2,"modis_row":826,"modis_col":691,"source_product":"MOD11A2.061","composite_start":"2026-09-14","units":"degC","scale_factor":0.02},"geometry":{"type":"Polygon","coordinates":[[[77.78781781338716,13.116666665488742],[77.7963743877809,13.116666665488742],[77.79373874149267,13.108333332156155],[77.78518245698527,13.108333332156155],[77.78781781338716,13.116666665488742]]]}},{"type":"Feature","properties":{"lst_c":28.49,"lst_k":301.64,"lst_day_dn":15082,"qc_day":0,"lst_night_c":null,"lst_night_k":null,"lst_night_dn":0,"qc_night":2,"modis_row":826,"modis_col":692,"source_product":"MOD11A2.061","composite_start":"2026-09-14","units":"degC","scale_factor":0.02},"geometry":{"type":"Polygon","coordinates":[[[77.7963743877809,13.116666665488742],[77.80493096217462,13.116666665488742],[77.80229502600011,13.108333332156155],[77.79373874149267,13.108333332156155],[77.7963743877809,13.116666665488742]]]}},{"type":"Feature","properties":{"lst_c":28.59,"lst_k":301.74,"lst_day_dn":15087,"qc_day":0,"lst_night_c":null,"lst_night_k":null,"lst_night_dn":0,"qc_night":2,"modis_row":826,"modis_col":693,"source_product":"MOD11A2.061","composite_start":"2026-09-14","units":"degC","scale_factor":0.02},"geometry":{"type":"Polygon","coordinates":[[[77.80493096217462,13.116666665488742],[77.81348753656836,13.116666665488742],[77.81085131050753,13.108333332156155],[77.80229502600011,13.108333332156155],[77.80493096217462,13.116666665488742]]]}},{"type":"Feature","properties":{"lst_c":28.57,"lst_k":301.72,"lst_day_dn":15086,"qc_day":0,"lst_night_c":null,"lst_night_k":null,"lst_night_dn":0,"qc_night":2,"modis_row":826,"modis_col":694,"source_product":"MOD11A2.061","composite_start":"2026-09-14","units":"degC","scale_factor":0.02},"geometry":{"type":"Polygon","coordinates":[[[77.81348753656836,13.116666665488742],[77.82204411096208,13.116666665488742],[77.81940759501495,13.108333332156155],[77.81085131050753,13.108333332156155],[77.81348753656836,13.116666665488742]]]}},{"type":"Feature","properties":{"lst_c":28.95,"lst_k":302.1,"lst_day_dn":15105,"qc_day":0,"lst_night_c":null,"lst_night_k":null,"lst_night_dn":0,"qc_night":2,"modis_row":826,"modis_col":695,"source_product":"MOD11A2.061","composite_start":"2026-09-14","units":"degC","scale_factor":0.02},"geometry":{"type":"Polygon","coordinates":[[[77.82204411096208,13.116666665488742],[77.8306006853558,13.116666665488742],[77.82796387952237,13.108333332156155],[77.81940759501495,13.108333332156155],[77.82204411096208,13.116666665488742]]]}},{"type":"Feature","properties":{"lst_c":29.21,"lst_k":302.36,"lst_day_dn":15118,"qc_day":0,"lst_night_c":null,"lst_night_k":null,"lst_night_dn":0,"qc_night":2,"modis_row":826,"modis_col":696,"source_product":"MOD11A2.061","composite_start":"2026-09-14","units":"degC","scale_factor":0.02},"geometry":{"type":"Polygon","coordinates":[[[77.8306006853558,13.116666665488742],[77.83915725974954,13.116666665488742],[77.8365201640298,13.108333332156155],[77.82796387952237,13.108333332156155],[77.8306006853558,13.116666665488742]]]}},{"type":"Feature","properties":{"lst_c":32.07,"lst_k":305.22,"lst_day_dn":15261,"qc_day":0,"lst_night_c":20.27,"lst_night_k":293.42,"lst_night_dn":14671,"qc_night":65,"modis_row":827,"modis_col":653,"source_product":"MOD11A2.061","composite_start":"2026-09-14","units":"degC","scale_factor":0.02},"geometry":{"type":"Polygon","coordinates":[[[77.46004364570318,13.108333332156155],[77.4685999302106,13.108333332156155],[77.46597711609333,13.099999998823572],[77.45742112127158,13.099999998823572],[77.46004364570318,13.108333332156155]]]}},{"type":"Feature","properties":{"lst_c":31.23,"lst_k":304.38,"lst_day_dn":15219,"qc_day":0,"lst_night_c":20.37,"lst_night_k":293.52,"lst_night_dn":14676,"qc_night":65,"modis_row":827,"modis_col":654,"source_product":"MOD11A2.061","composite_start":"2026-09-14","units":"degC","scale_factor":0.02},"geometry":{"type":"Polygon","coordinates":[[[77.4685999302106,13.108333332156155],[77.47715621471802,13.108333332156155],[77.47453311091508,13.099999998823572],[77.46597711609333,13.099999998823572],[77.4685999302106,13.108333332156155]]]}},{"type":"Feature","properties":{"lst_c":30.43,"lst_k":303.58,"lst_day_dn":15179,"qc_day":0,"lst_night_c":20.73,"lst_night_k":293.88,"lst_night_dn":14694,"qc_night":65,"modis_row":827,"modis_col":655,"source_product":"MOD11A2.061","composite_start":"2026-09-14","units":"degC","scale_factor":0.02},"geometry":{"type":"Polygon","coordinates":[[[77.47715621471802,13.108333332156155],[77.48571249922546,13.108333332156155],[77.48308910573682,13.099999998823572],[77.47453311091508,13.099999998823572],[77.47715621471802,13.108333332156155]]]}},{"type":"Feature","properties":{"lst_c":30.43,"lst_k":303.58,"lst_day_dn":15179,"qc_day":0,"lst_night_c":20.67,"lst_night_k":293.82,"lst_night_dn":14691,"qc_night":65,"modis_row":827,"modis_col":656,"source_product":"MOD11A2.061","composite_start":"2026-09-14","units":"degC","scale_factor":0.02},"geometry":{"type":"Polygon","coordinates":[[[77.48571249922546,13.108333332156155],[77.49426878373288,13.108333332156155],[77.49164510055857,13.099999998823572],[77.48308910573682,13.099999998823572],[77.48571249922546,13.108333332156155]]]}},{"type":"Feature","properties":{"lst_c":30.75,"lst_k":303.9,"lst_day_dn":15195,"qc_day":0,"lst_night_c":20.63,"lst_night_k":293.78,"lst_night_dn":14689,"qc_night":0,"modis_row":827,"modis_col":657,"source_product":"MOD11A2.061","composite_start":"2026-09-14","units":"degC","scale_factor":0.02},"geometry":{"type":"Polygon","coordinates":[[[77.49426878373288,13.108333332156155],[77.5028250682403,13.108333332156155],[77.50020109538032,13.099999998823572],[77.49164510055857,13.099999998823572],[77.49426878373288,13.108333332156155]]]}},{"type":"Feature","properties":{"lst_c":31.37,"lst_k":304.52,"lst_day_dn":15226,"qc_day":0,"lst_night_c":20.95,"lst_night_k":294.1,"lst_night_dn":14705,"qc_night":65,"modis_row":827,"modis_col":658,"source_product":"MOD11A2.061","composite_start":"2026-09-14","units":"degC","scale_factor":0.02},"geometry":{"type":"Polygon","coordinates":[[[77.5028250682403,13.108333332156155],[77.51138135274773,13.108333332156155],[77.50875709020207,13.099999998823572],[77.50020109538032,13.099999998823572],[77.5028250682403,13.108333332156155]]]}},{"type":"Feature","properties":{"lst_c":32.45,"lst_k":305.6,"lst_day_dn":15280,"qc_day":0,"lst_night_c":21.61,"lst_night_k":294.76,"lst_night_dn":14738,"qc_night":0,"modis_row":827,"modis_col":659,"source_product":"MOD11A2.061","composite_start":"2026-09-14","units":"degC","scale_factor":0.02},"geometry":{"type":"Polygon","coordinates":[[[77.51138135274773,13.108333332156155],[77.51993763725514,13.108333332156155],[77.5173130850238,13.099999998823572],[77.50875709020207,13.099999998823572],[77.51138135274773,13.108333332156155]]]}},{"type":"Feature","properties":{"lst_c":32.99,"lst_k":306.14,"lst_day_dn":15307,"qc_day":0,"lst_night_c":21.81,"lst_night_k":294.96,"lst_night_dn":14748,"qc_night":0,"modis_row":827,"modis_col":660,"source_product":"MOD11A2.061","composite_start":"2026-09-14","units":"degC","scale_factor":0.02},"geometry":{"type":"Polygon","coordinates":[[[77.51993763725514,13.108333332156155],[77.52849392176256,13.108333332156155],[77.52586907984555,13.099999998823572],[77.5173130850238,13.099999998823572],[77.51993763725514,13.108333332156155]]]}},{"type":"Feature","properties":{"lst_c":31.99,"lst_k":305.14,"lst_day_dn":15257,"qc_day":0,"lst_night_c":21.17,"lst_night_k":294.32,"lst_night_dn":14716,"qc_night":0,"modis_row":827,"modis_col":661,"source_product":"MOD11A2.061","composite_start":"2026-09-14","units":"degC","scale_factor":0.02},"geometry":{"type":"Polygon","coordinates":[[[77.52849392176256,13.108333332156155],[77.53705020627,13.108333332156155],[77.53442507466728,13.099999998823572],[77.52586907984555,13.099999998823572],[77.52849392176256,13.108333332156155]]]}},{"type":"Feature","properties":{"lst_c":31.31,"lst_k":304.46,"lst_day_dn":15223,"qc_day":0,"lst_night_c":22.01,"lst_night_k":295.16,"lst_night_dn":14758,"qc_night":0,"modis_row":827,"modis_col":662,"source_product":"MOD11A2.061","composite_start":"2026-09-14","units":"degC","scale_factor":0.02},"geometry":{"type":"Polygon","coordinates":[[[77.53705020627,13.108333332156155],[77.54560649077742,13.108333332156155],[77.54298106948904,13.099999998823572],[77.53442507466728,13.099999998823572],[77.53705020627,13.108333332156155]]]}},{"type":"Feature","properties":{"lst_c":31.01,"lst_k":304.16,"lst_day_dn":15208,"qc_day":0,"lst_night_c":22.97,"lst_night_k":296.12,"lst_night_dn":14806,"qc_night":0,"modis_row":827,"modis_col":663,"source_product":"MOD11A2.061","composite_start":"2026-09-14","units":"degC","scale_factor":0.02},"geometry":{"type":"Polygon","coordinates":[[[77.54560649077742,13.108333332156155],[77.55416277528484,13.108333332156155],[77.55153706431078,13.099999998823572],[77.54298106948904,13.099999998823572],[77.54560649077742,13.108333332156155]]]}},{"type":"Feature","properties":{"lst_c":31.29,"lst_k":304.44,"lst_day_dn":15222,"qc_day":0,"lst_night_c":23.33,"lst_night_k":296.48,"lst_night_dn":14824,"qc_night":0,"modis_row":827,"modis_col":664,"source_product":"MOD11A2.061","composite_start":"2026-09-14","units":"degC","scale_factor":0.02},"geometry":{"type":"Polygon","coordinates":[[[77.55416277528484,13.108333332156155],[77.56271905979226,13.108333332156155],[77.56009305913254,13.099999998823572],[77.55153706431078,13.099999998823572],[77.55416277528484,13.108333332156155]]]}},{"type":"Feature","properties":{"lst_c":30.21,"lst_k":303.36,"lst_day_dn":15168,"qc_day":0,"lst_night_c":23.09,"lst_night_k":296.24,"lst_night_dn":14812,"qc_night":0,"modis_row":827,"modis_col":665,"source_product":"MOD11A2.061","composite_start":"2026-09-14","units":"degC","scale_factor":0.02},"geometry":{"type":"Polygon","coordinates":[[[77.56271905979226,13.108333332156155],[77.57127534429969,13.108333332156155],[77.56864905395427,13.099999998823572],[77.56009305913254,13.099999998823572],[77.56271905979226,13.108333332156155]]]}},{"type":"Feature","properties":{"lst_c":29.45,"lst_k":302.6,"lst_day_dn":15130,"qc_day":0,"lst_night_c":22.83,"lst_night_k":295.98,"lst_night_dn":14799,"qc_night":0,"modis_row":827,"modis_col":666,"source_product":"MOD11A2.061","composite_start":"2026-09-14","units":"degC","scale_factor":0.02},"geometry":{"type":"Polygon","coordinates":[[[77.57127534429969,13.108333332156155],[77.57983162880711,13.108333332156155],[77.57720504877604,13.099999998823572],[77.56864905395427,13.099999998823572],[77.57127534429969,13.108333332156155]]]}},{"type":"Feature","properties":{"lst_c":29.03,"lst_k":302.18,"lst_day_dn":15109,"qc_day":0,"lst_night_c":23.11,"lst_night_k":296.26,"lst_night_dn":14813,"qc_night":0,"modis_row":827,"modis_col":667,"source_product":"MOD11A2.061","composite_start":"2026-09-14","units":"degC","scale_factor":0.02},"geometry":{"type":"Polygon","coordinates":[[[77.57983162880711,13.108333332156155],[77.58838791331453,13.108333332156155],[77.58576104359777,13.099999998823572],[77.57720504877604,13.099999998823572],[77.57983162880711,13.108333332156155]]]}},{"type":"Feature","properties":{"lst_c":29.63,"lst_k":302.78,"lst_day_dn":15139,"qc_day":0,"lst_night_c":22.99,"lst_night_k":296.14,"lst_night_dn":14807,"qc_night":0,"modis_row":827,"modis_col":668,"source_product":"MOD11A2.061","composite_start":"2026-09-14","units":"degC","scale_factor":0.02},"geometry":{"type":"Polygon","coordinates":[[[77.58838791331453,13.108333332156155],[77.59694419782197,13.108333332156155],[77.59431703841953,13.099999998823572],[77.58576104359777,13.099999998823572],[77.58838791331453,13.108333332156155]]]}},{"type":"Feature","properties":{"lst_c":29.49,"lst_k":302.64,"lst_day_dn":15132,"qc_day":0,"lst_night_c":23.13,"lst_night_k":296.28,"lst_night_dn":14814,"qc_night":0,"modis_row":827,"modis_col":669,"source_product":"MOD11A2.061","composite_start":"2026-09-14","units":"degC","scale_factor":0.02},"geometry":{"type":"Polygon","coordinates":[[[77.59694419782197,13.108333332156155],[77.60550048232939,13.108333332156155],[77.60287303324127,13.099999998823572],[77.59431703841953,13.099999998823572],[77.59694419782197,13.108333332156155]]]}},{"type":"Feature","properties":{"lst_c":29.51,"lst_k":302.66,"lst_day_dn":15133,"qc_day":0,"lst_night_c":21.89,"lst_night_k":295.04,"lst_night_dn":14752,"qc_night":0,"modis_row":827,"modis_col":670,"source_product":"MOD11A2.061","composite_start":"2026-09-14","units":"degC","scale_factor":0.02},"geometry":{"type":"Polygon","coordinates":[[[77.60550048232939,13.108333332156155],[77.61405676683681,13.108333332156155],[77.61142902806303,13.099999998823572],[77.60287303324127,13.099999998823572],[77.60550048232939,13.108333332156155]]]}},{"type":"Feature","properties":{"lst_c":29.61,"lst_k":302.76,"lst_day_dn":15138,"qc_day":0,"lst_night_c":21.53,"lst_night_k":294.68,"lst_night_dn":14734,"qc_night":0,"modis_row":827,"modis_col":671,"source_product":"MOD11A2.061","composite_start":"2026-09-14","units":"degC","scale_factor":0.02},"geometry":{"type":"Polygon","coordinates":[[[77.61405676683681,13.108333332156155],[77.62261305134423,13.108333332156155],[77.61998502288476,13.099999998823572],[77.61142902806303,13.099999998823572],[77.61405676683681,13.108333332156155]]]}},{"type":"Feature","properties":{"lst_c":29.59,"lst_k":302.74,"lst_day_dn":15137,"qc_day":0,"lst_night_c":21.51,"lst_night_k":294.66,"lst_night_dn":14733,"qc_night":0,"modis_row":827,"modis_col":672,"source_product":"MOD11A2.061","composite_start":"2026-09-14","units":"degC","scale_factor":0.02},"geometry":{"type":"Polygon","coordinates":[[[77.62261305134423,13.108333332156155],[77.63116933585167,13.108333332156155],[77.62854101770651,13.099999998823572],[77.61998502288476,13.099999998823572],[77.62261305134423,13.108333332156155]]]}},{"type":"Feature","properties":{"lst_c":29.69,"lst_k":302.84,"lst_day_dn":15142,"qc_day":0,"lst_night_c":21.31,"lst_night_k":294.46,"lst_night_dn":14723,"qc_night":0,"modis_row":827,"modis_col":673,"source_product":"MOD11A2.061","composite_start":"2026-09-14","units":"degC","scale_factor":0.02},"geometry":{"type":"Polygon","coordinates":[[[77.63116933585167,13.108333332156155],[77.63972562035909,13.108333332156155],[77.63709701252826,13.099999998823572],[77.62854101770651,13.099999998823572],[77.63116933585167,13.108333332156155]]]}},{"type":"Feature","properties":{"lst_c":29.83,"lst_k":302.98,"lst_day_dn":15149,"qc_day":0,"lst_night_c":21.55,"lst_night_k":294.7,"lst_night_dn":14735,"qc_night":0,"modis_row":827,"modis_col":674,"source_product":"MOD11A2.061","composite_start":"2026-09-14","units":"degC","scale_factor":0.02},"geometry":{"type":"Polygon","coordinates":[[[77.63972562035909,13.108333332156155],[77.64828190486648,13.108333332156155],[77.64565300734999,13.099999998823572],[77.63709701252826,13.099999998823572],[77.63972562035909,13.108333332156155]]]}},{"type":"Feature","properties":{"lst_c":30.25,"lst_k":303.4,"lst_day_dn":15170,"qc_day":0,"lst_night_c":21.89,"lst_night_k":295.04,"lst_night_dn":14752,"qc_night":0,"modis_row":827,"modis_col":675,"source_product":"MOD11A2.061","composite_start":"2026-09-14","units":"degC","scale_factor":0.02},"geometry":{"type":"Polygon","coordinates":[[[77.64828190486648,13.108333332156155],[77.65683818937391,13.108333332156155],[77.65420900217174,13.099999998823572],[77.64565300734999,13.099999998823572],[77.64828190486648,13.108333332156155]]]}},{"type":"Feature","properties":{"lst_c":30.83,"lst_k":303.98,"lst_day_dn":15199,"qc_day":0,"lst_night_c":21.67,"lst_night_k":294.82,"lst_night_dn":14741,"qc_night":65,"modis_row":827,"modis_col":676,"source_product":"MOD11A2.061","composite_start":"2026-09-14","units":"degC","scale_factor":0.02},"geometry":{"type":"Polygon","coordinates":[[[77.65683818937391,13.108333332156155],[77.66539447388134,13.108333332156155],[77.66276499699349,13.099999998823572],[77.65420900217174,13.099999998823572],[77.65683818937391,13.108333332156155]]]}},{"type":"Feature","properties":{"lst_c":30.59,"lst_k":303.74,"lst_day_dn":15187,"qc_day":0,"lst_night_c":20.77,"lst_night_k":293.92,"lst_night_dn":14696,"qc_night":65,"modis_row":827,"modis_col":677,"source_product":"MOD11A2.061","composite_start":"2026-09-14","units":"degC","scale_factor":0.02},"geometry":{"type":"Polygon","coordinates":[[[77.66539447388134,13.108333332156155],[77.67395075838876,13.108333332156155],[77.67132099181524,13.099999998823572],[77.66276499699349,13.099999998823572],[77.66539447388134,13.108333332156155]]]}},{"type":"Feature","properties":{"lst_c":29.97,"lst_k":303.12,"lst_day_dn":15156,"qc_day":0,"lst_night_c":22.51,"lst_night_k":295.66,"lst_night_dn":14783,"qc_night":65,"modis_row":827,"modis_col":678,"source_product":"MOD11A2.061","composite_start":"2026-09-14","units":"degC","scale_factor":0.02},"geometry":{"type":"Polygon","coordinates":[[[77.67395075838876,13.108333332156155],[77.68250704289619,13.108333332156155],[77.67987698663698,13.099999998823572],[77.67132099181524,13.099999998823572],[77.67395075838876,13.108333332156155]]]}},{"type":"Feature","properties":{"lst_c":28.77,"lst_k":301.92,"lst_day_dn":15096,"qc_day":0,"lst_night_c":null,"lst_night_k":null,"lst_night_dn":0,"qc_night":2,"modis_row":827,"modis_col":679,"source_product":"MOD11A2.061","composite_start":"2026-09-14","units":"degC","scale_factor":0.02},"geometry":{"type":"Polygon","coordinates":[[[77.68250704289619,13.108333332156155],[77.69106332740361,13.108333332156155],[77.68843298145873,13.099999998823572],[77.67987698663698,13.099999998823572],[77.68250704289619,13.108333332156155]]]}},{"type":"Feature","properties":{"lst_c":27.73,"lst_k":300.88,"lst_day_dn":15044,"qc_day":0,"lst_night_c":20.75,"lst_night_k":293.9,"lst_night_dn":14695,"qc_night":65,"modis_row":827,"modis_col":680,"source_product":"MOD11A2.061","composite_start":"2026-09-14","units":"degC","scale_factor":0.02},"geometry":{"type":"Polygon","coordinates":[[[77.69106332740361,13.108333332156155],[77.69961961191103,13.108333332156155],[77.69698897628048,13.099999998823572],[77.68843298145873,13.099999998823572],[77.69106332740361,13.108333332156155]]]}},{"type":"Feature","properties":{"lst_c":27.19,"lst_k":300.34,"lst_day_dn":15017,"qc_day":0,"lst_night_c":20.55,"lst_night_k":293.7,"lst_night_dn":14685,"qc_night":65,"modis_row":827,"modis_col":681,"source_product":"MOD11A2.061","composite_start":"2026-09-14","units":"degC","scale_factor":0.02},"geometry":{"type":"Polygon","coordinates":[[[77.69961961191103,13.108333332156155],[77.70817589641845,13.108333332156155],[77.70554497110223,13.099999998823572],[77.69698897628048,13.099999998823572],[77.69961961191103,13.108333332156155]]]}},{"type":"Feature","properties":{"lst_c":26.95,"lst_k":300.1,"lst_day_dn":15005,"qc_day":0,"lst_night_c":19.65,"lst_night_k":292.8,"lst_night_dn":14640,"qc_night":65,"modis_row":827,"modis_col":682,"source_product":"MOD11A2.061","composite_start":"2026-09-14","units":"degC","scale_factor":0.02},"geometry":{"type":"Polygon","coordinates":[[[77.70817589641845,13.108333332156155],[77.71673218092589,13.108333332156155],[77.71410096592398,13.099999998823572],[77.70554497110223,13.099999998823572],[77.70817589641845,13.108333332156155]]]}},{"type":"Feature","properties":{"lst_c":26.71,"lst_k":299.86,"lst_day_dn":14993,"qc_day":0,"lst_night_c":18.89,"lst_night_k":292.04,"lst_night_dn":14602,"qc_night":65,"modis_row":827,"modis_col":683,"source_product":"MOD11A2.061","composite_start":"2026-09-14","units":"degC","scale_factor":0.02},"geometry":{"type":"Polygon","coordinates":[[[77.71673218092589,13.108333332156155],[77.72528846543331,13.108333332156155],[77.72265696074572,13.099999998823572],[77.71410096592398,13.099999998823572],[77.71673218092589,13.108333332156155]]]}},{"type":"Feature","properties":{"lst_c":26.53,"lst_k":299.68,"lst_day_dn":14984,"qc_day":0,"lst_night_c":null,"lst_night_k":null,"lst_night_dn":0,"qc_night":2,"modis_row":827,"modis_col":684,"source_product":"MOD11A2.061","composite_start":"2026-09-14","units":"degC","scale_factor":0.02},"geometry":{"type":"Polygon","coordinates":[[[77.72528846543331,13.108333332156155],[77.73384474994073,13.108333332156155],[77.73121295556747,13.099999998823572],[77.72265696074572,13.099999998823572],[77.72528846543331,13.108333332156155]]]}},{"type":"Feature","properties":{"lst_c":26.65,"lst_k":299.8,"lst_day_dn":14990,"qc_day":0,"lst_night_c":null,"lst_night_k":null,"lst_night_dn":0,"qc_night":2,"modis_row":827,"modis_col":685,"source_product":"MOD11A2.061","composite_start":"2026-09-14","units":"degC","scale_factor":0.02},"geometry":{"type":"Polygon","coordinates":[[[77.73384474994073,13.108333332156155],[77.74240103444815,13.108333332156155],[77.73976895038922,13.099999998823572],[77.73121295556747,13.099999998823572],[77.73384474994073,13.108333332156155]]]}},{"type":"Feature","properties":{"lst_c":26.81,"lst_k":299.96,"lst_day_dn":14998,"qc_day":0,"lst_night_c":null,"lst_night_k":null,"lst_night_dn":0,"qc_night":2,"modis_row":827,"modis_col":686,"source_product":"MOD11A2.061","composite_start":"2026-09-14","units":"degC","scale_factor":0.02},"geometry":{"type":"Polygon","coordinates":[[[77.74240103444815,13.108333332156155],[77.75095731895559,13.108333332156155],[77.74832494521097,13.099999998823572],[77.73976895038922,13.099999998823572],[77.74240103444815,13.108333332156155]]]}},{"type":"Feature","properties":{"lst_c":26.99,"lst_k":300.14,"lst_day_dn":15007,"qc_day":0,"lst_night_c":null,"lst_night_k":null,"lst_night_dn":0,"qc_night":2,"modis_row":827,"modis_col":687,"source_product":"MOD11A2.061","composite_start":"2026-09-14","units":"degC","scale_factor":0.02},"geometry":{"type":"Polygon","coordinates":[[[77.75095731895559,13.108333332156155],[77.759513603463,13.108333332156155],[77.7568809400327,13.099999998823572],[77.74832494521097,13.099999998823572],[77.75095731895559,13.108333332156155]]]}},{"type":"Feature","properties":{"lst_c":27.23,"lst_k":300.38,"lst_day_dn":15019,"qc_day":0,"lst_night_c":null,"lst_night_k":null,"lst_night_dn":0,"qc_night":2,"modis_row":827,"modis_col":688,"source_product":"MOD11A2.061","composite_start":"2026-09-14","units":"degC","scale_factor":0.02},"geometry":{"type":"Polygon","coordinates":[[[77.759513603463,13.108333332156155],[77.76806988797043,13.108333332156155],[77.76543693485446,13.099999998823572],[77.7568809400327,13.099999998823572],[77.759513603463,13.108333332156155]]]}},{"type":"Feature","properties":{"lst_c":27.35,"lst_k":300.5,"lst_day_dn":15025,"qc_day":0,"lst_night_c":null,"lst_night_k":null,"lst_night_dn":0,"qc_night":2,"modis_row":827,"modis_col":689,"source_product":"MOD11A2.061","composite_start":"2026-09-14","units":"degC","scale_factor":0.02},"geometry":{"type":"Polygon","coordinates":[[[77.76806988797043,13.108333332156155],[77.77662617247785,13.108333332156155],[77.7739929296762,13.099999998823572],[77.76543693485446,13.099999998823572],[77.76806988797043,13.108333332156155]]]}},{"type":"Feature","properties":{"lst_c":27.67,"lst_k":300.82,"lst_day_dn":15041,"qc_day":0,"lst_night_c":null,"lst_night_k":null,"lst_night_dn":0,"qc_night":2,"modis_row":827,"modis_col":690,"source_product":"MOD11A2.061","composite_start":"2026-09-14","units":"degC","scale_factor":0.02},"geometry":{"type":"Polygon","coordinates":[[[77.77662617247785,13.108333332156155],[77.78518245698527,13.108333332156155],[77.78254892449795,13.099999998823572],[77.7739929296762,13.099999998823572],[77.77662617247785,13.108333332156155]]]}},{"type":"Feature","properties":{"lst_c":27.91,"lst_k":301.06,"lst_day_dn":15053,"qc_day":0,"lst_night_c":null,"lst_night_k":null,"lst_night_dn":0,"qc_night":2,"modis_row":827,"modis_col":691,"source_product":"MOD11A2.061","composite_start":"2026-09-14","units":"degC","scale_factor":0.02},"geometry":{"type":"Polygon","coordinates":[[[77.78518245698527,13.108333332156155],[77.79373874149267,13.108333332156155],[77.79110491931968,13.099999998823572],[77.78254892449795,13.099999998823572],[77.78518245698527,13.108333332156155]]]}},{"type":"Feature","properties":{"lst_c":27.93,"lst_k":301.08,"lst_day_dn":15054,"qc_day":0,"lst_night_c":null,"lst_night_k":null,"lst_night_dn":0,"qc_night":2,"modis_row":827,"modis_col":692,"source_product":"MOD11A2.061","composite_start":"2026-09-14","units":"degC","scale_factor":0.02},"geometry":{"type":"Polygon","coordinates":[[[77.79373874149267,13.108333332156155],[77.80229502600011,13.108333332156155],[77.79966091414144,13.099999998823572],[77.79110491931968,13.099999998823572],[77.79373874149267,13.108333332156155]]]}},{"type":"Feature","properties":{"lst_c":28.41,"lst_k":301.56,"lst_day_dn":15078,"qc_day":0,"lst_night_c":null,"lst_night_k":null,"lst_night_dn":0,"qc_night":2,"modis_row":827,"modis_col":693,"source_product":"MOD11A2.061","composite_start":"2026-09-14","units":"degC","scale_factor":0.02},"geometry":{"type":"Polygon","coordinates":[[[77.80229502600011,13.108333332156155],[77.81085131050753,13.108333332156155],[77.80821690896317,13.099999998823572],[77.79966091414144,13.099999998823572],[77.80229502600011,13.108333332156155]]]}},{"type":"Feature","properties":{"lst_c":28.71,"lst_k":301.86,"lst_day_dn":15093,"qc_day":0,"lst_night_c":null,"lst_night_k":null,"lst_night_dn":0,"qc_night":2,"modis_row":827,"modis_col":694,"source_product":"MOD11A2.061","composite_start":"2026-09-14","units":"degC","scale_factor":0.02},"geometry":{"type":"Polygon","coordinates":[[[77.81085131050753,13.108333332156155],[77.81940759501495,13.108333332156155],[77.81677290378494,13.099999998823572],[77.80821690896317,13.099999998823572],[77.81085131050753,13.108333332156155]]]}},{"type":"Feature","properties":{"lst_c":28.89,"lst_k":302.04,"lst_day_dn":15102,"qc_day":0,"lst_night_c":null,"lst_night_k":null,"lst_night_dn":0,"qc_night":2,"modis_row":827,"modis_col":695,"source_product":"MOD11A2.061","composite_start":"2026-09-14","units":"degC","scale_factor":0.02},"geometry":{"type":"Polygon","coordinates":[[[77.81940759501495,13.108333332156155],[77.82796387952237,13.108333332156155],[77.82532889860667,13.099999998823572],[77.81677290378494,13.099999998823572],[77.81940759501495,13.108333332156155]]]}},{"type":"Feature","properties":{"lst_c":28.93,"lst_k":302.08,"lst_day_dn":15104,"qc_day":0,"lst_night_c":null,"lst_night_k":null,"lst_night_dn":0,"qc_night":2,"modis_row":827,"modis_col":696,"source_product":"MOD11A2.061","composite_start":"2026-09-14","units":"degC","scale_factor":0.02},"geometry":{"type":"Polygon","coordinates":[[[77.82796387952237,13.108333332156155],[77.8365201640298,13.108333332156155],[77.83388489342843,13.099999998823572],[77.82532889860667,13.099999998823572],[77.82796387952237,13.108333332156155]]]}},{"type":"Feature","properties":{"lst_c":32.55,"lst_k":305.7,"lst_day_dn":15285,"qc_day":0,"lst_night_c":19.65,"lst_night_k":292.8,"lst_night_dn":14640,"qc_night":65,"modis_row":828,"modis_col":653,"source_product":"MOD11A2.061","composite_start":"2026-09-14","units":"degC","scale_factor":0.02},"geometry":{"type":"Polygon","coordinates":[[[77.45742112127158,13.099999998823572],[77.46597711609333,13.099999998823572],[77.46335611817193,13.091666665490989],[77.45480041283527,13.091666665490989],[77.45742112127158,13.099999998823572]]]}},{"type":"Feature","properties":{"lst_c":32.51,"lst_k":305.66,"lst_day_dn":15283,"qc_day":0,"lst_night_c":20.05,"lst_night_k":293.2,"lst_night_dn":14660,"qc_night":65,"modis_row":828,"modis_col":654,"source_product":"MOD11A2.061","composite_start":"2026-09-14","units":"degC","scale_factor":0.02},"geometry":{"type":"Polygon","coordinates":[[[77.46597711609333,13.099999998823572],[77.47453311091508,13.099999998823572],[77.4719118235086,13.091666665490989],[77.46335611817193,13.091666665490989],[77.46597711609333,13.099999998823572]]]}},{"type":"Feature","properties":{"lst_c":31.21,"lst_k":304.36,"lst_day_dn":15218,"qc_day":0,"lst_night_c":20.21,"lst_night_k":293.36,"lst_night_dn":14668,"qc_night":65,"modis_row":828,"modis_col":655,"source_product":"MOD11A2.061","composite_start":"2026-09-14","units":"degC","scale_factor":0.02},"geometry":{"type":"Polygon","coordinates":[[[77.47453311091508,13.099999998823572],[77.48308910573682,13.099999998823572],[77.48046752884527,13.091666665490989],[77.4719118235086,13.091666665490989],[77.47453311091508,13.099999998823572]]]}},{"type":"Feature","properties":{"lst_c":31.07,"lst_k":304.22,"lst_day_dn":15211,"qc_day":0,"lst_night_c":20.35,"lst_night_k":293.5,"lst_night_dn":14675,"qc_night":65,"modis_row":828,"modis_col":656,"source_product":"MOD11A2.061","composite_start":"2026-09-14","units":"degC","scale_factor":0.02},"geometry":{"type":"Polygon","coordinates":[[[77.48308910573682,13.099999998823572],[77.49164510055857,13.099999998823572],[77.48902323418193,13.091666665490989],[77.48046752884527,13.091666665490989],[77.48308910573682,13.099999998823572]]]}},{"type":"Feature","properties":{"lst_c":30.91,"lst_k":304.06,"lst_day_dn":15203,"qc_day":0,"lst_night_c":20.01,"lst_night_k":293.16,"lst_night_dn":14658,"qc_night":65,"modis_row":828,"modis_col":657,"source_product":"MOD11A2.061","composite_start":"2026-09-14","units":"degC","scale_factor":0.02},"geometry":{"type":"Polygon","coordinates":[[[77.49164510055857,13.099999998823572],[77.50020109538032,13.099999998823572],[77.4975789395186,13.091666665490989],[77.48902323418193,13.091666665490989],[77.49164510055857,13.099999998823572]]]}},{"type":"Feature","properties":{"lst_c":30.99,"lst_k":304.14,"lst_day_dn":15207,"qc_day":0,"lst_night_c":21.05,"lst_night_k":294.2,"lst_night_dn":14710,"qc_night":65,"modis_row":828,"modis_col":658,"source_product":"MOD11A2.061","composite_start":"2026-09-14","units":"degC","scale_factor":0.02},"geometry":{"type":"Polygon","coordinates":[[[77.50020109538032,13.099999998823572],[77.50875709020207,13.099999998823572],[77.50613464485527,13.091666665490989],[77.4975789395186,13.091666665490989],[77.50020109538032,13.099999998823572]]]}},{"type":"Feature","properties":{"lst_c":32.91,"lst_k":306.06,"lst_day_dn":15303,"qc_day":0,"lst_night_c":22.53,"lst_night_k":295.68,"lst_night_dn":14784,"qc_night":65,"modis_row":828,"modis_col":659,"source_product":"MOD11A2.061","composite_start":"2026-09-14","units":"degC","scale_factor":0.02},"geometry":{"type":"Polygon","coordinates":[[[77.50875709020207,13.099999998823572],[77.5173130850238,13.099999998823572],[77.51469035019191,13.091666665490989],[77.50613464485527,13.091666665490989],[77.50875709020207,13.099999998823572]]]}},{"type":"Feature","properties":{"lst_c":33.47,"lst_k":306.62,"lst_day_dn":15331,"qc_day":0,"lst_night_c":22.59,"lst_night_k":295.74,"lst_night_dn":14787,"qc_night":65,"modis_row":828,"modis_col":660,"source_product":"MOD11A2.061","composite_start":"2026-09-14","units":"degC","scale_factor":0.02},"geometry":{"type":"Polygon","coordinates":[[[77.5173130850238,13.099999998823572],[77.52586907984555,13.099999998823572],[77.52324605552859,13.091666665490989],[77.51469035019191,13.091666665490989],[77.5173130850238,13.099999998823572]]]}},{"type":"Feature","properties":{"lst_c":32.57,"lst_k":305.72,"lst_day_dn":15286,"qc_day":0,"lst_night_c":21.65,"lst_night_k":294.8,"lst_night_dn":14740,"qc_night":65,"modis_row":828,"modis_col":661,"source_product":"MOD11A2.061","composite_start":"2026-09-14","units":"degC","scale_factor":0.02},"geometry":{"type":"Polygon","coordinates":[[[77.52586907984555,13.099999998823572],[77.53442507466728,13.099999998823572],[77.53180176086525,13.091666665490989],[77.52324605552859,13.091666665490989],[77.52586907984555,13.099999998823572]]]}},{"type":"Feature","properties":{"lst_c":31.21,"lst_k":304.36,"lst_day_dn":15218,"qc_day":0,"lst_night_c":21.61,"lst_night_k":294.76,"lst_night_dn":14738,"qc_night":65,"modis_row":828,"modis_col":662,"source_product":"MOD11A2.061","composite_start":"2026-09-14","units":"degC","scale_factor":0.02},"geometry":{"type":"Polygon","coordinates":[[[77.53442507466728,13.099999998823572],[77.54298106948904,13.099999998823572],[77.54035746620193,13.091666665490989],[77.53180176086525,13.091666665490989],[77.53442507466728,13.099999998823572]]]}},{"type":"Feature","properties":{"lst_c":30.21,"lst_k":303.36,"lst_day_dn":15168,"qc_day":0,"lst_night_c":22.27,"lst_night_k":295.42,"lst_night_dn":14771,"qc_night":0,"modis_row":828,"modis_col":663,"source_product":"MOD11A2.061","composite_start":"2026-09-14","units":"degC","scale_factor":0.02},"geometry":{"type":"Polygon","coordinates":[[[77.54298106948904,13.099999998823572],[77.55153706431078,13.099999998823572],[77.54891317153859,13.091666665490989],[77.54035746620193,13.091666665490989],[77.54298106948904,13.099999998823572]]]}},{"type":"Feature","properties":{"lst_c":30.67,"lst_k":303.82,"lst_day_dn":15191,"qc_day":0,"lst_night_c":22.69,"lst_night_k":295.84,"lst_night_dn":14792,"qc_night":0,"modis_row":828,"modis_col":664,"source_product":"MOD11A2.061","composite_start":"2026-09-14","units":"degC","scale_factor":0.02},"geometry":{"type":"Polygon","coordinates":[[[77.55153706431078,13.099999998823572],[77.56009305913254,13.099999998823572],[77.55746887687526,13.091666665490989],[77.54891317153859,13.091666665490989],[77.55153706431078,13.099999998823572]]]}},{"type":"Feature","properties":{"lst_c":30.15,"lst_k":303.3,"lst_day_dn":15165,"qc_day":0,"lst_night_c":21.29,"lst_night_k":294.44,"lst_night_dn":14722,"qc_night":0,"modis_row":828,"modis_col":665,"source_product":"MOD11A2.061","composite_start":"2026-09-14","units":"degC","scale_factor":0.02},"geometry":{"type":"Polygon","coordinates":[[[77.56009305913254,13.099999998823572],[77.56864905395427,13.099999998823572],[77.56602458221192,13.091666665490989],[77.55746887687526,13.091666665490989],[77.56009305913254,13.099999998823572]]]}},{"type":"Feature","properties":{"lst_c":29.63,"lst_k":302.78,"lst_day_dn":15139,"qc_day":0,"lst_night_c":20.99,"lst_night_k":294.14,"lst_night_dn":14707,"qc_night":0,"modis_row":828,"modis_col":666,"source_product":"MOD11A2.061","composite_start":"2026-09-14","units":"degC","scale_factor":0.02},"geometry":{"type":"Polygon","coordinates":[[[77.56864905395427,13.099999998823572],[77.57720504877604,13.099999998823572],[77.5745802875486,13.091666665490989],[77.56602458221192,13.091666665490989],[77.56864905395427,13.099999998823572]]]}},{"type":"Feature","properties":{"lst_c":29.19,"lst_k":302.34,"lst_day_dn":15117,"qc_day":0,"lst_night_c":22.43,"lst_night_k":295.58,"lst_night_dn":14779,"qc_night":0,"modis_row":828,"modis_col":667,"source_product":"MOD11A2.061","composite_start":"2026-09-14","units":"degC","scale_factor":0.02},"geometry":{"type":"Polygon","coordinates":[[[77.57720504877604,13.099999998823572],[77.58576104359777,13.099999998823572],[77.58313599288526,13.091666665490989],[77.5745802875486,13.091666665490989],[77.57720504877604,13.099999998823572]]]}},{"type":"Feature","properties":{"lst_c":28.63,"lst_k":301.78,"lst_day_dn":15089,"qc_day":0,"lst_night_c":22.07,"lst_night_k":295.22,"lst_night_dn":14761,"qc_night":0,"modis_row":828,"modis_col":668,"source_product":"MOD11A2.061","composite_start":"2026-09-14","units":"degC","scale_factor":0.02},"geometry":{"type":"Polygon","coordinates":[[[77.58576104359777,13.099999998823572],[77.59431703841953,13.099999998823572],[77.59169169822194,13.091666665490989],[77.58313599288526,13.091666665490989],[77.58576104359777,13.099999998823572]]]}},{"type":"Feature","properties":{"lst_c":29.13,"lst_k":302.28,"lst_day_dn":15114,"qc_day":0,"lst_night_c":22.37,"lst_night_k":295.52,"lst_night_dn":14776,"qc_night":0,"modis_row":828,"modis_col":669,"source_product":"MOD11A2.061","composite_start":"2026-09-14","units":"degC","scale_factor":0.02},"geometry":{"type":"Polygon","coordinates":[[[77.59431703841953,13.099999998823572],[77.60287303324127,13.099999998823572],[77.6002474035586,13.091666665490989],[77.59169169822194,13.091666665490989],[77.59431703841953,13.099999998823572]]]}},{"type":"Feature","properties":{"lst_c":29.35,"lst_k":302.5,"lst_day_dn":15125,"qc_day":0,"lst_night_c":22.59,"lst_night_k":295.74,"lst_night_dn":14787,"qc_night":0,"modis_row":828,"modis_col":670,"source_product":"MOD11A2.061","composite_start":"2026-09-14","units":"degC","scale_factor":0.02},"geometry":{"type":"Polygon","coordinates":[[[77.60287303324127,13.099999998823572],[77.61142902806303,13.099999998823572],[77.60880310889526,13.091666665490989],[77.6002474035586,13.091666665490989],[77.60287303324127,13.099999998823572]]]}},{"type":"Feature","properties":{"lst_c":29.29,"lst_k":302.44,"lst_day_dn":15122,"qc_day":0,"lst_night_c":22.61,"lst_night_k":295.76,"lst_night_dn":14788,"qc_night":0,"modis_row":828,"modis_col":671,"source_product":"MOD11A2.061","composite_start":"2026-09-14","units":"degC","scale_factor":0.02},"geometry":{"type":"Polygon","coordinates":[[[77.61142902806303,13.099999998823572],[77.61998502288476,13.099999998823572],[77.61735881423192,13.091666665490989],[77.60880310889526,13.091666665490989],[77.61142902806303,13.099999998823572]]]}},{"type":"Feature","properties":{"lst_c":29.75,"lst_k":302.9,"lst_day_dn":15145,"qc_day":0,"lst_night_c":22.33,"lst_night_k":295.48,"lst_night_dn":14774,"qc_night":0,"modis_row":828,"modis_col":672,"source_product":"MOD11A2.061","composite_start":"2026-09-14","units":"degC","scale_factor":0.02},"geometry":{"type":"Polygon","coordinates":[[[77.61998502288476,13.099999998823572],[77.62854101770651,13.099999998823572],[77.62591451956858,13.091666665490989],[77.61735881423192,13.091666665490989],[77.61998502288476,13.099999998823572]]]}},{"type":"Feature","properties":{"lst_c":29.77,"lst_k":302.92,"lst_day_dn":15146,"qc_day":0,"lst_night_c":22.63,"lst_night_k":295.78,"lst_night_dn":14789,"qc_night":0,"modis_row":828,"modis_col":673,"source_product":"MOD11A2.061","composite_start":"2026-09-14","units":"degC","scale_factor":0.02},"geometry":{"type":"Polygon","coordinates":[[[77.62854101770651,13.099999998823572],[77.63709701252826,13.099999998823572],[77.63447022490526,13.091666665490989],[77.62591451956858,13.091666665490989],[77.62854101770651,13.099999998823572]]]}},{"type":"Feature","properties":{"lst_c":29.73,"lst_k":302.88,"lst_day_dn":15144,"qc_day":0,"lst_night_c":22.57,"lst_night_k":295.72,"lst_night_dn":14786,"qc_night":0,"modis_row":828,"modis_col":674,"source_product":"MOD11A2.061","composite_start":"2026-09-14","units":"degC","scale_factor":0.02},"geometry":{"type":"Polygon","coordinates":[[[77.63709701252826,13.099999998823572],[77.64565300734999,13.099999998823572],[77.6430259302419,13.091666665490989],[77.63447022490526,13.091666665490989],[77.63709701252826,13.099999998823572]]]}},{"type":"Feature","properties":{"lst_c":29.69,"lst_k":302.84,"lst_day_dn":15142,"qc_day":0,"lst_night_c":22.13,"lst_night_k":295.28,"lst_night_dn":14764,"qc_night":0,"modis_row":828,"modis_col":675,"source_product":"MOD11A2.061","composite_start":"2026-09-14","units":"degC","scale_factor":0.02},"geometry":{"type":"Polygon","coordinates":[[[77.64565300734999,13.099999998823572],[77.65420900217174,13.099999998823572],[77.65158163557857,13.091666665490989],[77.6430259302419,13.091666665490989],[77.64565300734999,13.099999998823572]]]}},{"type":"Feature","properties":{"lst_c":30.03,"lst_k":303.18,"lst_day_dn":15159,"qc_day":0,"lst_night_c":22.03,"lst_night_k":295.18,"lst_night_dn":14759,"qc_night":0,"modis_row":828,"modis_col":676,"source_product":"MOD11A2.061","composite_start":"2026-09-14","units":"degC","scale_factor":0.02},"geometry":{"type":"Polygon","coordinates":[[[77.65420900217174,13.099999998823572],[77.66276499699349,13.099999998823572],[77.66013734091524,13.091666665490989],[77.65158163557857,13.091666665490989],[77.65420900217174,13.099999998823572]]]}},{"type":"Feature","properties":{"lst_c":30.01,"lst_k":303.16,"lst_day_dn":15158,"qc_day":0,"lst_night_c":20.93,"lst_night_k":294.08,"lst_night_dn":14704,"qc_night":65,"modis_row":828,"modis_col":677,"source_product":"MOD11A2.061","composite_start":"2026-09-14","units":"degC","scale_factor":0.02},"geometry":{"type":"Polygon","coordinates":[[[77.66276499699349,13.099999998823572],[77.67132099181524,13.099999998823572],[77.6686930462519,13.091666665490989],[77.66013734091524,13.091666665490989],[77.66276499699349,13.099999998823572]]]}},{"type":"Feature","properties":{"lst_c":29.81,"lst_k":302.96,"lst_day_dn":15148,"qc_day":0,"lst_night_c":20.59,"lst_night_k":293.74,"lst_night_dn":14687,"qc_night":65,"modis_row":828,"modis_col":678,"source_product":"MOD11A2.061","composite_start":"2026-09-14","units":"degC","scale_factor":0.02},"geometry":{"type":"Polygon","coordinates":[[[77.67132099181524,13.099999998823572],[77.67987698663698,13.099999998823572],[77.67724875158858,13.091666665490989],[77.6686930462519,13.091666665490989],[77.67132099181524,13.099999998823572]]]}},{"type":"Feature","properties":{"lst_c":29.39,"lst_k":302.54,"lst_day_dn":15127,"qc_day":0,"lst_night_c":21.23,"lst_night_k":294.38,"lst_night_dn":14719,"qc_night":65,"modis_row":828,"modis_col":679,"source_product":"MOD11A2.061","composite_start":"2026-09-14","units":"degC","scale_factor":0.02},"geometry":{"type":"Polygon","coordinates":[[[77.67987698663698,13.099999998823572],[77.68843298145873,13.099999998823572],[77.68580445692524,13.091666665490989],[77.67724875158858,13.091666665490989],[77.67987698663698,13.099999998823572]]]}},{"type":"Feature","properties":{"lst_c":28.17,"lst_k":301.32,"lst_day_dn":15066,"qc_day":0,"lst_night_c":21.89,"lst_night_k":295.04,"lst_night_dn":14752,"qc_night":65,"modis_row":828,"modis_col":680,"source_product":"MOD11A2.061","composite_start":"2026-09-14","units":"degC","scale_factor":0.02},"geometry":{"type":"Polygon","coordinates":[[[77.68843298145873,13.099999998823572],[77.69698897628048,13.099999998823572],[77.69436016226192,13.091666665490989],[77.68580445692524,13.091666665490989],[77.68843298145873,13.099999998823572]]]}},{"type":"Feature","properties":{"lst_c":27.55,"lst_k":300.7,"lst_day_dn":15035,"qc_day":0,"lst_night_c":21.79,"lst_night_k":294.94,"lst_night_dn":14747,"qc_night":65,"modis_row":828,"modis_col":681,"source_product":"MOD11A2.061","composite_start":"2026-09-14","units":"degC","scale_factor":0.02},"geometry":{"type":"Polygon","coordinates":[[[77.69698897628048,13.099999998823572],[77.70554497110223,13.099999998823572],[77.70291586759858,13.091666665490989],[77.69436016226192,13.091666665490989],[77.69698897628048,13.099999998823572]]]}},{"type":"Feature","properties":{"lst_c":27.29,"lst_k":300.44,"lst_day_dn":15022,"qc_day":0,"lst_night_c":21.23,"lst_night_k":294.38,"lst_night_dn":14719,"qc_night":65,"modis_row":828,"modis_col":682,"source_product":"MOD11A2.061","composite_start":"2026-09-14","units":"degC","scale_factor":0.02},"geometry":{"type":"Polygon","coordinates":[[[77.70554497110223,13.099999998823572],[77.71410096592398,13.099999998823572],[77.71147157293524,13.091666665490989],[77.70291586759858,13.091666665490989],[77.70554497110223,13.099999998823572]]]}},{"type":"Feature","properties":{"lst_c":27.19,"lst_k":300.34,"lst_day_dn":15017,"qc_day":0,"lst_night_c":19.23,"lst_night_k":292.38,"lst_night_dn":14619,"qc_night":65,"modis_row":828,"modis_col":683,"source_product":"MOD11A2.061","composite_start":"2026-09-14","units":"degC","scale_factor":0.02},"geometry":{"type":"Polygon","coordinates":[[[77.71410096592398,13.099999998823572],[77.72265696074572,13.099999998823572],[77.72002727827191,13.091666665490989],[77.71147157293524,13.091666665490989],[77.71410096592398,13.099999998823572]]]}},{"type":"Feature","properties":{"lst_c":26.85,"lst_k":300.0,"lst_day_dn":15000,"qc_day":0,"lst_night_c":19.23,"lst_night_k":292.38,"lst_night_dn":14619,"qc_night":65,"modis_row":828,"modis_col":684,"source_product":"MOD11A2.061","composite_start":"2026-09-14","units":"degC","scale_factor":0.02},"geometry":{"type":"Polygon","coordinates":[[[77.72265696074572,13.099999998823572],[77.73121295556747,13.099999998823572],[77.72858298360858,13.091666665490989],[77.72002727827191,13.091666665490989],[77.72265696074572,13.099999998823572]]]}},{"type":"Feature","properties":{"lst_c":26.69,"lst_k":299.84,"lst_day_dn":14992,"qc_day":0,"lst_night_c":null,"lst_night_k":null,"lst_night_dn":0,"qc_night":2,"modis_row":828,"modis_col":685,"source_product":"MOD11A2.061","composite_start":"2026-09-14","units":"degC","scale_factor":0.02},"geometry":{"type":"Polygon","coordinates":[[[77.73121295556747,13.099999998823572],[77.73976895038922,13.099999998823572],[77.73713868894525,13.091666665490989],[77.72858298360858,13.091666665490989],[77.73121295556747,13.099999998823572]]]}},{"type":"Feature","properties":{"lst_c":26.69,"lst_k":299.84,"lst_day_dn":14992,"qc_day":0,"lst_night_c":null,"lst_night_k":null,"lst_night_dn":0,"qc_night":2,"modis_row":828,"modis_col":686,"source_product":"MOD11A2.061","composite_start":"2026-09-14","units":"degC","scale_factor":0.02},"geometry":{"type":"Polygon","coordinates":[[[77.73976895038922,13.099999998823572],[77.74832494521097,13.099999998823572],[77.74569439428191,13.091666665490989],[77.73713868894525,13.091666665490989],[77.73976895038922,13.099999998823572]]]}},{"type":"Feature","properties":{"lst_c":26.93,"lst_k":300.08,"lst_day_dn":15004,"qc_day":0,"lst_night_c":null,"lst_night_k":null,"lst_night_dn":0,"qc_night":2,"modis_row":828,"modis_col":687,"source_product":"MOD11A2.061","composite_start":"2026-09-14","units":"degC","scale_factor":0.02},"geometry":{"type":"Polygon","coordinates":[[[77.74832494521097,13.099999998823572],[77.7568809400327,13.099999998823572],[77.75425009961859,13.091666665490989],[77.74569439428191,13.091666665490989],[77.74832494521097,13.099999998823572]]]}},{"type":"Feature","properties":{"lst_c":27.13,"lst_k":300.28,"lst_day_dn":15014,"qc_day":0,"lst_night_c":null,"lst_night_k":null,"lst_night_dn":0,"qc_night":2,"modis_row":828,"modis_col":688,"source_product":"MOD11A2.061","composite_start":"2026-09-14","units":"degC","scale_factor":0.02},"geometry":{"type":"Polygon","coordinates":[[[77.7568809400327,13.099999998823572],[77.76543693485446,13.099999998823572],[77.76280580495525,13.091666665490989],[77.75425009961859,13.091666665490989],[77.7568809400327,13.099999998823572]]]}},{"type":"Feature","properties":{"lst_c":27.09,"lst_k":300.24,"lst_day_dn":15012,"qc_day":0,"lst_night_c":null,"lst_night_k":null,"lst_night_dn":0,"qc_night":2,"modis_row":828,"modis_col":689,"source_product":"MOD11A2.061","composite_start":"2026-09-14","units":"degC","scale_factor":0.02},"geometry":{"type":"Polygon","coordinates":[[[77.76543693485446,13.099999998823572],[77.7739929296762,13.099999998823572],[77.7713615102919,13.091666665490989],[77.76280580495525,13.091666665490989],[77.76543693485446,13.099999998823572]]]}},{"type":"Feature","properties":{"lst_c":27.35,"lst_k":300.5,"lst_day_dn":15025,"qc_day":0,"lst_night_c":null,"lst_night_k":null,"lst_night_dn":0,"qc_night":2,"modis_row":828,"modis_col":690,"source_product":"MOD11A2.061","composite_start":"2026-09-14","units":"degC","scale_factor":0.02},"geometry":{"type":"Polygon","coordinates":[[[77.7739929296762,13.099999998823572],[77.78254892449795,13.099999998823572],[77.77991721562857,13.091666665490989],[77.7713615102919,13.091666665490989],[77.7739929296762,13.099999998823572]]]}},{"type":"Feature","properties":{"lst_c":27.55,"lst_k":300.7,"lst_day_dn":15035,"qc_day":0,"lst_night_c":null,"lst_night_k":null,"lst_night_dn":0,"qc_night":2,"modis_row":828,"modis_col":691,"source_product":"MOD11A2.061","composite_start":"2026-09-14","units":"degC","scale_factor":0.02},"geometry":{"type":"Polygon","coordinates":[[[77.78254892449795,13.099999998823572],[77.79110491931968,13.099999998823572],[77.78847292096523,13.091666665490989],[77.77991721562857,13.091666665490989],[77.78254892449795,13.099999998823572]]]}},{"type":"Feature","properties":{"lst_c":27.59,"lst_k":300.74,"lst_day_dn":15037,"qc_day":0,"lst_night_c":null,"lst_night_k":null,"lst_night_dn":0,"qc_night":2,"modis_row":828,"modis_col":692,"source_product":"MOD11A2.061","composite_start":"2026-09-14","units":"degC","scale_factor":0.02},"geometry":{"type":"Polygon","coordinates":[[[77.79110491931968,13.099999998823572],[77.79966091414144,13.099999998823572],[77.7970286263019,13.091666665490989],[77.78847292096523,13.091666665490989],[77.79110491931968,13.099999998823572]]]}},{"type":"Feature","properties":{"lst_c":28.11,"lst_k":301.26,"lst_day_dn":15063,"qc_day":0,"lst_night_c":null,"lst_night_k":null,"lst_night_dn":0,"qc_night":2,"modis_row":828,"modis_col":693,"source_product":"MOD11A2.061","composite_start":"2026-09-14","units":"degC","scale_factor":0.02},"geometry":{"type":"Polygon","coordinates":[[[77.79966091414144,13.099999998823572],[77.80821690896317,13.099999998823572],[77.80558433163856,13.091666665490989],[77.7970286263019,13.091666665490989],[77.79966091414144,13.099999998823572]]]}},{"type":"Feature","properties":{"lst_c":28.67,"lst_k":301.82,"lst_day_dn":15091,"qc_day":0,"lst_night_c":null,"lst_night_k":null,"lst_night_dn":0,"qc_night":2,"modis_row":828,"modis_col":694,"source_product":"MOD11A2.061","composite_start":"2026-09-14","units":"degC","scale_factor":0.02},"geometry":{"type":"Polygon","coordinates":[[[77.80821690896317,13.099999998823572],[77.81677290378494,13.099999998823572],[77.81414003697523,13.091666665490989],[77.80558433163856,13.091666665490989],[77.80821690896317,13.099999998823572]]]}},{"type":"Feature","properties":{"lst_c":28.89,"lst_k":302.04,"lst_day_dn":15102,"qc_day":0,"lst_night_c":null,"lst_night_k":null,"lst_night_dn":0,"qc_night":2,"modis_row":828,"modis_col":695,"source_product":"MOD11A2.061","composite_start":"2026-09-14","units":"degC","scale_factor":0.02},"geometry":{"type":"Polygon","coordinates":[[[77.81677290378494,13.099999998823572],[77.82532889860667,13.099999998823572],[77.8226957423119,13.091666665490989],[77.81414003697523,13.091666665490989],[77.81677290378494,13.099999998823572]]]}},{"type":"Feature","properties":{"lst_c":28.85,"lst_k":302.0,"lst_day_dn":15100,"qc_day":0,"lst_night_c":null,"lst_night_k":null,"lst_night_dn":0,"qc_night":2,"modis_row":828,"modis_col":696,"source_product":"MOD11A2.061","composite_start":"2026-09-14","units":"degC","scale_factor":0.02},"geometry":{"type":"Polygon","coordinates":[[[77.82532889860667,13.099999998823572],[77.83388489342843,13.099999998823572],[77.83125144764855,13.091666665490989],[77.8226957423119,13.091666665490989],[77.82532889860667,13.099999998823572]]]}},{"type":"Feature","properties":{"lst_c":31.39,"lst_k":304.54,"lst_day_dn":15227,"qc_day":0,"lst_night_c":19.65,"lst_night_k":292.8,"lst_night_dn":14640,"qc_night":65,"modis_row":829,"modis_col":653,"source_product":"MOD11A2.061","composite_start":"2026-09-14","units":"degC","scale_factor":0.02},"geometry":{"type":"Polygon","coordinates":[[[77.45480041283527,13.091666665490989],[77.46335611817193,13.091666665490989],[77.4607369361512,13.083333332158402],[77.45218152009905,13.083333332158402],[77.45480041283527,13.091666665490989]]]}},{"type":"Feature","properties":{"lst_c":31.75,"lst_k":304.9,"lst_day_dn":15245,"qc_day":0,"lst_night_c":18.95,"lst_night_k":292.1,"lst_night_dn":14605,"qc_night":65,"modis_row":829,"modis_col":654,"source_product":"MOD11A2.061","composite_start":"2026-09-14","units":"degC","scale_factor":0.02},"geometry":{"type":"Polygon","coordinates":[[[77.46335611817193,13.091666665490989],[77.4719118235086,13.091666665490989],[77.46929235220335,13.083333332158402],[77.4607369361512,13.083333332158402],[77.46335611817193,13.091666665490989]]]}},{"type":"Feature","properties":{"lst_c":31.41,"lst_k":304.56,"lst_day_dn":15228,"qc_day":0,"lst_night_c":19.87,"lst_night_k":293.02,"lst_night_dn":14651,"qc_night":65,"modis_row":829,"modis_col":655,"source_product":"MOD11A2.061","composite_start":"2026-09-14","units":"degC","scale_factor":0.02},"geometry":{"type":"Polygon","coordinates":[[[77.4719118235086,13.091666665490989],[77.48046752884527,13.091666665490989],[77.4778477682555,13.083333332158402],[77.46929235220335,13.083333332158402],[77.4719118235086,13.091666665490989]]]}},{"type":"Feature","properties":{"lst_c":31.13,"lst_k":304.28,"lst_day_dn":15214,"qc_day":0,"lst_night_c":20.47,"lst_night_k":293.62,"lst_night_dn":14681,"qc_night":65,"modis_row":829,"modis_col":656,"source_product":"MOD11A2.061","composite_start":"2026-09-14","units":"degC","scale_factor":0.02},"geometry":{"type":"Polygon","coordinates":[[[77.48046752884527,13.091666665490989],[77.48902323418193,13.091666665490989],[77.48640318430765,13.083333332158402],[77.4778477682555,13.083333332158402],[77.48046752884527,13.091666665490989]]]}},{"type":"Feature","properties":{"lst_c":30.91,"lst_k":304.06,"lst_day_dn":15203,"qc_day":0,"lst_night_c":19.75,"lst_night_k":292.9,"lst_night_dn":14645,"qc_night":65,"modis_row":829,"modis_col":657,"source_product":"MOD11A2.061","composite_start":"2026-09-14","units":"degC","scale_factor":0.02},"geometry":{"type":"Polygon","coordinates":[[[77.48902323418193,13.091666665490989],[77.4975789395186,13.091666665490989],[77.4949586003598,13.083333332158402],[77.48640318430765,13.083333332158402],[77.48902323418193,13.091666665490989]]]}},{"type":"Feature","properties":{"lst_c":30.47,"lst_k":303.62,"lst_day_dn":15181,"qc_day":0,"lst_night_c":20.49,"lst_night_k":293.64,"lst_night_dn":14682,"qc_night":65,"modis_row":829,"modis_col":658,"source_product":"MOD11A2.061","composite_start":"2026-09-14","units":"degC","scale_factor":0.02},"geometry":{"type":"Polygon","coordinates":[[[77.4975789395186,13.091666665490989],[77.50613464485527,13.091666665490989],[77.50351401641196,13.083333332158402],[77.4949586003598,13.083333332158402],[77.4975789395186,13.091666665490989]]]}},{"type":"Feature","properties":{"lst_c":31.47,"lst_k":304.62,"lst_day_dn":15231,"qc_day":0,"lst_night_c":21.49,"lst_night_k":294.64,"lst_night_dn":14732,"qc_night":65,"modis_row":829,"modis_col":659,"source_product":"MOD11A2.061","composite_start":"2026-09-14","units":"degC","scale_factor":0.02},"geometry":{"type":"Polygon","coordinates":[[[77.50613464485527,13.091666665490989],[77.51469035019191,13.091666665490989],[77.51206943246407,13.083333332158402],[77.50351401641196,13.083333332158402],[77.50613464485527,13.091666665490989]]]}},{"type":"Feature","properties":{"lst_c":32.51,"lst_k":305.66,"lst_day_dn":15283,"qc_day":0,"lst_night_c":21.99,"lst_night_k":295.14,"lst_night_dn":14757,"qc_night":65,"modis_row":829,"modis_col":660,"source_product":"MOD11A2.061","composite_start":"2026-09-14","units":"degC","scale_factor":0.02},"geometry":{"type":"Polygon","coordinates":[[[77.51469035019191,13.091666665490989],[77.52324605552859,13.091666665490989],[77.52062484851623,13.083333332158402],[77.51206943246407,13.083333332158402],[77.51469035019191,13.091666665490989]]]}},{"type":"Feature","properties":{"lst_c":32.55,"lst_k":305.7,"lst_day_dn":15285,"qc_day":0,"lst_night_c":21.77,"lst_night_k":294.92,"lst_night_dn":14746,"qc_night":65,"modis_row":829,"modis_col":661,"source_product":"MOD11A2.061","composite_start":"2026-09-14","units":"degC","scale_factor":0.02},"geometry":{"type":"Polygon","coordinates":[[[77.52324605552859,13.091666665490989],[77.53180176086525,13.091666665490989],[77.52918026456838,13.083333332158402],[77.52062484851623,13.083333332158402],[77.52324605552859,13.091666665490989]]]}},{"type":"Feature","properties":{"lst_c":31.57,"lst_k":304.72,"lst_day_dn":15236,"qc_day":0,"lst_night_c":20.71,"lst_night_k":293.86,"lst_night_dn":14693,"qc_night":65,"modis_row":829,"modis_col":662,"source_product":"MOD11A2.061","composite_start":"2026-09-14","units":"degC","scale_factor":0.02},"geometry":{"type":"Polygon","coordinates":[[[77.53180176086525,13.091666665490989],[77.54035746620193,13.091666665490989],[77.53773568062053,13.083333332158402],[77.52918026456838,13.083333332158402],[77.53180176086525,13.091666665490989]]]}},{"type":"Feature","properties":{"lst_c":29.91,"lst_k":303.06,"lst_day_dn":15153,"qc_day":0,"lst_night_c":21.17,"lst_night_k":294.32,"lst_night_dn":14716,"qc_night":65,"modis_row":829,"modis_col":663,"source_product":"MOD11A2.061","composite_start":"2026-09-14","units":"degC","scale_factor":0.02},"geometry":{"type":"Polygon","coordinates":[[[77.54035746620193,13.091666665490989],[77.54891317153859,13.091666665490989],[77.54629109667268,13.083333332158402],[77.53773568062053,13.083333332158402],[77.54035746620193,13.091666665490989]]]}},{"type":"Feature","properties":{"lst_c":30.03,"lst_k":303.18,"lst_day_dn":15159,"qc_day":0,"lst_night_c":23.13,"lst_night_k":296.28,"lst_night_dn":14814,"qc_night":81,"modis_row":829,"modis_col":664,"source_product":"MOD11A2.061","composite_start":"2026-09-14","units":"degC","scale_factor":0.02},"geometry":{"type":"Polygon","coordinates":[[[77.54891317153859,13.091666665490989],[77.55746887687526,13.091666665490989],[77.55484651272482,13.083333332158402],[77.54629109667268,13.083333332158402],[77.54891317153859,13.091666665490989]]]}},{"type":"Feature","properties":{"lst_c":29.83,"lst_k":302.98,"lst_day_dn":15149,"qc_day":0,"lst_night_c":21.83,"lst_night_k":294.98,"lst_night_dn":14749,"qc_night":0,"modis_row":829,"modis_col":665,"source_product":"MOD11A2.061","composite_start":"2026-09-14","units":"degC","scale_factor":0.02},"geometry":{"type":"Polygon","coordinates":[[[77.55746887687526,13.091666665490989],[77.56602458221192,13.091666665490989],[77.56340192877697,13.083333332158402],[77.55484651272482,13.083333332158402],[77.55746887687526,13.091666665490989]]]}},{"type":"Feature","properties":{"lst_c":29.53,"lst_k":302.68,"lst_day_dn":15134,"qc_day":0,"lst_night_c":20.53,"lst_night_k":293.68,"lst_night_dn":14684,"qc_night":0,"modis_row":829,"modis_col":666,"source_product":"MOD11A2.061","composite_start":"2026-09-14","units":"degC","scale_factor":0.02},"geometry":{"type":"Polygon","coordinates":[[[77.56602458221192,13.091666665490989],[77.5745802875486,13.091666665490989],[77.57195734482913,13.083333332158402],[77.56340192877697,13.083333332158402],[77.56602458221192,13.091666665490989]]]}},{"type":"Feature","properties":{"lst_c":29.97,"lst_k":303.12,"lst_day_dn":15156,"qc_day":0,"lst_night_c":20.95,"lst_night_k":294.1,"lst_night_dn":14705,"qc_night":0,"modis_row":829,"modis_col":667,"source_product":"MOD11A2.061","composite_start":"2026-09-14","units":"degC","scale_factor":0.02},"geometry":{"type":"Polygon","coordinates":[[[77.5745802875486,13.091666665490989],[77.58313599288526,13.091666665490989],[77.58051276088128,13.083333332158402],[77.57195734482913,13.083333332158402],[77.5745802875486,13.091666665490989]]]}},{"type":"Feature","properties":{"lst_c":29.29,"lst_k":302.44,"lst_day_dn":15122,"qc_day":0,"lst_night_c":22.21,"lst_night_k":295.36,"lst_night_dn":14768,"qc_night":0,"modis_row":829,"modis_col":668,"source_product":"MOD11A2.061","composite_start":"2026-09-14","units":"degC","scale_factor":0.02},"geometry":{"type":"Polygon","coordinates":[[[77.58313599288526,13.091666665490989],[77.59169169822194,13.091666665490989],[77.58906817693342,13.083333332158402],[77.58051276088128,13.083333332158402],[77.58313599288526,13.091666665490989]]]}},{"type":"Feature","properties":{"lst_c":29.29,"lst_k":302.44,"lst_day_dn":15122,"qc_day":0,"lst_night_c":22.79,"lst_night_k":295.94,"lst_night_dn":14797,"qc_night":0,"modis_row":829,"modis_col":669,"source_product":"MOD11A2.061","composite_start":"2026-09-14","units":"degC","scale_factor":0.02},"geometry":{"type":"Polygon","coordinates":[[[77.59169169822194,13.091666665490989],[77.6002474035586,13.091666665490989],[77.59762359298557,13.083333332158402],[77.58906817693342,13.083333332158402],[77.59169169822194,13.091666665490989]]]}},{"type":"Feature","properties":{"lst_c":29.43,"lst_k":302.58,"lst_day_dn":15129,"qc_day":0,"lst_night_c":23.47,"lst_night_k":296.62,"lst_night_dn":14831,"qc_night":0,"modis_row":829,"modis_col":670,"source_product":"MOD11A2.061","composite_start":"2026-09-14","units":"degC","scale_factor":0.02},"geometry":{"type":"Polygon","coordinates":[[[77.6002474035586,13.091666665490989],[77.60880310889526,13.091666665490989],[77.60617900903772,13.083333332158402],[77.59762359298557,13.083333332158402],[77.6002474035586,13.091666665490989]]]}},{"type":"Feature","properties":{"lst_c":29.41,"lst_k":302.56,"lst_day_dn":15128,"qc_day":0,"lst_night_c":24.01,"lst_night_k":297.16,"lst_night_dn":14858,"qc_night":0,"modis_row":829,"modis_col":671,"source_product":"MOD11A2.061","composite_start":"2026-09-14","units":"degC","scale_factor":0.02},"geometry":{"type":"Polygon","coordinates":[[[77.60880310889526,13.091666665490989],[77.61735881423192,13.091666665490989],[77.61473442508988,13.083333332158402],[77.60617900903772,13.083333332158402],[77.60880310889526,13.091666665490989]]]}},{"type":"Feature","properties":{"lst_c":29.77,"lst_k":302.92,"lst_day_dn":15146,"qc_day":0,"lst_night_c":23.15,"lst_night_k":296.3,"lst_night_dn":14815,"qc_night":0,"modis_row":829,"modis_col":672,"source_product":"MOD11A2.061","composite_start":"2026-09-14","units":"degC","scale_factor":0.02},"geometry":{"type":"Polygon","coordinates":[[[77.61735881423192,13.091666665490989],[77.62591451956858,13.091666665490989],[77.62328984114203,13.083333332158402],[77.61473442508988,13.083333332158402],[77.61735881423192,13.091666665490989]]]}},{"type":"Feature","properties":{"lst_c":29.79,"lst_k":302.94,"lst_day_dn":15147,"qc_day":0,"lst_night_c":23.15,"lst_night_k":296.3,"lst_night_dn":14815,"qc_night":0,"modis_row":829,"modis_col":673,"source_product":"MOD11A2.061","composite_start":"2026-09-14","units":"degC","scale_factor":0.02},"geometry":{"type":"Polygon","coordinates":[[[77.62591451956858,13.091666665490989],[77.63447022490526,13.091666665490989],[77.63184525719417,13.083333332158402],[77.62328984114203,13.083333332158402],[77.62591451956858,13.091666665490989]]]}},{"type":"Feature","properties":{"lst_c":29.77,"lst_k":302.92,"lst_day_dn":15146,"qc_day":0,"lst_night_c":22.99,"lst_night_k":296.14,"lst_night_dn":14807,"qc_night":0,"modis_row":829,"modis_col":674,"source_product":"MOD11A2.061","composite_start":"2026-09-14","units":"degC","scale_factor":0.02},"geometry":{"type":"Polygon","coordinates":[[[77.63447022490526,13.091666665490989],[77.6430259302419,13.091666665490989],[77.64040067324632,13.083333332158402],[77.63184525719417,13.083333332158402],[77.63447022490526,13.091666665490989]]]}},{"type":"Feature","properties":{"lst_c":29.73,"lst_k":302.88,"lst_day_dn":15144,"qc_day":0,"lst_night_c":22.57,"lst_night_k":295.72,"lst_night_dn":14786,"qc_night":0,"modis_row":829,"modis_col":675,"source_product":"MOD11A2.061","composite_start":"2026-09-14","units":"degC","scale_factor":0.02},"geometry":{"type":"Polygon","coordinates":[[[77.6430259302419,13.091666665490989],[77.65158163557857,13.091666665490989],[77.64895608929847,13.083333332158402],[77.64040067324632,13.083333332158402],[77.6430259302419,13.091666665490989]]]}},{"type":"Feature","properties":{"lst_c":29.73,"lst_k":302.88,"lst_day_dn":15144,"qc_day":0,"lst_night_c":22.29,"lst_night_k":295.44,"lst_night_dn":14772,"qc_night":65,"modis_row":829,"modis_col":676,"source_product":"MOD11A2.061","composite_start":"2026-09-14","units":"degC","scale_factor":0.02},"geometry":{"type":"Polygon","coordinates":[[[77.65158163557857,13.091666665490989],[77.66013734091524,13.091666665490989],[77.65751150535061,13.083333332158402],[77.64895608929847,13.083333332158402],[77.65158163557857,13.091666665490989]]]}},{"type":"Feature","properties":{"lst_c":29.73,"lst_k":302.88,"lst_day_dn":15144,"qc_day":0,"lst_night_c":21.89,"lst_night_k":295.04,"lst_night_dn":14752,"qc_night":65,"modis_row":829,"modis_col":677,"source_product":"MOD11A2.061","composite_start":"2026-09-14","units":"degC","scale_factor":0.02},"geometry":{"type":"Polygon","coordinates":[[[77.66013734091524,13.091666665490989],[77.6686930462519,13.091666665490989],[77.66606692140276,13.083333332158402],[77.65751150535061,13.083333332158402],[77.66013734091524,13.091666665490989]]]}},{"type":"Feature","properties":{"lst_c":29.65,"lst_k":302.8,"lst_day_dn":15140,"qc_day":0,"lst_night_c":20.73,"lst_night_k":293.88,"lst_night_dn":14694,"qc_night":65,"modis_row":829,"modis_col":678,"source_product":"MOD11A2.061","composite_start":"2026-09-14","units":"degC","scale_factor":0.02},"geometry":{"type":"Polygon","coordinates":[[[77.6686930462519,13.091666665490989],[77.67724875158858,13.091666665490989],[77.67462233745492,13.083333332158402],[77.66606692140276,13.083333332158402],[77.6686930462519,13.091666665490989]]]}},{"type":"Feature","properties":{"lst_c":29.39,"lst_k":302.54,"lst_day_dn":15127,"qc_day":0,"lst_night_c":20.23,"lst_night_k":293.38,"lst_night_dn":14669,"qc_night":65,"modis_row":829,"modis_col":679,"source_product":"MOD11A2.061","composite_start":"2026-09-14","units":"degC","scale_factor":0.02},"geometry":{"type":"Polygon","coordinates":[[[77.67724875158858,13.091666665490989],[77.68580445692524,13.091666665490989],[77.68317775350707,13.083333332158402],[77.67462233745492,13.083333332158402],[77.67724875158858,13.091666665490989]]]}},{"type":"Feature","properties":{"lst_c":28.53,"lst_k":301.68,"lst_day_dn":15084,"qc_day":0,"lst_night_c":21.55,"lst_night_k":294.7,"lst_night_dn":14735,"qc_night":65,"modis_row":829,"modis_col":680,"source_product":"MOD11A2.061","composite_start":"2026-09-14","units":"degC","scale_factor":0.02},"geometry":{"type":"Polygon","coordinates":[[[77.68580445692524,13.091666665490989],[77.69436016226192,13.091666665490989],[77.69173316955921,13.083333332158402],[77.68317775350707,13.083333332158402],[77.68580445692524,13.091666665490989]]]}},{"type":"Feature","properties":{"lst_c":27.95,"lst_k":301.1,"lst_day_dn":15055,"qc_day":0,"lst_night_c":21.67,"lst_night_k":294.82,"lst_night_dn":14741,"qc_night":65,"modis_row":829,"modis_col":681,"source_product":"MOD11A2.061","composite_start":"2026-09-14","units":"degC","scale_factor":0.02},"geometry":{"type":"Polygon","coordinates":[[[77.69436016226192,13.091666665490989],[77.70291586759858,13.091666665490989],[77.70028858561136,13.083333332158402],[77.69173316955921,13.083333332158402],[77.69436016226192,13.091666665490989]]]}},{"type":"Feature","properties":{"lst_c":27.55,"lst_k":300.7,"lst_day_dn":15035,"qc_day":0,"lst_night_c":21.29,"lst_night_k":294.44,"lst_night_dn":14722,"qc_night":65,"modis_row":829,"modis_col":682,"source_product":"MOD11A2.061","composite_start":"2026-09-14","units":"degC","scale_factor":0.02},"geometry":{"type":"Polygon","coordinates":[[[77.70291586759858,13.091666665490989],[77.71147157293524,13.091666665490989],[77.70884400166351,13.083333332158402],[77.70028858561136,13.083333332158402],[77.70291586759858,13.091666665490989]]]}},{"type":"Feature","properties":{"lst_c":27.51,"lst_k":300.66,"lst_day_dn":15033,"qc_day":0,"lst_night_c":21.15,"lst_night_k":294.3,"lst_night_dn":14715,"qc_night":65,"modis_row":829,"modis_col":683,"source_product":"MOD11A2.061","composite_start":"2026-09-14","units":"degC","scale_factor":0.02},"geometry":{"type":"Polygon","coordinates":[[[77.71147157293524,13.091666665490989],[77.72002727827191,13.091666665490989],[77.71739941771565,13.083333332158402],[77.70884400166351,13.083333332158402],[77.71147157293524,13.091666665490989]]]}},{"type":"Feature","properties":{"lst_c":27.13,"lst_k":300.28,"lst_day_dn":15014,"qc_day":0,"lst_night_c":null,"lst_night_k":null,"lst_night_dn":0,"qc_night":2,"modis_row":829,"modis_col":684,"source_product":"MOD11A2.061","composite_start":"2026-09-14","units":"degC","scale_factor":0.02},"geometry":{"type":"Polygon","coordinates":[[[77.72002727827191,13.091666665490989],[77.72858298360858,13.091666665490989],[77.72595483376782,13.083333332158402],[77.71739941771565,13.083333332158402],[77.72002727827191,13.091666665490989]]]}},{"type":"Feature","properties":{"lst_c":26.97,"lst_k":300.12,"lst_day_dn":15006,"qc_day":0,"lst_night_c":null,"lst_night_k":null,"lst_night_dn":0,"qc_night":2,"modis_row":829,"modis_col":685,"source_product":"MOD11A2.061","composite_start":"2026-09-14","units":"degC","scale_factor":0.02},"geometry":{"type":"Polygon","coordinates":[[[77.72858298360858,13.091666665490989],[77.73713868894525,13.091666665490989],[77.73451024981996,13.083333332158402],[77.72595483376782,13.083333332158402],[77.72858298360858,13.091666665490989]]]}},{"type":"Feature","properties":{"lst_c":26.93,"lst_k":300.08,"lst_day_dn":15004,"qc_day":0,"lst_night_c":null,"lst_night_k":null,"lst_night_dn":0,"qc_night":2,"modis_row":829,"modis_col":686,"source_product":"MOD11A2.061","composite_start":"2026-09-14","units":"degC","scale_factor":0.02},"geometry":{"type":"Polygon","coordinates":[[[77.73713868894525,13.091666665490989],[77.74569439428191,13.091666665490989],[77.74306566587211,13.083333332158402],[77.73451024981996,13.083333332158402],[77.73713868894525,13.091666665490989]]]}},{"type":"Feature","properties":{"lst_c":27.07,"lst_k":300.22,"lst_day_dn":15011,"qc_day":0,"lst_night_c":null,"lst_night_k":null,"lst_night_dn":0,"qc_night":2,"modis_row":829,"modis_col":687,"source_product":"MOD11A2.061","composite_start":"2026-09-14","units":"degC","scale_factor":0.02},"geometry":{"type":"Polygon","coordinates":[[[77.74569439428191,13.091666665490989],[77.75425009961859,13.091666665490989],[77.75162108192426,13.083333332158402],[77.74306566587211,13.083333332158402],[77.74569439428191,13.091666665490989]]]}},{"type":"Feature","properties":{"lst_c":26.89,"lst_k":300.04,"lst_day_dn":15002,"qc_day":0,"lst_night_c":null,"lst_night_k":null,"lst_night_dn":0,"qc_night":2,"modis_row":829,"modis_col":688,"source_product":"MOD11A2.061","composite_start":"2026-09-14","units":"degC","scale_factor":0.02},"geometry":{"type":"Polygon","coordinates":[[[77.75425009961859,13.091666665490989],[77.76280580495525,13.091666665490989],[77.7601764979764,13.083333332158402],[77.75162108192426,13.083333332158402],[77.75425009961859,13.091666665490989]]]}},{"type":"Feature","properties":{"lst_c":26.93,"lst_k":300.08,"lst_day_dn":15004,"qc_day":0,"lst_night_c":null,"lst_night_k":null,"lst_night_dn":0,"qc_night":2,"modis_row":829,"modis_col":689,"source_product":"MOD11A2.061","composite_start":"2026-09-14","units":"degC","scale_factor":0.02},"geometry":{"type":"Polygon","coordinates":[[[77.76280580495525,13.091666665490989],[77.7713615102919,13.091666665490989],[77.76873191402854,13.083333332158402],[77.7601764979764,13.083333332158402],[77.76280580495525,13.091666665490989]]]}},{"type":"Feature","properties":{"lst_c":27.23,"lst_k":300.38,"lst_day_dn":15019,"qc_day":0,"lst_night_c":null,"lst_night_k":null,"lst_night_dn":0,"qc_night":2,"modis_row":829,"modis_col":690,"source_product":"MOD11A2.061","composite_start":"2026-09-14","units":"degC","scale_factor":0.02},"geometry":{"type":"Polygon","coordinates":[[[77.7713615102919,13.091666665490989],[77.77991721562857,13.091666665490989],[77.77728733008068,13.083333332158402],[77.76873191402854,13.083333332158402],[77.7713615102919,13.091666665490989]]]}},{"type":"Feature","properties":{"lst_c":27.55,"lst_k":300.7,"lst_day_dn":15035,"qc_day":0,"lst_night_c":null,"lst_night_k":null,"lst_night_dn":0,"qc_night":2,"modis_row":829,"modis_col":691,"source_product":"MOD11A2.061","composite_start":"2026-09-14","units":"degC","scale_factor":0.02},"geometry":{"type":"Polygon","coordinates":[[[77.77991721562857,13.091666665490989],[77.78847292096523,13.091666665490989],[77.78584274613284,13.083333332158402],[77.77728733008068,13.083333332158402],[77.77991721562857,13.091666665490989]]]}},{"type":"Feature","properties":{"lst_c":27.57,"lst_k":300.72,"lst_day_dn":15036,"qc_day":0,"lst_night_c":null,"lst_night_k":null,"lst_night_dn":0,"qc_night":2,"modis_row":829,"modis_col":692,"source_product":"MOD11A2.061","composite_start":"2026-09-14","units":"degC","scale_factor":0.02},"geometry":{"type":"Polygon","coordinates":[[[77.78847292096523,13.091666665490989],[77.7970286263019,13.091666665490989],[77.79439816218499,13.083333332158402],[77.78584274613284,13.083333332158402],[77.78847292096523,13.091666665490989]]]}},{"type":"Feature","properties":{"lst_c":27.49,"lst_k":300.64,"lst_day_dn":15032,"qc_day":0,"lst_night_c":null,"lst_night_k":null,"lst_night_dn":0,"qc_night":2,"modis_row":829,"modis_col":693,"source_product":"MOD11A2.061","composite_start":"2026-09-14","units":"degC","scale_factor":0.02},"geometry":{"type":"Polygon","coordinates":[[[77.7970286263019,13.091666665490989],[77.80558433163856,13.091666665490989],[77.80295357823714,13.083333332158402],[77.79439816218499,13.083333332158402],[77.7970286263019,13.091666665490989]]]}},{"type":"Feature","properties":{"lst_c":27.15,"lst_k":300.3,"lst_day_dn":15015,"qc_day":0,"lst_night_c":null,"lst_night_k":null,"lst_night_dn":0,"qc_night":2,"modis_row":829,"modis_col":694,"source_product":"MOD11A2.061","composite_start":"2026-09-14","units":"degC","scale_factor":0.02},"geometry":{"type":"Polygon","coordinates":[[[77.80558433163856,13.091666665490989],[77.81414003697523,13.091666665490989],[77.81150899428928,13.083333332158402],[77.80295357823714,13.083333332158402],[77.80558433163856,13.091666665490989]]]}},{"type":"Feature","properties":{"lst_c":27.41,"lst_k":300.56,"lst_day_dn":15028,"qc_day":0,"lst_night_c":null,"lst_night_k":null,"lst_night_dn":0,"qc_night":2,"modis_row":829,"modis_col":695,"source_product":"MOD11A2.061","composite_start":"2026-09-14","units":"degC","scale_factor":0.02},"geometry":{"type":"Polygon","coordinates":[[[77.81414003697523,13.091666665490989],[77.8226957423119,13.091666665490989],[77.82006441034143,13.083333332158402],[77.81150899428928,13.083333332158402],[77.81414003697523,13.091666665490989]]]}},{"type":"Feature","properties":{"lst_c":27.57,"lst_k":300.72,"lst_day_dn":15036,"qc_day":0,"lst_night_c":null,"lst_night_k":null,"lst_night_dn":0,"qc_night":2,"modis_row":829,"modis_col":696,"source_product":"MOD11A2.061","composite_start":"2026-09-14","units":"degC","scale_factor":0.02},"geometry":{"type":"Polygon","coordinates":[[[77.8226957423119,13.091666665490989],[77.83125144764855,13.091666665490989],[77.82861982639358,13.083333332158402],[77.82006441034143,13.083333332158402],[77.8226957423119,13.091666665490989]]]}},{"type":"Feature","properties":{"lst_c":32.13,"lst_k":305.28,"lst_day_dn":15264,"qc_day":0,"lst_night_c":20.03,"lst_night_k":293.18,"lst_night_dn":14659,"qc_night":65,"modis_row":830,"modis_col":653,"source_product":"MOD11A2.061","composite_start":"2026-09-14","units":"degC","scale_factor":0.02},"geometry":{"type":"Polygon","coordinates":[[[77.45218152009905,13.083333332158402],[77.4607369361512,13.083333332158402],[77.45811956973611,13.074999998825817],[77.44956444276795,13.074999998825817],[77.45218152009905,13.083333332158402]]]}},{"type":"Feature","properties":{"lst_c":31.59,"lst_k":304.74,"lst_day_dn":15237,"qc_day":0,"lst_night_c":19.31,"lst_night_k":292.46,"lst_night_dn":14623,"qc_night":65,"modis_row":830,"modis_col":654,"source_product":"MOD11A2.061","composite_start":"2026-09-14","units":"degC","scale_factor":0.02},"geometry":{"type":"Polygon","coordinates":[[[77.4607369361512,13.083333332158402],[77.46929235220335,13.083333332158402],[77.46667469670429,13.074999998825817],[77.45811956973611,13.074999998825817],[77.4607369361512,13.083333332158402]]]}},{"type":"Feature","properties":{"lst_c":31.37,"lst_k":304.52,"lst_day_dn":15226,"qc_day":0,"lst_night_c":19.65,"lst_night_k":292.8,"lst_night_dn":14640,"qc_night":65,"modis_row":830,"modis_col":655,"source_product":"MOD11A2.061","composite_start":"2026-09-14","units":"degC","scale_factor":0.02},"geometry":{"type":"Polygon","coordinates":[[[77.46929235220335,13.083333332158402],[77.4778477682555,13.083333332158402],[77.47522982367245,13.074999998825817],[77.46667469670429,13.074999998825817],[77.46929235220335,13.083333332158402]]]}},{"type":"Feature","properties":{"lst_c":31.19,"lst_k":304.34,"lst_day_dn":15217,"qc_day":0,"lst_night_c":20.01,"lst_night_k":293.16,"lst_night_dn":14658,"qc_night":65,"modis_row":830,"modis_col":656,"source_product":"MOD11A2.061","composite_start":"2026-09-14","units":"degC","scale_factor":0.02},"geometry":{"type":"Polygon","coordinates":[[[77.4778477682555,13.083333332158402],[77.48640318430765,13.083333332158402],[77.48378495064061,13.074999998825817],[77.47522982367245,13.074999998825817],[77.4778477682555,13.083333332158402]]]}},{"type":"Feature","properties":{"lst_c":30.91,"lst_k":304.06,"lst_day_dn":15203,"qc_day":0,"lst_night_c":19.71,"lst_night_k":292.86,"lst_night_dn":14643,"qc_night":65,"modis_row":830,"modis_col":657,"source_product":"MOD11A2.061","composite_start":"2026-09-14","units":"degC","scale_factor":0.02},"geometry":{"type":"Polygon","coordinates":[[[77.48640318430765,13.083333332158402],[77.4949586003598,13.083333332158402],[77.49234007760877,13.074999998825817],[77.48378495064061,13.074999998825817],[77.48640318430765,13.083333332158402]]]}},{"type":"Feature","properties":{"lst_c":30.11,"lst_k":303.26,"lst_day_dn":15163,"qc_day":0,"lst_night_c":20.33,"lst_night_k":293.48,"lst_night_dn":14674,"qc_night":65,"modis_row":830,"modis_col":658,"source_product":"MOD11A2.061","composite_start":"2026-09-14","units":"degC","scale_factor":0.02},"geometry":{"type":"Polygon","coordinates":[[[77.4949586003598,13.083333332158402],[77.50351401641196,13.083333332158402],[77.50089520457693,13.074999998825817],[77.49234007760877,13.074999998825817],[77.4949586003598,13.083333332158402]]]}},{"type":"Feature","properties":{"lst_c":30.29,"lst_k":303.44,"lst_day_dn":15172,"qc_day":0,"lst_night_c":20.85,"lst_night_k":294.0,"lst_night_dn":14700,"qc_night":65,"modis_row":830,"modis_col":659,"source_product":"MOD11A2.061","composite_start":"2026-09-14","units":"degC","scale_factor":0.02},"geometry":{"type":"Polygon","coordinates":[[[77.50351401641196,13.083333332158402],[77.51206943246407,13.083333332158402],[77.50945033154508,13.074999998825817],[77.50089520457693,13.074999998825817],[77.50351401641196,13.083333332158402]]]}},{"type":"Feature","properties":{"lst_c":30.31,"lst_k":303.46,"lst_day_dn":15173,"qc_day":0,"lst_night_c":20.65,"lst_night_k":293.8,"lst_night_dn":14690,"qc_night":65,"modis_row":830,"modis_col":660,"source_product":"MOD11A2.061","composite_start":"2026-09-14","units":"degC","scale_factor":0.02},"geometry":{"type":"Polygon","coordinates":[[[77.51206943246407,13.083333332158402],[77.52062484851623,13.083333332158402],[77.51800545851324,13.074999998825817],[77.50945033154508,13.074999998825817],[77.51206943246407,13.083333332158402]]]}},{"type":"Feature","properties":{"lst_c":30.43,"lst_k":303.58,"lst_day_dn":15179,"qc_day":0,"lst_night_c":20.65,"lst_night_k":293.8,"lst_night_dn":14690,"qc_night":65,"modis_row":830,"modis_col":661,"source_product":"MOD11A2.061","composite_start":"2026-09-14","units":"degC","scale_factor":0.02},"geometry":{"type":"Polygon","coordinates":[[[77.52062484851623,13.083333332158402],[77.52918026456838,13.083333332158402],[77.5265605854814,13.074999998825817],[77.51800545851324,13.074999998825817],[77.52062484851623,13.083333332158402]]]}},{"type":"Feature","properties":{"lst_c":30.47,"lst_k":303.62,"lst_day_dn":15181,"qc_day":0,"lst_night_c":19.99,"lst_night_k":293.14,"lst_night_dn":14657,"qc_night":65,"modis_row":830,"modis_col":662,"source_product":"MOD11A2.061","composite_start":"2026-09-14","units":"degC","scale_factor":0.02},"geometry":{"type":"Polygon","coordinates":[[[77.52918026456838,13.083333332158402],[77.53773568062053,13.083333332158402],[77.53511571244958,13.074999998825817],[77.5265605854814,13.074999998825817],[77.52918026456838,13.083333332158402]]]}},{"type":"Feature","properties":{"lst_c":29.55,"lst_k":302.7,"lst_day_dn":15135,"qc_day":0,"lst_night_c":21.09,"lst_night_k":294.24,"lst_night_dn":14712,"qc_night":65,"modis_row":830,"modis_col":663,"source_product":"MOD11A2.061","composite_start":"2026-09-14","units":"degC","scale_factor":0.02},"geometry":{"type":"Polygon","coordinates":[[[77.53773568062053,13.083333332158402],[77.54629109667268,13.083333332158402],[77.54367083941773,13.074999998825817],[77.53511571244958,13.074999998825817],[77.53773568062053,13.083333332158402]]]}},{"type":"Feature","properties":{"lst_c":29.29,"lst_k":302.44,"lst_day_dn":15122,"qc_day":0,"lst_night_c":22.39,"lst_night_k":295.54,"lst_night_dn":14777,"qc_night":65,"modis_row":830,"modis_col":664,"source_product":"MOD11A2.061","composite_start":"2026-09-14","units":"degC","scale_factor":0.02},"geometry":{"type":"Polygon","coordinates":[[[77.54629109667268,13.083333332158402],[77.55484651272482,13.083333332158402],[77.55222596638589,13.074999998825817],[77.54367083941773,13.074999998825817],[77.54629109667268,13.083333332158402]]]}},{"type":"Feature","properties":{"lst_c":29.27,"lst_k":302.42,"lst_day_dn":15121,"qc_day":0,"lst_night_c":22.85,"lst_night_k":296.0,"lst_night_dn":14800,"qc_night":0,"modis_row":830,"modis_col":665,"source_product":"MOD11A2.061","composite_start":"2026-09-14","units":"degC","scale_factor":0.02},"geometry":{"type":"Polygon","coordinates":[[[77.55484651272482,13.083333332158402],[77.56340192877697,13.083333332158402],[77.56078109335405,13.074999998825817],[77.55222596638589,13.074999998825817],[77.55484651272482,13.083333332158402]]]}},{"type":"Feature","properties":{"lst_c":29.13,"lst_k":302.28,"lst_day_dn":15114,"qc_day":0,"lst_night_c":22.13,"lst_night_k":295.28,"lst_night_dn":14764,"qc_night":0,"modis_row":830,"modis_col":666,"source_product":"MOD11A2.061","composite_start":"2026-09-14","units":"degC","scale_factor":0.02},"geometry":{"type":"Polygon","coordinates":[[[77.56340192877697,13.083333332158402],[77.57195734482913,13.083333332158402],[77.56933622032221,13.074999998825817],[77.56078109335405,13.074999998825817],[77.56340192877697,13.083333332158402]]]}},{"type":"Feature","properties":{"lst_c":29.87,"lst_k":303.02,"lst_day_dn":15151,"qc_day":0,"lst_night_c":20.85,"lst_night_k":294.0,"lst_night_dn":14700,"qc_night":0,"modis_row":830,"modis_col":667,"source_product":"MOD11A2.061","composite_start":"2026-09-14","units":"degC","scale_factor":0.02},"geometry":{"type":"Polygon","coordinates":[[[77.57195734482913,13.083333332158402],[77.58051276088128,13.083333332158402],[77.57789134729038,13.074999998825817],[77.56933622032221,13.074999998825817],[77.57195734482913,13.083333332158402]]]}},{"type":"Feature","properties":{"lst_c":28.97,"lst_k":302.12,"lst_day_dn":15106,"qc_day":0,"lst_night_c":22.59,"lst_night_k":295.74,"lst_night_dn":14787,"qc_night":0,"modis_row":830,"modis_col":668,"source_product":"MOD11A2.061","composite_start":"2026-09-14","units":"degC","scale_factor":0.02},"geometry":{"type":"Polygon","coordinates":[[[77.58051276088128,13.083333332158402],[77.58906817693342,13.083333332158402],[77.58644647425854,13.074999998825817],[77.57789134729038,13.074999998825817],[77.58051276088128,13.083333332158402]]]}},{"type":"Feature","properties":{"lst_c":29.07,"lst_k":302.22,"lst_day_dn":15111,"qc_day":0,"lst_night_c":23.01,"lst_night_k":296.16,"lst_night_dn":14808,"qc_night":0,"modis_row":830,"modis_col":669,"source_product":"MOD11A2.061","composite_start":"2026-09-14","units":"degC","scale_factor":0.02},"geometry":{"type":"Polygon","coordinates":[[[77.58906817693342,13.083333332158402],[77.59762359298557,13.083333332158402],[77.59500160122671,13.074999998825817],[77.58644647425854,13.074999998825817],[77.58906817693342,13.083333332158402]]]}},{"type":"Feature","properties":{"lst_c":29.77,"lst_k":302.92,"lst_day_dn":15146,"qc_day":0,"lst_night_c":23.67,"lst_night_k":296.82,"lst_night_dn":14841,"qc_night":0,"modis_row":830,"modis_col":670,"source_product":"MOD11A2.061","composite_start":"2026-09-14","units":"degC","scale_factor":0.02},"geometry":{"type":"Polygon","coordinates":[[[77.59762359298557,13.083333332158402],[77.60617900903772,13.083333332158402],[77.60355672819487,13.074999998825817],[77.59500160122671,13.074999998825817],[77.59762359298557,13.083333332158402]]]}},{"type":"Feature","properties":{"lst_c":29.75,"lst_k":302.9,"lst_day_dn":15145,"qc_day":0,"lst_night_c":23.97,"lst_night_k":297.12,"lst_night_dn":14856,"qc_night":0,"modis_row":830,"modis_col":671,"source_product":"MOD11A2.061","composite_start":"2026-09-14","units":"degC","scale_factor":0.02},"geometry":{"type":"Polygon","coordinates":[[[77.60617900903772,13.083333332158402],[77.61473442508988,13.083333332158402],[77.61211185516304,13.074999998825817],[77.60355672819487,13.074999998825817],[77.60617900903772,13.083333332158402]]]}},{"type":"Feature","properties":{"lst_c":29.73,"lst_k":302.88,"lst_day_dn":15144,"qc_day":0,"lst_night_c":23.65,"lst_night_k":296.8,"lst_night_dn":14840,"qc_night":0,"modis_row":830,"modis_col":672,"source_product":"MOD11A2.061","composite_start":"2026-09-14","units":"degC","scale_factor":0.02},"geometry":{"type":"Polygon","coordinates":[[[77.61473442508988,13.083333332158402],[77.62328984114203,13.083333332158402],[77.6206669821312,13.074999998825817],[77.61211185516304,13.074999998825817],[77.61473442508988,13.083333332158402]]]}},{"type":"Feature","properties":{"lst_c":29.69,"lst_k":302.84,"lst_day_dn":15142,"qc_day":0,"lst_night_c":22.99,"lst_night_k":296.14,"lst_night_dn":14807,"qc_night":0,"modis_row":830,"modis_col":673,"source_product":"MOD11A2.061","composite_start":"2026-09-14","units":"degC","scale_factor":0.02},"geometry":{"type":"Polygon","coordinates":[[[77.62328984114203,13.083333332158402],[77.63184525719417,13.083333332158402],[77.62922210909936,13.074999998825817],[77.6206669821312,13.074999998825817],[77.62328984114203,13.083333332158402]]]}},{"type":"Feature","properties":{"lst_c":29.57,"lst_k":302.72,"lst_day_dn":15136,"qc_day":0,"lst_night_c":22.31,"lst_night_k":295.46,"lst_night_dn":14773,"qc_night":0,"modis_row":830,"modis_col":674,"source_product":"MOD11A2.061","composite_start":"2026-09-14","units":"degC","scale_factor":0.02},"geometry":{"type":"Polygon","coordinates":[[[77.63184525719417,13.083333332158402],[77.64040067324632,13.083333332158402],[77.6377772360675,13.074999998825817],[77.62922210909936,13.074999998825817],[77.63184525719417,13.083333332158402]]]}},{"type":"Feature","properties":{"lst_c":29.33,"lst_k":302.48,"lst_day_dn":15124,"qc_day":0,"lst_night_c":22.33,"lst_night_k":295.48,"lst_night_dn":14774,"qc_night":0,"modis_row":830,"modis_col":675,"source_product":"MOD11A2.061","composite_start":"2026-09-14","units":"degC","scale_factor":0.02},"geometry":{"type":"Polygon","coordinates":[[[77.64040067324632,13.083333332158402],[77.64895608929847,13.083333332158402],[77.64633236303567,13.074999998825817],[77.6377772360675,13.074999998825817],[77.64040067324632,13.083333332158402]]]}},{"type":"Feature","properties":{"lst_c":29.27,"lst_k":302.42,"lst_day_dn":15121,"qc_day":0,"lst_night_c":22.15,"lst_night_k":295.3,"lst_night_dn":14765,"qc_night":65,"modis_row":830,"modis_col":676,"source_product":"MOD11A2.061","composite_start":"2026-09-14","units":"degC","scale_factor":0.02},"geometry":{"type":"Polygon","coordinates":[[[77.64895608929847,13.083333332158402],[77.65751150535061,13.083333332158402],[77.65488749000383,13.074999998825817],[77.64633236303567,13.074999998825817],[77.64895608929847,13.083333332158402]]]}},{"type":"Feature","properties":{"lst_c":29.51,"lst_k":302.66,"lst_day_dn":15133,"qc_day":0,"lst_night_c":22.25,"lst_night_k":295.4,"lst_night_dn":14770,"qc_night":65,"modis_row":830,"modis_col":677,"source_product":"MOD11A2.061","composite_start":"2026-09-14","units":"degC","scale_factor":0.02},"geometry":{"type":"Polygon","coordinates":[[[77.65751150535061,13.083333332158402],[77.66606692140276,13.083333332158402],[77.663442616972,13.074999998825817],[77.65488749000383,13.074999998825817],[77.65751150535061,13.083333332158402]]]}},{"type":"Feature","properties":{"lst_c":29.63,"lst_k":302.78,"lst_day_dn":15139,"qc_day":0,"lst_night_c":21.25,"lst_night_k":294.4,"lst_night_dn":14720,"qc_night":65,"modis_row":830,"modis_col":678,"source_product":"MOD11A2.061","composite_start":"2026-09-14","units":"degC","scale_factor":0.02},"geometry":{"type":"Polygon","coordinates":[[[77.66606692140276,13.083333332158402],[77.67462233745492,13.083333332158402],[77.67199774394017,13.074999998825817],[77.663442616972,13.074999998825817],[77.66606692140276,13.083333332158402]]]}},{"type":"Feature","properties":{"lst_c":29.13,"lst_k":302.28,"lst_day_dn":15114,"qc_day":0,"lst_night_c":20.29,"lst_night_k":293.44,"lst_night_dn":14672,"qc_night":65,"modis_row":830,"modis_col":679,"source_product":"MOD11A2.061","composite_start":"2026-09-14","units":"degC","scale_factor":0.02},"geometry":{"type":"Polygon","coordinates":[[[77.67462233745492,13.083333332158402],[77.68317775350707,13.083333332158402],[77.68055287090831,13.074999998825817],[77.67199774394017,13.074999998825817],[77.67462233745492,13.083333332158402]]]}},{"type":"Feature","properties":{"lst_c":28.47,"lst_k":301.62,"lst_day_dn":15081,"qc_day":0,"lst_night_c":19.77,"lst_night_k":292.92,"lst_night_dn":14646,"qc_night":65,"modis_row":830,"modis_col":680,"source_product":"MOD11A2.061","composite_start":"2026-09-14","units":"degC","scale_factor":0.02},"geometry":{"type":"Polygon","coordinates":[[[77.68317775350707,13.083333332158402],[77.69173316955921,13.083333332158402],[77.68910799787648,13.074999998825817],[77.68055287090831,13.074999998825817],[77.68317775350707,13.083333332158402]]]}},{"type":"Feature","properties":{"lst_c":28.11,"lst_k":301.26,"lst_day_dn":15063,"qc_day":0,"lst_night_c":19.51,"lst_night_k":292.66,"lst_night_dn":14633,"qc_night":65,"modis_row":830,"modis_col":681,"source_product":"MOD11A2.061","composite_start":"2026-09-14","units":"degC","scale_factor":0.02},"geometry":{"type":"Polygon","coordinates":[[[77.69173316955921,13.083333332158402],[77.70028858561136,13.083333332158402],[77.69766312484464,13.074999998825817],[77.68910799787648,13.074999998825817],[77.69173316955921,13.083333332158402]]]}},{"type":"Feature","properties":{"lst_c":27.73,"lst_k":300.88,"lst_day_dn":15044,"qc_day":0,"lst_night_c":null,"lst_night_k":null,"lst_night_dn":0,"qc_night":2,"modis_row":830,"modis_col":682,"source_product":"MOD11A2.061","composite_start":"2026-09-14","units":"degC","scale_factor":0.02},"geometry":{"type":"Polygon","coordinates":[[[77.70028858561136,13.083333332158402],[77.70884400166351,13.083333332158402],[77.7062182518128,13.074999998825817],[77.69766312484464,13.074999998825817],[77.70028858561136,13.083333332158402]]]}},{"type":"Feature","properties":{"lst_c":27.23,"lst_k":300.38,"lst_day_dn":15019,"qc_day":0,"lst_night_c":null,"lst_night_k":null,"lst_night_dn":0,"qc_night":2,"modis_row":830,"modis_col":683,"source_product":"MOD11A2.061","composite_start":"2026-09-14","units":"degC","scale_factor":0.02},"geometry":{"type":"Polygon","coordinates":[[[77.70884400166351,13.083333332158402],[77.71739941771565,13.083333332158402],[77.71477337878098,13.074999998825817],[77.7062182518128,13.074999998825817],[77.70884400166351,13.083333332158402]]]}},{"type":"Feature","properties":{"lst_c":26.93,"lst_k":300.08,"lst_day_dn":15004,"qc_day":0,"lst_night_c":null,"lst_night_k":null,"lst_night_dn":0,"qc_night":2,"modis_row":830,"modis_col":684,"source_product":"MOD11A2.061","composite_start":"2026-09-14","units":"degC","scale_factor":0.02},"geometry":{"type":"Polygon","coordinates":[[[77.71739941771565,13.083333332158402],[77.72595483376782,13.083333332158402],[77.72332850574914,13.074999998825817],[77.71477337878098,13.074999998825817],[77.71739941771565,13.083333332158402]]]}},{"type":"Feature","properties":{"lst_c":27.03,"lst_k":300.18,"lst_day_dn":15009,"qc_day":0,"lst_night_c":null,"lst_night_k":null,"lst_night_dn":0,"qc_night":2,"modis_row":830,"modis_col":685,"source_product":"MOD11A2.061","composite_start":"2026-09-14","units":"degC","scale_factor":0.02},"geometry":{"type":"Polygon","coordinates":[[[77.72595483376782,13.083333332158402],[77.73451024981996,13.083333332158402],[77.7318836327173,13.074999998825817],[77.72332850574914,13.074999998825817],[77.72595483376782,13.083333332158402]]]}},{"type":"Feature","properties":{"lst_c":27.01,"lst_k":300.16,"lst_day_dn":15008,"qc_day":0,"lst_night_c":null,"lst_night_k":null,"lst_night_dn":0,"qc_night":2,"modis_row":830,"modis_col":686,"source_product":"MOD11A2.061","composite_start":"2026-09-14","units":"degC","scale_factor":0.02},"geometry":{"type":"Polygon","coordinates":[[[77.73451024981996,13.083333332158402],[77.74306566587211,13.083333332158402],[77.74043875968546,13.074999998825817],[77.7318836327173,13.074999998825817],[77.73451024981996,13.083333332158402]]]}},{"type":"Feature","properties":{"lst_c":27.01,"lst_k":300.16,"lst_day_dn":15008,"qc_day":0,"lst_night_c":null,"lst_night_k":null,"lst_night_dn":0,"qc_night":2,"modis_row":830,"modis_col":687,"source_product":"MOD11A2.061","composite_start":"2026-09-14","units":"degC","scale_factor":0.02},"geometry":{"type":"Polygon","coordinates":[[[77.74306566587211,13.083333332158402],[77.75162108192426,13.083333332158402],[77.74899388665362,13.074999998825817],[77.74043875968546,13.074999998825817],[77.74306566587211,13.083333332158402]]]}},{"type":"Feature","properties":{"lst_c":26.83,"lst_k":299.98,"lst_day_dn":14999,"qc_day":0,"lst_night_c":null,"lst_night_k":null,"lst_night_dn":0,"qc_night":2,"modis_row":830,"modis_col":688,"source_product":"MOD11A2.061","composite_start":"2026-09-14","units":"degC","scale_factor":0.02},"geometry":{"type":"Polygon","coordinates":[[[77.75162108192426,13.083333332158402],[77.7601764979764,13.083333332158402],[77.75754901362178,13.074999998825817],[77.74899388665362,13.074999998825817],[77.75162108192426,13.083333332158402]]]}},{"type":"Feature","properties":{"lst_c":26.95,"lst_k":300.1,"lst_day_dn":15005,"qc_day":0,"lst_night_c":null,"lst_night_k":null,"lst_night_dn":0,"qc_night":2,"modis_row":830,"modis_col":689,"source_product":"MOD11A2.061","composite_start":"2026-09-14","units":"degC","scale_factor":0.02},"geometry":{"type":"Polygon","coordinates":[[[77.7601764979764,13.083333332158402],[77.76873191402854,13.083333332158402],[77.76610414058993,13.074999998825817],[77.75754901362178,13.074999998825817],[77.7601764979764,13.083333332158402]]]}},{"type":"Feature","properties":{"lst_c":27.41,"lst_k":300.56,"lst_day_dn":15028,"qc_day":0,"lst_night_c":null,"lst_night_k":null,"lst_night_dn":0,"qc_night":2,"modis_row":830,"modis_col":690,"source_product":"MOD11A2.061","composite_start":"2026-09-14","units":"degC","scale_factor":0.02},"geometry":{"type":"Polygon","coordinates":[[[77.76873191402854,13.083333332158402],[77.77728733008068,13.083333332158402],[77.77465926755809,13.074999998825817],[77.76610414058993,13.074999998825817],[77.76873191402854,13.083333332158402]]]}},{"type":"Feature","properties":{"lst_c":27.67,"lst_k":300.82,"lst_day_dn":15041,"qc_day":0,"lst_night_c":null,"lst_night_k":null,"lst_night_dn":0,"qc_night":2,"modis_row":830,"modis_col":691,"source_product":"MOD11A2.061","composite_start":"2026-09-14","units":"degC","scale_factor":0.02},"geometry":{"type":"Polygon","coordinates":[[[77.77728733008068,13.083333332158402],[77.78584274613284,13.083333332158402],[77.78321439452627,13.074999998825817],[77.77465926755809,13.074999998825817],[77.77728733008068,13.083333332158402]]]}},{"type":"Feature","properties":{"lst_c":27.81,"lst_k":300.96,"lst_day_dn":15048,"qc_day":0,"lst_night_c":null,"lst_night_k":null,"lst_night_dn":0,"qc_night":2,"modis_row":830,"modis_col":692,"source_product":"MOD11A2.061","composite_start":"2026-09-14","units":"degC","scale_factor":0.02},"geometry":{"type":"Polygon","coordinates":[[[77.78584274613284,13.083333332158402],[77.79439816218499,13.083333332158402],[77.79176952149443,13.074999998825817],[77.78321439452627,13.074999998825817],[77.78584274613284,13.083333332158402]]]}},{"type":"Feature","properties":{"lst_c":27.77,"lst_k":300.92,"lst_day_dn":15046,"qc_day":0,"lst_night_c":null,"lst_night_k":null,"lst_night_dn":0,"qc_night":2,"modis_row":830,"modis_col":693,"source_product":"MOD11A2.061","composite_start":"2026-09-14","units":"degC","scale_factor":0.02},"geometry":{"type":"Polygon","coordinates":[[[77.79439816218499,13.083333332158402],[77.80295357823714,13.083333332158402],[77.80032464846259,13.074999998825817],[77.79176952149443,13.074999998825817],[77.79439816218499,13.083333332158402]]]}},{"type":"Feature","properties":{"lst_c":27.27,"lst_k":300.42,"lst_day_dn":15021,"qc_day":0,"lst_night_c":null,"lst_night_k":null,"lst_night_dn":0,"qc_night":2,"modis_row":830,"modis_col":694,"source_product":"MOD11A2.061","composite_start":"2026-09-14","units":"degC","scale_factor":0.02},"geometry":{"type":"Polygon","coordinates":[[[77.80295357823714,13.083333332158402],[77.81150899428928,13.083333332158402],[77.80887977543075,13.074999998825817],[77.80032464846259,13.074999998825817],[77.80295357823714,13.083333332158402]]]}},{"type":"Feature","properties":{"lst_c":27.39,"lst_k":300.54,"lst_day_dn":15027,"qc_day":0,"lst_night_c":null,"lst_night_k":null,"lst_night_dn":0,"qc_night":2,"modis_row":830,"modis_col":695,"source_product":"MOD11A2.061","composite_start":"2026-09-14","units":"degC","scale_factor":0.02},"geometry":{"type":"Polygon","coordinates":[[[77.81150899428928,13.083333332158402],[77.82006441034143,13.083333332158402],[77.8174349023989,13.074999998825817],[77.80887977543075,13.074999998825817],[77.81150899428928,13.083333332158402]]]}},{"type":"Feature","properties":{"lst_c":27.51,"lst_k":300.66,"lst_day_dn":15033,"qc_day":0,"lst_night_c":null,"lst_night_k":null,"lst_night_dn":0,"qc_night":2,"modis_row":830,"modis_col":696,"source_product":"MOD11A2.061","composite_start":"2026-09-14","units":"degC","scale_factor":0.02},"geometry":{"type":"Polygon","coordinates":[[[77.82006441034143,13.083333332158402],[77.82861982639358,13.083333332158402],[77.82599002936706,13.074999998825817],[77.8174349023989,13.074999998825817],[77.82006441034143,13.083333332158402]]]}},{"type":"Feature","properties":{"lst_c":31.95,"lst_k":305.1,"lst_day_dn":15255,"qc_day":0,"lst_night_c":21.15,"lst_night_k":294.3,"lst_night_dn":14715,"qc_night":65,"modis_row":831,"modis_col":653,"source_product":"MOD11A2.061","composite_start":"2026-09-14","units":"degC","scale_factor":0.02},"geometry":{"type":"Polygon","coordinates":[[[77.44956444276795,13.074999998825817],[77.45811956973611,13.074999998825817],[77.45550401863193,13.066666665493232],[77.44694918054725,13.066666665493232],[77.44956444276795,13.074999998825817]]]}},{"type":"Feature","properties":{"lst_c":31.59,"lst_k":304.74,"lst_day_dn":15237,"qc_day":0,"lst_night_c":21.03,"lst_night_k":294.18,"lst_night_dn":14709,"qc_night":65,"modis_row":831,"modis_col":654,"source_product":"MOD11A2.061","composite_start":"2026-09-14","units":"degC","scale_factor":0.02},"geometry":{"type":"Polygon","coordinates":[[[77.45811956973611,13.074999998825817],[77.46667469670429,13.074999998825817],[77.4640588567166,13.066666665493232],[77.45550401863193,13.066666665493232],[77.45811956973611,13.074999998825817]]]}},{"type":"Feature","properties":{"lst_c":31.43,"lst_k":304.58,"lst_day_dn":15229,"qc_day":0,"lst_night_c":20.83,"lst_night_k":293.98,"lst_night_dn":14699,"qc_night":65,"modis_row":831,"modis_col":655,"source_product":"MOD11A2.061","composite_start":"2026-09-14","units":"degC","scale_factor":0.02},"geometry":{"type":"Polygon","coordinates":[[[77.46667469670429,13.074999998825817],[77.47522982367245,13.074999998825817],[77.47261369480127,13.066666665493232],[77.4640588567166,13.066666665493232],[77.46667469670429,13.074999998825817]]]}},{"type":"Feature","properties":{"lst_c":31.31,"lst_k":304.46,"lst_day_dn":15223,"qc_day":0,"lst_night_c":20.31,"lst_night_k":293.46,"lst_night_dn":14673,"qc_night":65,"modis_row":831,"modis_col":656,"source_product":"MOD11A2.061","composite_start":"2026-09-14","units":"degC","scale_factor":0.02},"geometry":{"type":"Polygon","coordinates":[[[77.47522982367245,13.074999998825817],[77.48378495064061,13.074999998825817],[77.48116853288595,13.066666665493232],[77.47261369480127,13.066666665493232],[77.47522982367245,13.074999998825817]]]}},{"type":"Feature","properties":{"lst_c":31.23,"lst_k":304.38,"lst_day_dn":15219,"qc_day":0,"lst_night_c":20.49,"lst_night_k":293.64,"lst_night_dn":14682,"qc_night":65,"modis_row":831,"modis_col":657,"source_product":"MOD11A2.061","composite_start":"2026-09-14","units":"degC","scale_factor":0.02},"geometry":{"type":"Polygon","coordinates":[[[77.48378495064061,13.074999998825817],[77.49234007760877,13.074999998825817],[77.48972337097062,13.066666665493232],[77.48116853288595,13.066666665493232],[77.48378495064061,13.074999998825817]]]}},{"type":"Feature","properties":{"lst_c":30.05,"lst_k":303.2,"lst_day_dn":15160,"qc_day":0,"lst_night_c":20.43,"lst_night_k":293.58,"lst_night_dn":14679,"qc_night":65,"modis_row":831,"modis_col":658,"source_product":"MOD11A2.061","composite_start":"2026-09-14","units":"degC","scale_factor":0.02},"geometry":{"type":"Polygon","coordinates":[[[77.49234007760877,13.074999998825817],[77.50089520457693,13.074999998825817],[77.4982782090553,13.066666665493232],[77.48972337097062,13.066666665493232],[77.49234007760877,13.074999998825817]]]}},{"type":"Feature","properties":{"lst_c":29.81,"lst_k":302.96,"lst_day_dn":15148,"qc_day":0,"lst_night_c":20.41,"lst_night_k":293.56,"lst_night_dn":14678,"qc_night":65,"modis_row":831,"modis_col":659,"source_product":"MOD11A2.061","composite_start":"2026-09-14","units":"degC","scale_factor":0.02},"geometry":{"type":"Polygon","coordinates":[[[77.50089520457693,13.074999998825817],[77.50945033154508,13.074999998825817],[77.50683304713995,13.066666665493232],[77.4982782090553,13.066666665493232],[77.50089520457693,13.074999998825817]]]}},{"type":"Feature","properties":{"lst_c":29.71,"lst_k":302.86,"lst_day_dn":15143,"qc_day":0,"lst_night_c":20.37,"lst_night_k":293.52,"lst_night_dn":14676,"qc_night":65,"modis_row":831,"modis_col":660,"source_product":"MOD11A2.061","composite_start":"2026-09-14","units":"degC","scale_factor":0.02},"geometry":{"type":"Polygon","coordinates":[[[77.50945033154508,13.074999998825817],[77.51800545851324,13.074999998825817],[77.51538788522463,13.066666665493232],[77.50683304713995,13.066666665493232],[77.50945033154508,13.074999998825817]]]}},{"type":"Feature","properties":{"lst_c":29.71,"lst_k":302.86,"lst_day_dn":15143,"qc_day":0,"lst_night_c":null,"lst_night_k":null,"lst_night_dn":0,"qc_night":2,"modis_row":831,"modis_col":661,"source_product":"MOD11A2.061","composite_start":"2026-09-14","units":"degC","scale_factor":0.02},"geometry":{"type":"Polygon","coordinates":[[[77.51800545851324,13.074999998825817],[77.5265605854814,13.074999998825817],[77.5239427233093,13.066666665493232],[77.51538788522463,13.066666665493232],[77.51800545851324,13.074999998825817]]]}},{"type":"Feature","properties":{"lst_c":29.89,"lst_k":303.04,"lst_day_dn":15152,"qc_day":0,"lst_night_c":null,"lst_night_k":null,"lst_night_dn":0,"qc_night":2,"modis_row":831,"modis_col":662,"source_product":"MOD11A2.061","composite_start":"2026-09-14","units":"degC","scale_factor":0.02},"geometry":{"type":"Polygon","coordinates":[[[77.5265605854814,13.074999998825817],[77.53511571244958,13.074999998825817],[77.53249756139398,13.066666665493232],[77.5239427233093,13.066666665493232],[77.5265605854814,13.074999998825817]]]}},{"type":"Feature","properties":{"lst_c":29.13,"lst_k":302.28,"lst_day_dn":15114,"qc_day":0,"lst_night_c":21.83,"lst_night_k":294.98,"lst_night_dn":14749,"qc_night":65,"modis_row":831,"modis_col":663,"source_product":"MOD11A2.061","composite_start":"2026-09-14","units":"degC","scale_factor":0.02},"geometry":{"type":"Polygon","coordinates":[[[77.53511571244958,13.074999998825817],[77.54367083941773,13.074999998825817],[77.54105239947866,13.066666665493232],[77.53249756139398,13.066666665493232],[77.53511571244958,13.074999998825817]]]}},{"type":"Feature","properties":{"lst_c":28.65,"lst_k":301.8,"lst_day_dn":15090,"qc_day":0,"lst_night_c":21.39,"lst_night_k":294.54,"lst_night_dn":14727,"qc_night":65,"modis_row":831,"modis_col":664,"source_product":"MOD11A2.061","composite_start":"2026-09-14","units":"degC","scale_factor":0.02},"geometry":{"type":"Polygon","coordinates":[[[77.54367083941773,13.074999998825817],[77.55222596638589,13.074999998825817],[77.54960723756332,13.066666665493232],[77.54105239947866,13.066666665493232],[77.54367083941773,13.074999998825817]]]}},{"type":"Feature","properties":{"lst_c":28.37,"lst_k":301.52,"lst_day_dn":15076,"qc_day":0,"lst_night_c":22.85,"lst_night_k":296.0,"lst_night_dn":14800,"qc_night":65,"modis_row":831,"modis_col":665,"source_product":"MOD11A2.061","composite_start":"2026-09-14","units":"degC","scale_factor":0.02},"geometry":{"type":"Polygon","coordinates":[[[77.55222596638589,13.074999998825817],[77.56078109335405,13.074999998825817],[77.558162075648,13.066666665493232],[77.54960723756332,13.066666665493232],[77.55222596638589,13.074999998825817]]]}},{"type":"Feature","properties":{"lst_c":28.65,"lst_k":301.8,"lst_day_dn":15090,"qc_day":0,"lst_night_c":23.35,"lst_night_k":296.5,"lst_night_dn":14825,"qc_night":0,"modis_row":831,"modis_col":666,"source_product":"MOD11A2.061","composite_start":"2026-09-14","units":"degC","scale_factor":0.02},"geometry":{"type":"Polygon","coordinates":[[[77.56078109335405,13.074999998825817],[77.56933622032221,13.074999998825817],[77.56671691373268,13.066666665493232],[77.558162075648,13.066666665493232],[77.56078109335405,13.074999998825817]]]}},{"type":"Feature","properties":{"lst_c":28.89,"lst_k":302.04,"lst_day_dn":15102,"qc_day":0,"lst_night_c":22.55,"lst_night_k":295.7,"lst_night_dn":14785,"qc_night":0,"modis_row":831,"modis_col":667,"source_product":"MOD11A2.061","composite_start":"2026-09-14","units":"degC","scale_factor":0.02},"geometry":{"type":"Polygon","coordinates":[[[77.56933622032221,13.074999998825817],[77.57789134729038,13.074999998825817],[77.57527175181735,13.066666665493232],[77.56671691373268,13.066666665493232],[77.56933622032221,13.074999998825817]]]}},{"type":"Feature","properties":{"lst_c":28.87,"lst_k":302.02,"lst_day_dn":15101,"qc_day":0,"lst_night_c":22.43,"lst_night_k":295.58,"lst_night_dn":14779,"qc_night":0,"modis_row":831,"modis_col":668,"source_product":"MOD11A2.061","composite_start":"2026-09-14","units":"degC","scale_factor":0.02},"geometry":{"type":"Polygon","coordinates":[[[77.57789134729038,13.074999998825817],[77.58644647425854,13.074999998825817],[77.58382658990203,13.066666665493232],[77.57527175181735,13.066666665493232],[77.57789134729038,13.074999998825817]]]}},{"type":"Feature","properties":{"lst_c":28.85,"lst_k":302.0,"lst_day_dn":15100,"qc_day":0,"lst_night_c":22.69,"lst_night_k":295.84,"lst_night_dn":14792,"qc_night":0,"modis_row":831,"modis_col":669,"source_product":"MOD11A2.061","composite_start":"2026-09-14","units":"degC","scale_factor":0.02},"geometry":{"type":"Polygon","coordinates":[[[77.58644647425854,13.074999998825817],[77.59500160122671,13.074999998825817],[77.59238142798671,13.066666665493232],[77.58382658990203,13.066666665493232],[77.58644647425854,13.074999998825817]]]}},{"type":"Feature","properties":{"lst_c":29.63,"lst_k":302.78,"lst_day_dn":15139,"qc_day":0,"lst_night_c":23.07,"lst_night_k":296.22,"lst_night_dn":14811,"qc_night":0,"modis_row":831,"modis_col":670,"source_product":"MOD11A2.061","composite_start":"2026-09-14","units":"degC","scale_factor":0.02},"geometry":{"type":"Polygon","coordinates":[[[77.59500160122671,13.074999998825817],[77.60355672819487,13.074999998825817],[77.60093626607137,13.066666665493232],[77.59238142798671,13.066666665493232],[77.59500160122671,13.074999998825817]]]}},{"type":"Feature","properties":{"lst_c":29.81,"lst_k":302.96,"lst_day_dn":15148,"qc_day":0,"lst_night_c":23.47,"lst_night_k":296.62,"lst_night_dn":14831,"qc_night":0,"modis_row":831,"modis_col":671,"source_product":"MOD11A2.061","composite_start":"2026-09-14","units":"degC","scale_factor":0.02},"geometry":{"type":"Polygon","coordinates":[[[77.60355672819487,13.074999998825817],[77.61211185516304,13.074999998825817],[77.60949110415605,13.066666665493232],[77.60093626607137,13.066666665493232],[77.60355672819487,13.074999998825817]]]}},{"type":"Feature","properties":{"lst_c":29.67,"lst_k":302.82,"lst_day_dn":15141,"qc_day":0,"lst_night_c":23.59,"lst_night_k":296.74,"lst_night_dn":14837,"qc_night":0,"modis_row":831,"modis_col":672,"source_product":"MOD11A2.061","composite_start":"2026-09-14","units":"degC","scale_factor":0.02},"geometry":{"type":"Polygon","coordinates":[[[77.61211185516304,13.074999998825817],[77.6206669821312,13.074999998825817],[77.61804594224073,13.066666665493232],[77.60949110415605,13.066666665493232],[77.61211185516304,13.074999998825817]]]}},{"type":"Feature","properties":{"lst_c":29.53,"lst_k":302.68,"lst_day_dn":15134,"qc_day":0,"lst_night_c":23.33,"lst_night_k":296.48,"lst_night_dn":14824,"qc_night":0,"modis_row":831,"modis_col":673,"source_product":"MOD11A2.061","composite_start":"2026-09-14","units":"degC","scale_factor":0.02},"geometry":{"type":"Polygon","coordinates":[[[77.6206669821312,13.074999998825817],[77.62922210909936,13.074999998825817],[77.6266007803254,13.066666665493232],[77.61804594224073,13.066666665493232],[77.6206669821312,13.074999998825817]]]}},{"type":"Feature","properties":{"lst_c":29.33,"lst_k":302.48,"lst_day_dn":15124,"qc_day":0,"lst_night_c":23.29,"lst_night_k":296.44,"lst_night_dn":14822,"qc_night":0,"modis_row":831,"modis_col":674,"source_product":"MOD11A2.061","composite_start":"2026-09-14","units":"degC","scale_factor":0.02},"geometry":{"type":"Polygon","coordinates":[[[77.62922210909936,13.074999998825817],[77.6377772360675,13.074999998825817],[77.63515561841005,13.066666665493232],[77.6266007803254,13.066666665493232],[77.62922210909936,13.074999998825817]]]}},{"type":"Feature","properties":{"lst_c":29.69,"lst_k":302.84,"lst_day_dn":15142,"qc_day":0,"lst_night_c":22.93,"lst_night_k":296.08,"lst_night_dn":14804,"qc_night":0,"modis_row":831,"modis_col":675,"source_product":"MOD11A2.061","composite_start":"2026-09-14","units":"degC","scale_factor":0.02},"geometry":{"type":"Polygon","coordinates":[[[77.6377772360675,13.074999998825817],[77.64633236303567,13.074999998825817],[77.64371045649473,13.066666665493232],[77.63515561841005,13.066666665493232],[77.6377772360675,13.074999998825817]]]}},{"type":"Feature","properties":{"lst_c":29.45,"lst_k":302.6,"lst_day_dn":15130,"qc_day":0,"lst_night_c":21.75,"lst_night_k":294.9,"lst_night_dn":14745,"qc_night":65,"modis_row":831,"modis_col":676,"source_product":"MOD11A2.061","composite_start":"2026-09-14","units":"degC","scale_factor":0.02},"geometry":{"type":"Polygon","coordinates":[[[77.64633236303567,13.074999998825817],[77.65488749000383,13.074999998825817],[77.65226529457941,13.066666665493232],[77.64371045649473,13.066666665493232],[77.64633236303567,13.074999998825817]]]}},{"type":"Feature","properties":{"lst_c":29.29,"lst_k":302.44,"lst_day_dn":15122,"qc_day":0,"lst_night_c":21.53,"lst_night_k":294.68,"lst_night_dn":14734,"qc_night":65,"modis_row":831,"modis_col":677,"source_product":"MOD11A2.061","composite_start":"2026-09-14","units":"degC","scale_factor":0.02},"geometry":{"type":"Polygon","coordinates":[[[77.65488749000383,13.074999998825817],[77.663442616972,13.074999998825817],[77.66082013266409,13.066666665493232],[77.65226529457941,13.066666665493232],[77.65488749000383,13.074999998825817]]]}},{"type":"Feature","properties":{"lst_c":29.41,"lst_k":302.56,"lst_day_dn":15128,"qc_day":0,"lst_night_c":21.61,"lst_night_k":294.76,"lst_night_dn":14738,"qc_night":65,"modis_row":831,"modis_col":678,"source_product":"MOD11A2.061","composite_start":"2026-09-14","units":"degC","scale_factor":0.02},"geometry":{"type":"Polygon","coordinates":[[[77.663442616972,13.074999998825817],[77.67199774394017,13.074999998825817],[77.66937497074876,13.066666665493232],[77.66082013266409,13.066666665493232],[77.663442616972,13.074999998825817]]]}},{"type":"Feature","properties":{"lst_c":28.97,"lst_k":302.12,"lst_day_dn":15106,"qc_day":0,"lst_night_c":20.85,"lst_night_k":294.0,"lst_night_dn":14700,"qc_night":65,"modis_row":831,"modis_col":679,"source_product":"MOD11A2.061","composite_start":"2026-09-14","units":"degC","scale_factor":0.02},"geometry":{"type":"Polygon","coordinates":[[[77.67199774394017,13.074999998825817],[77.68055287090831,13.074999998825817],[77.67792980883344,13.066666665493232],[77.66937497074876,13.066666665493232],[77.67199774394017,13.074999998825817]]]}},{"type":"Feature","properties":{"lst_c":28.15,"lst_k":301.3,"lst_day_dn":15065,"qc_day":0,"lst_night_c":19.73,"lst_night_k":292.88,"lst_night_dn":14644,"qc_night":65,"modis_row":831,"modis_col":680,"source_product":"MOD11A2.061","composite_start":"2026-09-14","units":"degC","scale_factor":0.02},"geometry":{"type":"Polygon","coordinates":[[[77.68055287090831,13.074999998825817],[77.68910799787648,13.074999998825817],[77.6864846469181,13.066666665493232],[77.67792980883344,13.066666665493232],[77.68055287090831,13.074999998825817]]]}},{"type":"Feature","properties":{"lst_c":27.63,"lst_k":300.78,"lst_day_dn":15039,"qc_day":0,"lst_night_c":18.97,"lst_night_k":292.12,"lst_night_dn":14606,"qc_night":65,"modis_row":831,"modis_col":681,"source_product":"MOD11A2.061","composite_start":"2026-09-14","units":"degC","scale_factor":0.02},"geometry":{"type":"Polygon","coordinates":[[[77.68910799787648,13.074999998825817],[77.69766312484464,13.074999998825817],[77.69503948500278,13.066666665493232],[77.6864846469181,13.066666665493232],[77.68910799787648,13.074999998825817]]]}},{"type":"Feature","properties":{"lst_c":27.61,"lst_k":300.76,"lst_day_dn":15038,"qc_day":0,"lst_night_c":null,"lst_night_k":null,"lst_night_dn":0,"qc_night":2,"modis_row":831,"modis_col":682,"source_product":"MOD11A2.061","composite_start":"2026-09-14","units":"degC","scale_factor":0.02},"geometry":{"type":"Polygon","coordinates":[[[77.69766312484464,13.074999998825817],[77.7062182518128,13.074999998825817],[77.70359432308744,13.066666665493232],[77.69503948500278,13.066666665493232],[77.69766312484464,13.074999998825817]]]}},{"type":"Feature","properties":{"lst_c":27.25,"lst_k":300.4,"lst_day_dn":15020,"qc_day":0,"lst_night_c":null,"lst_night_k":null,"lst_night_dn":0,"qc_night":2,"modis_row":831,"modis_col":683,"source_product":"MOD11A2.061","composite_start":"2026-09-14","units":"degC","scale_factor":0.02},"geometry":{"type":"Polygon","coordinates":[[[77.7062182518128,13.074999998825817],[77.71477337878098,13.074999998825817],[77.71214916117212,13.066666665493232],[77.70359432308744,13.066666665493232],[77.7062182518128,13.074999998825817]]]}},{"type":"Feature","properties":{"lst_c":26.91,"lst_k":300.06,"lst_day_dn":15003,"qc_day":0,"lst_night_c":null,"lst_night_k":null,"lst_night_dn":0,"qc_night":2,"modis_row":831,"modis_col":684,"source_product":"MOD11A2.061","composite_start":"2026-09-14","units":"degC","scale_factor":0.02},"geometry":{"type":"Polygon","coordinates":[[[77.71477337878098,13.074999998825817],[77.72332850574914,13.074999998825817],[77.7207039992568,13.066666665493232],[77.71214916117212,13.066666665493232],[77.71477337878098,13.074999998825817]]]}},{"type":"Feature","properties":{"lst_c":26.79,"lst_k":299.94,"lst_day_dn":14997,"qc_day":0,"lst_night_c":null,"lst_night_k":null,"lst_night_dn":0,"qc_night":2,"modis_row":831,"modis_col":685,"source_product":"MOD11A2.061","composite_start":"2026-09-14","units":"degC","scale_factor":0.02},"geometry":{"type":"Polygon","coordinates":[[[77.72332850574914,13.074999998825817],[77.7318836327173,13.074999998825817],[77.72925883734148,13.066666665493232],[77.7207039992568,13.066666665493232],[77.72332850574914,13.074999998825817]]]}},{"type":"Feature","properties":{"lst_c":26.97,"lst_k":300.12,"lst_day_dn":15006,"qc_day":0,"lst_night_c":null,"lst_night_k":null,"lst_night_dn":0,"qc_night":2,"modis_row":831,"modis_col":686,"source_product":"MOD11A2.061","composite_start":"2026-09-14","units":"degC","scale_factor":0.02},"geometry":{"type":"Polygon","coordinates":[[[77.7318836327173,13.074999998825817],[77.74043875968546,13.074999998825817],[77.73781367542614,13.066666665493232],[77.72925883734148,13.066666665493232],[77.7318836327173,13.074999998825817]]]}},{"type":"Feature","properties":{"lst_c":26.99,"lst_k":300.14,"lst_day_dn":15007,"qc_day":0,"lst_night_c":null,"lst_night_k":null,"lst_night_dn":0,"qc_night":2,"modis_row":831,"modis_col":687,"source_product":"MOD11A2.061","composite_start":"2026-09-14","units":"degC","scale_factor":0.02},"geometry":{"type":"Polygon","coordinates":[[[77.74043875968546,13.074999998825817],[77.74899388665362,13.074999998825817],[77.74636851351082,13.066666665493232],[77.73781367542614,13.066666665493232],[77.74043875968546,13.074999998825817]]]}},{"type":"Feature","properties":{"lst_c":27.05,"lst_k":300.2,"lst_day_dn":15010,"qc_day":0,"lst_night_c":null,"lst_night_k":null,"lst_night_dn":0,"qc_night":2,"modis_row":831,"modis_col":688,"source_product":"MOD11A2.061","composite_start":"2026-09-14","units":"degC","scale_factor":0.02},"geometry":{"type":"Polygon","coordinates":[[[77.74899388665362,13.074999998825817],[77.75754901362178,13.074999998825817],[77.7549233515955,13.066666665493232],[77.74636851351082,13.066666665493232],[77.74899388665362,13.074999998825817]]]}},{"type":"Feature","properties":{"lst_c":27.07,"lst_k":300.22,"lst_day_dn":15011,"qc_day":0,"lst_night_c":null,"lst_night_k":null,"lst_night_dn":0,"qc_night":2,"modis_row":831,"modis_col":689,"source_product":"MOD11A2.061","composite_start":"2026-09-14","units":"degC","scale_factor":0.02},"geometry":{"type":"Polygon","coordinates":[[[77.75754901362178,13.074999998825817],[77.76610414058993,13.074999998825817],[77.76347818968016,13.066666665493232],[77.7549233515955,13.066666665493232],[77.75754901362178,13.074999998825817]]]}},{"type":"Feature","properties":{"lst_c":26.93,"lst_k":300.08,"lst_day_dn":15004,"qc_day":0,"lst_night_c":null,"lst_night_k":null,"lst_night_dn":0,"qc_night":2,"modis_row":831,"modis_col":690,"source_product":"MOD11A2.061","composite_start":"2026-09-14","units":"degC","scale_factor":0.02},"geometry":{"type":"Polygon","coordinates":[[[77.76610414058993,13.074999998825817],[77.77465926755809,13.074999998825817],[77.77203302776482,13.066666665493232],[77.76347818968016,13.066666665493232],[77.76610414058993,13.074999998825817]]]}},{"type":"Feature","properties":{"lst_c":26.91,"lst_k":300.06,"lst_day_dn":15003,"qc_day":0,"lst_night_c":null,"lst_night_k":null,"lst_night_dn":0,"qc_night":2,"modis_row":831,"modis_col":691,"source_product":"MOD11A2.061","composite_start":"2026-09-14","units":"degC","scale_factor":0.02},"geometry":{"type":"Polygon","coordinates":[[[77.77465926755809,13.074999998825817],[77.78321439452627,13.074999998825817],[77.7805878658495,13.066666665493232],[77.77203302776482,13.066666665493232],[77.77465926755809,13.074999998825817]]]}},{"type":"Feature","properties":{"lst_c":27.63,"lst_k":300.78,"lst_day_dn":15039,"qc_day":0,"lst_night_c":null,"lst_night_k":null,"lst_night_dn":0,"qc_night":2,"modis_row":831,"modis_col":692,"source_product":"MOD11A2.061","composite_start":"2026-09-14","units":"degC","scale_factor":0.02},"geometry":{"type":"Polygon","coordinates":[[[77.78321439452627,13.074999998825817],[77.79176952149443,13.074999998825817],[77.78914270393417,13.066666665493232],[77.7805878658495,13.066666665493232],[77.78321439452627,13.074999998825817]]]}},{"type":"Feature","properties":{"lst_c":27.71,"lst_k":300.86,"lst_day_dn":15043,"qc_day":0,"lst_night_c":null,"lst_night_k":null,"lst_night_dn":0,"qc_night":2,"modis_row":831,"modis_col":693,"source_product":"MOD11A2.061","composite_start":"2026-09-14","units":"degC","scale_factor":0.02},"geometry":{"type":"Polygon","coordinates":[[[77.79176952149443,13.074999998825817],[77.80032464846259,13.074999998825817],[77.79769754201885,13.066666665493232],[77.78914270393417,13.066666665493232],[77.79176952149443,13.074999998825817]]]}},{"type":"Feature","properties":{"lst_c":27.15,"lst_k":300.3,"lst_day_dn":15015,"qc_day":0,"lst_night_c":null,"lst_night_k":null,"lst_night_dn":0,"qc_night":2,"modis_row":831,"modis_col":694,"source_product":"MOD11A2.061","composite_start":"2026-09-14","units":"degC","scale_factor":0.02},"geometry":{"type":"Polygon","coordinates":[[[77.80032464846259,13.074999998825817],[77.80887977543075,13.074999998825817],[77.80625238010353,13.066666665493232],[77.79769754201885,13.066666665493232],[77.80032464846259,13.074999998825817]]]}},{"type":"Feature","properties":{"lst_c":27.17,"lst_k":300.32,"lst_day_dn":15016,"qc_day":0,"lst_night_c":null,"lst_night_k":null,"lst_night_dn":0,"qc_night":2,"modis_row":831,"modis_col":695,"source_product":"MOD11A2.061","composite_start":"2026-09-14","units":"degC","scale_factor":0.02},"geometry":{"type":"Polygon","coordinates":[[[77.80887977543075,13.074999998825817],[77.8174349023989,13.074999998825817],[77.81480721818821,13.066666665493232],[77.80625238010353,13.066666665493232],[77.80887977543075,13.074999998825817]]]}},{"type":"Feature","properties":{"lst_c":27.35,"lst_k":300.5,"lst_day_dn":15025,"qc_day":0,"lst_night_c":null,"lst_night_k":null,"lst_night_dn":0,"qc_night":2,"modis_row":831,"modis_col":696,"source_product":"MOD11A2.061","composite_start":"2026-09-14","units":"degC","scale_factor":0.02},"geometry":{"type":"Polygon","coordinates":[[[77.8174349023989,13.074999998825817],[77.82599002936706,13.074999998825817],[77.82336205627287,13.066666665493232],[77.81480721818821,13.066666665493232],[77.8174349023989,13.074999998825817]]]}},{"type":"Feature","properties":{"lst_c":31.95,"lst_k":305.1,"lst_day_dn":15255,"qc_day":0,"lst_night_c":21.87,"lst_night_k":295.02,"lst_night_dn":14751,"qc_night":0,"modis_row":832,"modis_col":653,"source_product":"MOD11A2.061","composite_start":"2026-09-14","units":"degC","scale_factor":0.02},"geometry":{"type":"Polygon","coordinates":[[[77.44694918054725,13.066666665493232],[77.45550401863193,13.066666665493232],[77.45289028254409,13.058333332160649],[77.44433573314242,13.058333332160649],[77.44694918054725,13.066666665493232]]]}},{"type":"Feature","properties":{"lst_c":31.49,"lst_k":304.64,"lst_day_dn":15232,"qc_day":0,"lst_night_c":21.75,"lst_night_k":294.9,"lst_night_dn":14745,"qc_night":0,"modis_row":832,"modis_col":654,"source_product":"MOD11A2.061","composite_start":"2026-09-14","units":"degC","scale_factor":0.02},"geometry":{"type":"Polygon","coordinates":[[[77.45550401863193,13.066666665493232],[77.4640588567166,13.066666665493232],[77.46144483194573,13.058333332160649],[77.45289028254409,13.058333332160649],[77.45550401863193,13.066666665493232]]]}},{"type":"Feature","properties":{"lst_c":31.37,"lst_k":304.52,"lst_day_dn":15226,"qc_day":0,"lst_night_c":22.11,"lst_night_k":295.26,"lst_night_dn":14763,"qc_night":65,"modis_row":832,"modis_col":655,"source_product":"MOD11A2.061","composite_start":"2026-09-14","units":"degC","scale_factor":0.02},"geometry":{"type":"Polygon","coordinates":[[[77.4640588567166,13.066666665493232],[77.47261369480127,13.066666665493232],[77.46999938134739,13.058333332160649],[77.46144483194573,13.058333332160649],[77.4640588567166,13.066666665493232]]]}},{"type":"Feature","properties":{"lst_c":31.47,"lst_k":304.62,"lst_day_dn":15231,"qc_day":0,"lst_night_c":21.39,"lst_night_k":294.54,"lst_night_dn":14727,"qc_night":65,"modis_row":832,"modis_col":656,"source_product":"MOD11A2.061","composite_start":"2026-09-14","units":"degC","scale_factor":0.02},"geometry":{"type":"Polygon","coordinates":[[[77.47261369480127,13.066666665493232],[77.48116853288595,13.066666665493232],[77.47855393074904,13.058333332160649],[77.46999938134739,13.058333332160649],[77.47261369480127,13.066666665493232]]]}},{"type":"Feature","properties":{"lst_c":31.15,"lst_k":304.3,"lst_day_dn":15215,"qc_day":0,"lst_night_c":20.93,"lst_night_k":294.08,"lst_night_dn":14704,"qc_night":65,"modis_row":832,"modis_col":657,"source_product":"MOD11A2.061","composite_start":"2026-09-14","units":"degC","scale_factor":0.02},"geometry":{"type":"Polygon","coordinates":[[[77.48116853288595,13.066666665493232],[77.48972337097062,13.066666665493232],[77.48710848015068,13.058333332160649],[77.47855393074904,13.058333332160649],[77.48116853288595,13.066666665493232]]]}},{"type":"Feature","properties":{"lst_c":30.19,"lst_k":303.34,"lst_day_dn":15167,"qc_day":0,"lst_night_c":20.67,"lst_night_k":293.82,"lst_night_dn":14691,"qc_night":81,"modis_row":832,"modis_col":658,"source_product":"MOD11A2.061","composite_start":"2026-09-14","units":"degC","scale_factor":0.02},"geometry":{"type":"Polygon","coordinates":[[[77.48972337097062,13.066666665493232],[77.4982782090553,13.066666665493232],[77.49566302955235,13.058333332160649],[77.48710848015068,13.058333332160649],[77.48972337097062,13.066666665493232]]]}},{"type":"Feature","properties":{"lst_c":30.19,"lst_k":303.34,"lst_day_dn":15167,"qc_day":0,"lst_night_c":20.57,"lst_night_k":293.72,"lst_night_dn":14686,"qc_night":81,"modis_row":832,"modis_col":659,"source_product":"MOD11A2.061","composite_start":"2026-09-14","units":"degC","scale_factor":0.02},"geometry":{"type":"Polygon","coordinates":[[[77.4982782090553,13.066666665493232],[77.50683304713995,13.066666665493232],[77.50421757895397,13.058333332160649],[77.49566302955235,13.058333332160649],[77.4982782090553,13.066666665493232]]]}},{"type":"Feature","properties":{"lst_c":30.31,"lst_k":303.46,"lst_day_dn":15173,"qc_day":0,"lst_night_c":20.31,"lst_night_k":293.46,"lst_night_dn":14673,"qc_night":81,"modis_row":832,"modis_col":660,"source_product":"MOD11A2.061","composite_start":"2026-09-14","units":"degC","scale_factor":0.02},"geometry":{"type":"Polygon","coordinates":[[[77.50683304713995,13.066666665493232],[77.51538788522463,13.066666665493232],[77.51277212835564,13.058333332160649],[77.50421757895397,13.058333332160649],[77.50683304713995,13.066666665493232]]]}},{"type":"Feature","properties":{"lst_c":29.73,"lst_k":302.88,"lst_day_dn":15144,"qc_day":0,"lst_night_c":null,"lst_night_k":null,"lst_night_dn":0,"qc_night":2,"modis_row":832,"modis_col":661,"source_product":"MOD11A2.061","composite_start":"2026-09-14","units":"degC","scale_factor":0.02},"geometry":{"type":"Polygon","coordinates":[[[77.51538788522463,13.066666665493232],[77.5239427233093,13.066666665493232],[77.52132667775729,13.058333332160649],[77.51277212835564,13.058333332160649],[77.51538788522463,13.066666665493232]]]}},{"type":"Feature","properties":{"lst_c":29.49,"lst_k":302.64,"lst_day_dn":15132,"qc_day":0,"lst_night_c":null,"lst_night_k":null,"lst_night_dn":0,"qc_night":2,"modis_row":832,"modis_col":662,"source_product":"MOD11A2.061","composite_start":"2026-09-14","units":"degC","scale_factor":0.02},"geometry":{"type":"Polygon","coordinates":[[[77.5239427233093,13.066666665493232],[77.53249756139398,13.066666665493232],[77.52988122715892,13.058333332160649],[77.52132667775729,13.058333332160649],[77.5239427233093,13.066666665493232]]]}},{"type":"Feature","properties":{"lst_c":28.95,"lst_k":302.1,"lst_day_dn":15105,"qc_day":0,"lst_night_c":null,"lst_night_k":null,"lst_night_dn":0,"qc_night":2,"modis_row":832,"modis_col":663,"source_product":"MOD11A2.061","composite_start":"2026-09-14","units":"degC","scale_factor":0.02},"geometry":{"type":"Polygon","coordinates":[[[77.53249756139398,13.066666665493232],[77.54105239947866,13.066666665493232],[77.53843577656059,13.058333332160649],[77.52988122715892,13.058333332160649],[77.53249756139398,13.066666665493232]]]}},{"type":"Feature","properties":{"lst_c":28.45,"lst_k":301.6,"lst_day_dn":15080,"qc_day":0,"lst_night_c":20.35,"lst_night_k":293.5,"lst_night_dn":14675,"qc_night":65,"modis_row":832,"modis_col":664,"source_product":"MOD11A2.061","composite_start":"2026-09-14","units":"degC","scale_factor":0.02},"geometry":{"type":"Polygon","coordinates":[[[77.54105239947866,13.066666665493232],[77.54960723756332,13.066666665493232],[77.54699032596223,13.058333332160649],[77.53843577656059,13.058333332160649],[77.54105239947866,13.066666665493232]]]}},{"type":"Feature","properties":{"lst_c":28.31,"lst_k":301.46,"lst_day_dn":15073,"qc_day":0,"lst_night_c":21.65,"lst_night_k":294.8,"lst_night_dn":14740,"qc_night":65,"modis_row":832,"modis_col":665,"source_product":"MOD11A2.061","composite_start":"2026-09-14","units":"degC","scale_factor":0.02},"geometry":{"type":"Polygon","coordinates":[[[77.54960723756332,13.066666665493232],[77.558162075648,13.066666665493232],[77.55554487536389,13.058333332160649],[77.54699032596223,13.058333332160649],[77.54960723756332,13.066666665493232]]]}},{"type":"Feature","properties":{"lst_c":28.73,"lst_k":301.88,"lst_day_dn":15094,"qc_day":0,"lst_night_c":22.91,"lst_night_k":296.06,"lst_night_dn":14803,"qc_night":0,"modis_row":832,"modis_col":666,"source_product":"MOD11A2.061","composite_start":"2026-09-14","units":"degC","scale_factor":0.02},"geometry":{"type":"Polygon","coordinates":[[[77.558162075648,13.066666665493232],[77.56671691373268,13.066666665493232],[77.56409942476554,13.058333332160649],[77.55554487536389,13.058333332160649],[77.558162075648,13.066666665493232]]]}},{"type":"Feature","properties":{"lst_c":29.07,"lst_k":302.22,"lst_day_dn":15111,"qc_day":0,"lst_night_c":22.99,"lst_night_k":296.14,"lst_night_dn":14807,"qc_night":0,"modis_row":832,"modis_col":667,"source_product":"MOD11A2.061","composite_start":"2026-09-14","units":"degC","scale_factor":0.02},"geometry":{"type":"Polygon","coordinates":[[[77.56671691373268,13.066666665493232],[77.57527175181735,13.066666665493232],[77.57265397416718,13.058333332160649],[77.56409942476554,13.058333332160649],[77.56671691373268,13.066666665493232]]]}},{"type":"Feature","properties":{"lst_c":29.09,"lst_k":302.24,"lst_day_dn":15112,"qc_day":0,"lst_night_c":22.47,"lst_night_k":295.62,"lst_night_dn":14781,"qc_night":0,"modis_row":832,"modis_col":668,"source_product":"MOD11A2.061","composite_start":"2026-09-14","units":"degC","scale_factor":0.02},"geometry":{"type":"Polygon","coordinates":[[[77.57527175181735,13.066666665493232],[77.58382658990203,13.066666665493232],[77.58120852356885,13.058333332160649],[77.57265397416718,13.058333332160649],[77.57527175181735,13.066666665493232]]]}},{"type":"Feature","properties":{"lst_c":28.91,"lst_k":302.06,"lst_day_dn":15103,"qc_day":0,"lst_night_c":22.79,"lst_night_k":295.94,"lst_night_dn":14797,"qc_night":0,"modis_row":832,"modis_col":669,"source_product":"MOD11A2.061","composite_start":"2026-09-14","units":"degC","scale_factor":0.02},"geometry":{"type":"Polygon","coordinates":[[[77.58382658990203,13.066666665493232],[77.59238142798671,13.066666665493232],[77.5897630729705,13.058333332160649],[77.58120852356885,13.058333332160649],[77.58382658990203,13.066666665493232]]]}},{"type":"Feature","properties":{"lst_c":29.41,"lst_k":302.56,"lst_day_dn":15128,"qc_day":0,"lst_night_c":22.91,"lst_night_k":296.06,"lst_night_dn":14803,"qc_night":0,"modis_row":832,"modis_col":670,"source_product":"MOD11A2.061","composite_start":"2026-09-14","units":"degC","scale_factor":0.02},"geometry":{"type":"Polygon","coordinates":[[[77.59238142798671,13.066666665493232],[77.60093626607137,13.066666665493232],[77.59831762237214,13.058333332160649],[77.5897630729705,13.058333332160649],[77.59238142798671,13.066666665493232]]]}},{"type":"Feature","properties":{"lst_c":29.57,"lst_k":302.72,"lst_day_dn":15136,"qc_day":0,"lst_night_c":23.41,"lst_night_k":296.56,"lst_night_dn":14828,"qc_night":0,"modis_row":832,"modis_col":671,"source_product":"MOD11A2.061","composite_start":"2026-09-14","units":"degC","scale_factor":0.02},"geometry":{"type":"Polygon","coordinates":[[[77.60093626607137,13.066666665493232],[77.60949110415605,13.066666665493232],[77.6068721717738,13.058333332160649],[77.59831762237214,13.058333332160649],[77.60093626607137,13.066666665493232]]]}},{"type":"Feature","properties":{"lst_c":29.43,"lst_k":302.58,"lst_day_dn":15129,"qc_day":0,"lst_night_c":23.33,"lst_night_k":296.48,"lst_night_dn":14824,"qc_night":0,"modis_row":832,"modis_col":672,"source_product":"MOD11A2.061","composite_start":"2026-09-14","units":"degC","scale_factor":0.02},"geometry":{"type":"Polygon","coordinates":[[[77.60949110415605,13.066666665493232],[77.61804594224073,13.066666665493232],[77.61542672117544,13.058333332160649],[77.6068721717738,13.058333332160649],[77.60949110415605,13.066666665493232]]]}},{"type":"Feature","properties":{"lst_c":29.15,"lst_k":302.3,"lst_day_dn":15115,"qc_day":0,"lst_night_c":23.43,"lst_night_k":296.58,"lst_night_dn":14829,"qc_night":0,"modis_row":832,"modis_col":673,"source_product":"MOD11A2.061","composite_start":"2026-09-14","units":"degC","scale_factor":0.02},"geometry":{"type":"Polygon","coordinates":[[[77.61804594224073,13.066666665493232],[77.6266007803254,13.066666665493232],[77.6239812705771,13.058333332160649],[77.61542672117544,13.058333332160649],[77.61804594224073,13.066666665493232]]]}},{"type":"Feature","properties":{"lst_c":29.69,"lst_k":302.84,"lst_day_dn":15142,"qc_day":0,"lst_night_c":23.55,"lst_night_k":296.7,"lst_night_dn":14835,"qc_night":65,"modis_row":832,"modis_col":674,"source_product":"MOD11A2.061","composite_start":"2026-09-14","units":"degC","scale_factor":0.02},"geometry":{"type":"Polygon","coordinates":[[[77.6266007803254,13.066666665493232],[77.63515561841005,13.066666665493232],[77.63253581997873,13.058333332160649],[77.6239812705771,13.058333332160649],[77.6266007803254,13.066666665493232]]]}},{"type":"Feature","properties":{"lst_c":29.67,"lst_k":302.82,"lst_day_dn":15141,"qc_day":0,"lst_night_c":23.21,"lst_night_k":296.36,"lst_night_dn":14818,"qc_night":65,"modis_row":832,"modis_col":675,"source_product":"MOD11A2.061","composite_start":"2026-09-14","units":"degC","scale_factor":0.02},"geometry":{"type":"Polygon","coordinates":[[[77.63515561841005,13.066666665493232],[77.64371045649473,13.066666665493232],[77.6410903693804,13.058333332160649],[77.63253581997873,13.058333332160649],[77.63515561841005,13.066666665493232]]]}},{"type":"Feature","properties":{"lst_c":29.57,"lst_k":302.72,"lst_day_dn":15136,"qc_day":0,"lst_night_c":22.57,"lst_night_k":295.72,"lst_night_dn":14786,"qc_night":65,"modis_row":832,"modis_col":676,"source_product":"MOD11A2.061","composite_start":"2026-09-14","units":"degC","scale_factor":0.02},"geometry":{"type":"Polygon","coordinates":[[[77.64371045649473,13.066666665493232],[77.65226529457941,13.066666665493232],[77.64964491878204,13.058333332160649],[77.6410903693804,13.058333332160649],[77.64371045649473,13.066666665493232]]]}},{"type":"Feature","properties":{"lst_c":29.39,"lst_k":302.54,"lst_day_dn":15127,"qc_day":0,"lst_night_c":21.05,"lst_night_k":294.2,"lst_night_dn":14710,"qc_night":65,"modis_row":832,"modis_col":677,"source_product":"MOD11A2.061","composite_start":"2026-09-14","units":"degC","scale_factor":0.02},"geometry":{"type":"Polygon","coordinates":[[[77.65226529457941,13.066666665493232],[77.66082013266409,13.066666665493232],[77.65819946818368,13.058333332160649],[77.64964491878204,13.058333332160649],[77.65226529457941,13.066666665493232]]]}},{"type":"Feature","properties":{"lst_c":29.21,"lst_k":302.36,"lst_day_dn":15118,"qc_day":0,"lst_night_c":20.33,"lst_night_k":293.48,"lst_night_dn":14674,"qc_night":65,"modis_row":832,"modis_col":678,"source_product":"MOD11A2.061","composite_start":"2026-09-14","units":"degC","scale_factor":0.02},"geometry":{"type":"Polygon","coordinates":[[[77.66082013266409,13.066666665493232],[77.66937497074876,13.066666665493232],[77.66675401758535,13.058333332160649],[77.65819946818368,13.058333332160649],[77.66082013266409,13.066666665493232]]]}},{"type":"Feature","properties":{"lst_c":29.05,"lst_k":302.2,"lst_day_dn":15110,"qc_day":0,"lst_night_c":20.23,"lst_night_k":293.38,"lst_night_dn":14669,"qc_night":65,"modis_row":832,"modis_col":679,"source_product":"MOD11A2.061","composite_start":"2026-09-14","units":"degC","scale_factor":0.02},"geometry":{"type":"Polygon","coordinates":[[[77.66937497074876,13.066666665493232],[77.67792980883344,13.066666665493232],[77.675308566987,13.058333332160649],[77.66675401758535,13.058333332160649],[77.66937497074876,13.066666665493232]]]}},{"type":"Feature","properties":{"lst_c":28.63,"lst_k":301.78,"lst_day_dn":15089,"qc_day":0,"lst_night_c":null,"lst_night_k":null,"lst_night_dn":0,"qc_night":2,"modis_row":832,"modis_col":680,"source_product":"MOD11A2.061","composite_start":"2026-09-14","units":"degC","scale_factor":0.02},"geometry":{"type":"Polygon","coordinates":[[[77.67792980883344,13.066666665493232],[77.6864846469181,13.066666665493232],[77.68386311638864,13.058333332160649],[77.675308566987,13.058333332160649],[77.67792980883344,13.066666665493232]]]}},{"type":"Feature","properties":{"lst_c":28.15,"lst_k":301.3,"lst_day_dn":15065,"qc_day":0,"lst_night_c":null,"lst_night_k":null,"lst_night_dn":0,"qc_night":2,"modis_row":832,"modis_col":681,"source_product":"MOD11A2.061","composite_start":"2026-09-14","units":"degC","scale_factor":0.02},"geometry":{"type":"Polygon","coordinates":[[[77.6864846469181,13.066666665493232],[77.69503948500278,13.066666665493232],[77.6924176657903,13.058333332160649],[77.68386311638864,13.058333332160649],[77.6864846469181,13.066666665493232]]]}},{"type":"Feature","properties":{"lst_c":27.83,"lst_k":300.98,"lst_day_dn":15049,"qc_day":0,"lst_night_c":null,"lst_night_k":null,"lst_night_dn":0,"qc_night":2,"modis_row":832,"modis_col":682,"source_product":"MOD11A2.061","composite_start":"2026-09-14","units":"degC","scale_factor":0.02},"geometry":{"type":"Polygon","coordinates":[[[77.69503948500278,13.066666665493232],[77.70359432308744,13.066666665493232],[77.70097221519194,13.058333332160649],[77.6924176657903,13.058333332160649],[77.69503948500278,13.066666665493232]]]}},{"type":"Feature","properties":{"lst_c":27.19,"lst_k":300.34,"lst_day_dn":15017,"qc_day":0,"lst_night_c":null,"lst_night_k":null,"lst_night_dn":0,"qc_night":2,"modis_row":832,"modis_col":683,"source_product":"MOD11A2.061","composite_start":"2026-09-14","units":"degC","scale_factor":0.02},"geometry":{"type":"Polygon","coordinates":[[[77.70359432308744,13.066666665493232],[77.71214916117212,13.066666665493232],[77.7095267645936,13.058333332160649],[77.70097221519194,13.058333332160649],[77.70359432308744,13.066666665493232]]]}},{"type":"Feature","properties":{"lst_c":27.13,"lst_k":300.28,"lst_day_dn":15014,"qc_day":0,"lst_night_c":null,"lst_night_k":null,"lst_night_dn":0,"qc_night":2,"modis_row":832,"modis_col":684,"source_product":"MOD11A2.061","composite_start":"2026-09-14","units":"degC","scale_factor":0.02},"geometry":{"type":"Polygon","coordinates":[[[77.71214916117212,13.066666665493232],[77.7207039992568,13.066666665493232],[77.71808131399526,13.058333332160649],[77.7095267645936,13.058333332160649],[77.71214916117212,13.066666665493232]]]}},{"type":"Feature","properties":{"lst_c":26.99,"lst_k":300.14,"lst_day_dn":15007,"qc_day":0,"lst_night_c":null,"lst_night_k":null,"lst_night_dn":0,"qc_night":2,"modis_row":832,"modis_col":685,"source_product":"MOD11A2.061","composite_start":"2026-09-14","units":"degC","scale_factor":0.02},"geometry":{"type":"Polygon","coordinates":[[[77.7207039992568,13.066666665493232],[77.72925883734148,13.066666665493232],[77.7266358633969,13.058333332160649],[77.71808131399526,13.058333332160649],[77.7207039992568,13.066666665493232]]]}},{"type":"Feature","properties":{"lst_c":26.75,"lst_k":299.9,"lst_day_dn":14995,"qc_day":0,"lst_night_c":null,"lst_night_k":null,"lst_night_dn":0,"qc_night":2,"modis_row":832,"modis_col":686,"source_product":"MOD11A2.061","composite_start":"2026-09-14","units":"degC","scale_factor":0.02},"geometry":{"type":"Polygon","coordinates":[[[77.72925883734148,13.066666665493232],[77.73781367542614,13.066666665493232],[77.73519041279856,13.058333332160649],[77.7266358633969,13.058333332160649],[77.72925883734148,13.066666665493232]]]}},{"type":"Feature","properties":{"lst_c":26.99,"lst_k":300.14,"lst_day_dn":15007,"qc_day":0,"lst_night_c":null,"lst_night_k":null,"lst_night_dn":0,"qc_night":2,"modis_row":832,"modis_col":687,"source_product":"MOD11A2.061","composite_start":"2026-09-14","units":"degC","scale_factor":0.02},"geometry":{"type":"Polygon","coordinates":[[[77.73781367542614,13.066666665493232],[77.74636851351082,13.066666665493232],[77.74374496220021,13.058333332160649],[77.73519041279856,13.058333332160649],[77.73781367542614,13.066666665493232]]]}},{"type":"Feature","properties":{"lst_c":26.81,"lst_k":299.96,"lst_day_dn":14998,"qc_day":0,"lst_night_c":null,"lst_night_k":null,"lst_night_dn":0,"qc_night":2,"modis_row":832,"modis_col":688,"source_product":"MOD11A2.061","composite_start":"2026-09-14","units":"degC","scale_factor":0.02},"geometry":{"type":"Polygon","coordinates":[[[77.74636851351082,13.066666665493232],[77.7549233515955,13.066666665493232],[77.75229951160186,13.058333332160649],[77.74374496220021,13.058333332160649],[77.74636851351082,13.066666665493232]]]}},{"type":"Feature","properties":{"lst_c":26.57,"lst_k":299.72,"lst_day_dn":14986,"qc_day":0,"lst_night_c":null,"lst_night_k":null,"lst_night_dn":0,"qc_night":2,"modis_row":832,"modis_col":689,"source_product":"MOD11A2.061","composite_start":"2026-09-14","units":"degC","scale_factor":0.02},"geometry":{"type":"Polygon","coordinates":[[[77.7549233515955,13.066666665493232],[77.76347818968016,13.066666665493232],[77.7608540610035,13.058333332160649],[77.75229951160186,13.058333332160649],[77.7549233515955,13.066666665493232]]]}},{"type":"Feature","properties":{"lst_c":26.67,"lst_k":299.82,"lst_day_dn":14991,"qc_day":0,"lst_night_c":null,"lst_night_k":null,"lst_night_dn":0,"qc_night":2,"modis_row":832,"modis_col":690,"source_product":"MOD11A2.061","composite_start":"2026-09-14","units":"degC","scale_factor":0.02},"geometry":{"type":"Polygon","coordinates":[[[77.76347818968016,13.066666665493232],[77.77203302776482,13.066666665493232],[77.76940861040514,13.058333332160649],[77.7608540610035,13.058333332160649],[77.76347818968016,13.066666665493232]]]}},{"type":"Feature","properties":{"lst_c":26.93,"lst_k":300.08,"lst_day_dn":15004,"qc_day":0,"lst_night_c":null,"lst_night_k":null,"lst_night_dn":0,"qc_night":2,"modis_row":832,"modis_col":691,"source_product":"MOD11A2.061","composite_start":"2026-09-14","units":"degC","scale_factor":0.02},"geometry":{"type":"Polygon","coordinates":[[[77.77203302776482,13.066666665493232],[77.7805878658495,13.066666665493232],[77.7779631598068,13.058333332160649],[77.76940861040514,13.058333332160649],[77.77203302776482,13.066666665493232]]]}},{"type":"Feature","properties":{"lst_c":26.99,"lst_k":300.14,"lst_day_dn":15007,"qc_day":0,"lst_night_c":null,"lst_night_k":null,"lst_night_dn":0,"qc_night":2,"modis_row":832,"modis_col":692,"source_product":"MOD11A2.061","composite_start":"2026-09-14","units":"degC","scale_factor":0.02},"geometry":{"type":"Polygon","coordinates":[[[77.7805878658495,13.066666665493232],[77.78914270393417,13.066666665493232],[77.78651770920844,13.058333332160649],[77.7779631598068,13.058333332160649],[77.7805878658495,13.066666665493232]]]}},{"type":"Feature","properties":{"lst_c":27.03,"lst_k":300.18,"lst_day_dn":15009,"qc_day":0,"lst_night_c":null,"lst_night_k":null,"lst_night_dn":0,"qc_night":2,"modis_row":832,"modis_col":693,"source_product":"MOD11A2.061","composite_start":"2026-09-14","units":"degC","scale_factor":0.02},"geometry":{"type":"Polygon","coordinates":[[[77.78914270393417,13.066666665493232],[77.79769754201885,13.066666665493232],[77.7950722586101,13.058333332160649],[77.78651770920844,13.058333332160649],[77.78914270393417,13.066666665493232]]]}},{"type":"Feature","properties":{"lst_c":26.65,"lst_k":299.8,"lst_day_dn":14990,"qc_day":0,"lst_night_c":null,"lst_night_k":null,"lst_night_dn":0,"qc_night":2,"modis_row":832,"modis_col":694,"source_product":"MOD11A2.061","composite_start":"2026-09-14","units":"degC","scale_factor":0.02},"geometry":{"type":"Polygon","coordinates":[[[77.79769754201885,13.066666665493232],[77.80625238010353,13.066666665493232],[77.80362680801176,13.058333332160649],[77.7950722586101,13.058333332160649],[77.79769754201885,13.066666665493232]]]}},{"type":"Feature","properties":{"lst_c":26.73,"lst_k":299.88,"lst_day_dn":14994,"qc_day":0,"lst_night_c":null,"lst_night_k":null,"lst_night_dn":0,"qc_night":2,"modis_row":832,"modis_col":695,"source_product":"MOD11A2.061","composite_start":"2026-09-14","units":"degC","scale_factor":0.02},"geometry":{"type":"Polygon","coordinates":[[[77.80625238010353,13.066666665493232],[77.81480721818821,13.066666665493232],[77.8121813574134,13.058333332160649],[77.80362680801176,13.058333332160649],[77.80625238010353,13.066666665493232]]]}},{"type":"Feature","properties":{"lst_c":26.75,"lst_k":299.9,"lst_day_dn":14995,"qc_day":0,"lst_night_c":null,"lst_night_k":null,"lst_night_dn":0,"qc_night":2,"modis_row":832,"modis_col":696,"source_product":"MOD11A2.061","composite_start":"2026-09-14","units":"degC","scale_factor":0.02},"geometry":{"type":"Polygon","coordinates":[[[77.81480721818821,13.066666665493232],[77.82336205627287,13.066666665493232],[77.82073590681506,13.058333332160649],[77.8121813574134,13.058333332160649],[77.81480721818821,13.066666665493232]]]}},{"type":"Feature","properties":{"lst_c":31.97,"lst_k":305.12,"lst_day_dn":15256,"qc_day":0,"lst_night_c":20.85,"lst_night_k":294.0,"lst_night_dn":14700,"qc_night":0,"modis_row":833,"modis_col":653,"source_product":"MOD11A2.061","composite_start":"2026-09-14","units":"degC","scale_factor":0.02},"geometry":{"type":"Polygon","coordinates":[[[77.44433573314242,13.058333332160649],[77.45289028254409,13.058333332160649],[77.45027836117828,13.049999998828062],[77.44172410025922,13.049999998828062],[77.44433573314242,13.058333332160649]]]}},{"type":"Feature","properties":{"lst_c":31.39,"lst_k":304.54,"lst_day_dn":15227,"qc_day":0,"lst_night_c":21.29,"lst_night_k":294.44,"lst_night_dn":14722,"qc_night":0,"modis_row":833,"modis_col":654,"source_product":"MOD11A2.061","composite_start":"2026-09-14","units":"degC","scale_factor":0.02},"geometry":{"type":"Polygon","coordinates":[[[77.45289028254409,13.058333332160649],[77.46144483194573,13.058333332160649],[77.45883262209733,13.049999998828062],[77.45027836117828,13.049999998828062],[77.45289028254409,13.058333332160649]]]}},{"type":"Feature","properties":{"lst_c":31.03,"lst_k":304.18,"lst_day_dn":15209,"qc_day":0,"lst_night_c":21.75,"lst_night_k":294.9,"lst_night_dn":14745,"qc_night":0,"modis_row":833,"modis_col":655,"source_product":"MOD11A2.061","composite_start":"2026-09-14","units":"degC","scale_factor":0.02},"geometry":{"type":"Polygon","coordinates":[[[77.46144483194573,13.058333332160649],[77.46999938134739,13.058333332160649],[77.4673868830164,13.049999998828062],[77.45883262209733,13.049999998828062],[77.46144483194573,13.058333332160649]]]}},{"type":"Feature","properties":{"lst_c":31.45,"lst_k":304.6,"lst_day_dn":15230,"qc_day":0,"lst_night_c":21.93,"lst_night_k":295.08,"lst_night_dn":14754,"qc_night":65,"modis_row":833,"modis_col":656,"source_product":"MOD11A2.061","composite_start":"2026-09-14","units":"degC","scale_factor":0.02},"geometry":{"type":"Polygon","coordinates":[[[77.46999938134739,13.058333332160649],[77.47855393074904,13.058333332160649],[77.47594114393546,13.049999998828062],[77.4673868830164,13.049999998828062],[77.46999938134739,13.058333332160649]]]}},{"type":"Feature","properties":{"lst_c":30.73,"lst_k":303.88,"lst_day_dn":15194,"qc_day":0,"lst_night_c":21.89,"lst_night_k":295.04,"lst_night_dn":14752,"qc_night":65,"modis_row":833,"modis_col":657,"source_product":"MOD11A2.061","composite_start":"2026-09-14","units":"degC","scale_factor":0.02},"geometry":{"type":"Polygon","coordinates":[[[77.47855393074904,13.058333332160649],[77.48710848015068,13.058333332160649],[77.48449540485453,13.049999998828062],[77.47594114393546,13.049999998828062],[77.47855393074904,13.058333332160649]]]}},{"type":"Feature","properties":{"lst_c":30.43,"lst_k":303.58,"lst_day_dn":15179,"qc_day":0,"lst_night_c":21.25,"lst_night_k":294.4,"lst_night_dn":14720,"qc_night":65,"modis_row":833,"modis_col":658,"source_product":"MOD11A2.061","composite_start":"2026-09-14","units":"degC","scale_factor":0.02},"geometry":{"type":"Polygon","coordinates":[[[77.48710848015068,13.058333332160649],[77.49566302955235,13.058333332160649],[77.49304966577358,13.049999998828062],[77.48449540485453,13.049999998828062],[77.48710848015068,13.058333332160649]]]}},{"type":"Feature","properties":{"lst_c":30.29,"lst_k":303.44,"lst_day_dn":15172,"qc_day":0,"lst_night_c":20.97,"lst_night_k":294.12,"lst_night_dn":14706,"qc_night":65,"modis_row":833,"modis_col":659,"source_product":"MOD11A2.061","composite_start":"2026-09-14","units":"degC","scale_factor":0.02},"geometry":{"type":"Polygon","coordinates":[[[77.49566302955235,13.058333332160649],[77.50421757895397,13.058333332160649],[77.50160392669264,13.049999998828062],[77.49304966577358,13.049999998828062],[77.49566302955235,13.058333332160649]]]}},{"type":"Feature","properties":{"lst_c":30.41,"lst_k":303.56,"lst_day_dn":15178,"qc_day":81,"lst_night_c":21.21,"lst_night_k":294.36,"lst_night_dn":14718,"qc_night":81,"modis_row":833,"modis_col":660,"source_product":"MOD11A2.061","composite_start":"2026-09-14","units":"degC","scale_factor":0.02},"geometry":{"type":"Polygon","coordinates":[[[77.50421757895397,13.058333332160649],[77.51277212835564,13.058333332160649],[77.5101581876117,13.049999998828062],[77.50160392669264,13.049999998828062],[77.50421757895397,13.058333332160649]]]}},{"type":"Feature","properties":{"lst_c":30.37,"lst_k":303.52,"lst_day_dn":15176,"qc_day":0,"lst_night_c":20.43,"lst_night_k":293.58,"lst_night_dn":14679,"qc_night":81,"modis_row":833,"modis_col":661,"source_product":"MOD11A2.061","composite_start":"2026-09-14","units":"degC","scale_factor":0.02},"geometry":{"type":"Polygon","coordinates":[[[77.51277212835564,13.058333332160649],[77.52132667775729,13.058333332160649],[77.51871244853076,13.049999998828062],[77.5101581876117,13.049999998828062],[77.51277212835564,13.058333332160649]]]}},{"type":"Feature","properties":{"lst_c":29.61,"lst_k":302.76,"lst_day_dn":15138,"qc_day":0,"lst_night_c":19.75,"lst_night_k":292.9,"lst_night_dn":14645,"qc_night":81,"modis_row":833,"modis_col":662,"source_product":"MOD11A2.061","composite_start":"2026-09-14","units":"degC","scale_factor":0.02},"geometry":{"type":"Polygon","coordinates":[[[77.52132667775729,13.058333332160649],[77.52988122715892,13.058333332160649],[77.52726670944982,13.049999998828062],[77.51871244853076,13.049999998828062],[77.52132667775729,13.058333332160649]]]}},{"type":"Feature","properties":{"lst_c":29.01,"lst_k":302.16,"lst_day_dn":15108,"qc_day":0,"lst_night_c":null,"lst_night_k":null,"lst_night_dn":0,"qc_night":2,"modis_row":833,"modis_col":663,"source_product":"MOD11A2.061","composite_start":"2026-09-14","units":"degC","scale_factor":0.02},"geometry":{"type":"Polygon","coordinates":[[[77.52988122715892,13.058333332160649],[77.53843577656059,13.058333332160649],[77.53582097036889,13.049999998828062],[77.52726670944982,13.049999998828062],[77.52988122715892,13.058333332160649]]]}},{"type":"Feature","properties":{"lst_c":28.51,"lst_k":301.66,"lst_day_dn":15083,"qc_day":0,"lst_night_c":21.01,"lst_night_k":294.16,"lst_night_dn":14708,"qc_night":81,"modis_row":833,"modis_col":664,"source_product":"MOD11A2.061","composite_start":"2026-09-14","units":"degC","scale_factor":0.02},"geometry":{"type":"Polygon","coordinates":[[[77.53843577656059,13.058333332160649],[77.54699032596223,13.058333332160649],[77.54437523128794,13.049999998828062],[77.53582097036889,13.049999998828062],[77.53843577656059,13.058333332160649]]]}},{"type":"Feature","properties":{"lst_c":28.13,"lst_k":301.28,"lst_day_dn":15064,"qc_day":0,"lst_night_c":21.15,"lst_night_k":294.3,"lst_night_dn":14715,"qc_night":81,"modis_row":833,"modis_col":665,"source_product":"MOD11A2.061","composite_start":"2026-09-14","units":"degC","scale_factor":0.02},"geometry":{"type":"Polygon","coordinates":[[[77.54699032596223,13.058333332160649],[77.55554487536389,13.058333332160649],[77.55292949220701,13.049999998828062],[77.54437523128794,13.049999998828062],[77.54699032596223,13.058333332160649]]]}},{"type":"Feature","properties":{"lst_c":28.95,"lst_k":302.1,"lst_day_dn":15105,"qc_day":17,"lst_night_c":22.51,"lst_night_k":295.66,"lst_night_dn":14783,"qc_night":81,"modis_row":833,"modis_col":666,"source_product":"MOD11A2.061","composite_start":"2026-09-14","units":"degC","scale_factor":0.02},"geometry":{"type":"Polygon","coordinates":[[[77.55554487536389,13.058333332160649],[77.56409942476554,13.058333332160649],[77.56148375312607,13.049999998828062],[77.55292949220701,13.049999998828062],[77.55554487536389,13.058333332160649]]]}},{"type":"Feature","properties":{"lst_c":29.57,"lst_k":302.72,"lst_day_dn":15136,"qc_day":0,"lst_night_c":22.89,"lst_night_k":296.04,"lst_night_dn":14802,"qc_night":0,"modis_row":833,"modis_col":667,"source_product":"MOD11A2.061","composite_start":"2026-09-14","units":"degC","scale_factor":0.02},"geometry":{"type":"Polygon","coordinates":[[[77.56409942476554,13.058333332160649],[77.57265397416718,13.058333332160649],[77.57003801404514,13.049999998828062],[77.56148375312607,13.049999998828062],[77.56409942476554,13.058333332160649]]]}},{"type":"Feature","properties":{"lst_c":29.83,"lst_k":302.98,"lst_day_dn":15149,"qc_day":0,"lst_night_c":22.45,"lst_night_k":295.6,"lst_night_dn":14780,"qc_night":0,"modis_row":833,"modis_col":668,"source_product":"MOD11A2.061","composite_start":"2026-09-14","units":"degC","scale_factor":0.02},"geometry":{"type":"Polygon","coordinates":[[[77.57265397416718,13.058333332160649],[77.58120852356885,13.058333332160649],[77.5785922749642,13.049999998828062],[77.57003801404514,13.049999998828062],[77.57265397416718,13.058333332160649]]]}},{"type":"Feature","properties":{"lst_c":29.45,"lst_k":302.6,"lst_day_dn":15130,"qc_day":0,"lst_night_c":21.65,"lst_night_k":294.8,"lst_night_dn":14740,"qc_night":0,"modis_row":833,"modis_col":669,"source_product":"MOD11A2.061","composite_start":"2026-09-14","units":"degC","scale_factor":0.02},"geometry":{"type":"Polygon","coordinates":[[[77.58120852356885,13.058333332160649],[77.5897630729705,13.058333332160649],[77.58714653588326,13.049999998828062],[77.5785922749642,13.049999998828062],[77.58120852356885,13.058333332160649]]]}},{"type":"Feature","properties":{"lst_c":29.83,"lst_k":302.98,"lst_day_dn":15149,"qc_day":0,"lst_night_c":22.05,"lst_night_k":295.2,"lst_night_dn":14760,"qc_night":0,"modis_row":833,"modis_col":670,"source_product":"MOD11A2.061","composite_start":"2026-09-14","units":"degC","scale_factor":0.02},"geometry":{"type":"Polygon","coordinates":[[[77.5897630729705,13.058333332160649],[77.59831762237214,13.058333332160649],[77.59570079680232,13.049999998828062],[77.58714653588326,13.049999998828062],[77.5897630729705,13.058333332160649]]]}},{"type":"Feature","properties":{"lst_c":29.69,"lst_k":302.84,"lst_day_dn":15142,"qc_day":0,"lst_night_c":23.05,"lst_night_k":296.2,"lst_night_dn":14810,"qc_night":0,"modis_row":833,"modis_col":671,"source_product":"MOD11A2.061","composite_start":"2026-09-14","units":"degC","scale_factor":0.02},"geometry":{"type":"Polygon","coordinates":[[[77.59831762237214,13.058333332160649],[77.6068721717738,13.058333332160649],[77.60425505772137,13.049999998828062],[77.59570079680232,13.049999998828062],[77.59831762237214,13.058333332160649]]]}},{"type":"Feature","properties":{"lst_c":29.83,"lst_k":302.98,"lst_day_dn":15149,"qc_day":0,"lst_night_c":23.25,"lst_night_k":296.4,"lst_night_dn":14820,"qc_night":17,"modis_row":833,"modis_col":672,"source_product":"MOD11A2.061","composite_start":"2026-09-14","units":"degC","scale_factor":0.02},"geometry":{"type":"Polygon","coordinates":[[[77.6068721717738,13.058333332160649],[77.61542672117544,13.058333332160649],[77.61280931864044,13.049999998828062],[77.60425505772137,13.049999998828062],[77.6068721717738,13.058333332160649]]]}},{"type":"Feature","properties":{"lst_c":30.23,"lst_k":303.38,"lst_day_dn":15169,"qc_day":0,"lst_night_c":23.39,"lst_night_k":296.54,"lst_night_dn":14827,"qc_night":17,"modis_row":833,"modis_col":673,"source_product":"MOD11A2.061","composite_start":"2026-09-14","units":"degC","scale_factor":0.02},"geometry":{"type":"Polygon","coordinates":[[[77.61542672117544,13.058333332160649],[77.6239812705771,13.058333332160649],[77.6213635795595,13.049999998828062],[77.61280931864044,13.049999998828062],[77.61542672117544,13.058333332160649]]]}},{"type":"Feature","properties":{"lst_c":30.31,"lst_k":303.46,"lst_day_dn":15173,"qc_day":17,"lst_night_c":24.03,"lst_night_k":297.18,"lst_night_dn":14859,"qc_night":17,"modis_row":833,"modis_col":674,"source_product":"MOD11A2.061","composite_start":"2026-09-14","units":"degC","scale_factor":0.02},"geometry":{"type":"Polygon","coordinates":[[[77.6239812705771,13.058333332160649],[77.63253581997873,13.058333332160649],[77.62991784047856,13.049999998828062],[77.6213635795595,13.049999998828062],[77.6239812705771,13.058333332160649]]]}},{"type":"Feature","properties":{"lst_c":30.03,"lst_k":303.18,"lst_day_dn":15159,"qc_day":0,"lst_night_c":23.17,"lst_night_k":296.32,"lst_night_dn":14816,"qc_night":65,"modis_row":833,"modis_col":675,"source_product":"MOD11A2.061","composite_start":"2026-09-14","units":"degC","scale_factor":0.02},"geometry":{"type":"Polygon","coordinates":[[[77.63253581997873,13.058333332160649],[77.6410903693804,13.058333332160649],[77.63847210139761,13.049999998828062],[77.62991784047856,13.049999998828062],[77.63253581997873,13.058333332160649]]]}},{"type":"Feature","properties":{"lst_c":29.83,"lst_k":302.98,"lst_day_dn":15149,"qc_day":0,"lst_night_c":22.69,"lst_night_k":295.84,"lst_night_dn":14792,"qc_night":65,"modis_row":833,"modis_col":676,"source_product":"MOD11A2.061","composite_start":"2026-09-14","units":"degC","scale_factor":0.02},"geometry":{"type":"Polygon","coordinates":[[[77.6410903693804,13.058333332160649],[77.64964491878204,13.058333332160649],[77.64702636231668,13.049999998828062],[77.63847210139761,13.049999998828062],[77.6410903693804,13.058333332160649]]]}},{"type":"Feature","properties":{"lst_c":29.63,"lst_k":302.78,"lst_day_dn":15139,"qc_day":0,"lst_night_c":21.23,"lst_night_k":294.38,"lst_night_dn":14719,"qc_night":65,"modis_row":833,"modis_col":677,"source_product":"MOD11A2.061","composite_start":"2026-09-14","units":"degC","scale_factor":0.02},"geometry":{"type":"Polygon","coordinates":[[[77.64964491878204,13.058333332160649],[77.65819946818368,13.058333332160649],[77.65558062323574,13.049999998828062],[77.64702636231668,13.049999998828062],[77.64964491878204,13.058333332160649]]]}},{"type":"Feature","properties":{"lst_c":29.51,"lst_k":302.66,"lst_day_dn":15133,"qc_day":0,"lst_night_c":20.19,"lst_night_k":293.34,"lst_night_dn":14667,"qc_night":65,"modis_row":833,"modis_col":678,"source_product":"MOD11A2.061","composite_start":"2026-09-14","units":"degC","scale_factor":0.02},"geometry":{"type":"Polygon","coordinates":[[[77.65819946818368,13.058333332160649],[77.66675401758535,13.058333332160649],[77.6641348841548,13.049999998828062],[77.65558062323574,13.049999998828062],[77.65819946818368,13.058333332160649]]]}},{"type":"Feature","properties":{"lst_c":29.23,"lst_k":302.38,"lst_day_dn":15119,"qc_day":0,"lst_night_c":19.83,"lst_night_k":292.98,"lst_night_dn":14649,"qc_night":65,"modis_row":833,"modis_col":679,"source_product":"MOD11A2.061","composite_start":"2026-09-14","units":"degC","scale_factor":0.02},"geometry":{"type":"Polygon","coordinates":[[[77.66675401758535,13.058333332160649],[77.675308566987,13.058333332160649],[77.67268914507386,13.049999998828062],[77.6641348841548,13.049999998828062],[77.66675401758535,13.058333332160649]]]}},{"type":"Feature","properties":{"lst_c":29.01,"lst_k":302.16,"lst_day_dn":15108,"qc_day":0,"lst_night_c":null,"lst_night_k":null,"lst_night_dn":0,"qc_night":2,"modis_row":833,"modis_col":680,"source_product":"MOD11A2.061","composite_start":"2026-09-14","units":"degC","scale_factor":0.02},"geometry":{"type":"Polygon","coordinates":[[[77.675308566987,13.058333332160649],[77.68386311638864,13.058333332160649],[77.68124340599293,13.049999998828062],[77.67268914507386,13.049999998828062],[77.675308566987,13.058333332160649]]]}},{"type":"Feature","properties":{"lst_c":28.85,"lst_k":302.0,"lst_day_dn":15100,"qc_day":0,"lst_night_c":null,"lst_night_k":null,"lst_night_dn":0,"qc_night":2,"modis_row":833,"modis_col":681,"source_product":"MOD11A2.061","composite_start":"2026-09-14","units":"degC","scale_factor":0.02},"geometry":{"type":"Polygon","coordinates":[[[77.68386311638864,13.058333332160649],[77.6924176657903,13.058333332160649],[77.68979766691199,13.049999998828062],[77.68124340599293,13.049999998828062],[77.68386311638864,13.058333332160649]]]}},{"type":"Feature","properties":{"lst_c":27.89,"lst_k":301.04,"lst_day_dn":15052,"qc_day":0,"lst_night_c":null,"lst_night_k":null,"lst_night_dn":0,"qc_night":2,"modis_row":833,"modis_col":682,"source_product":"MOD11A2.061","composite_start":"2026-09-14","units":"degC","scale_factor":0.02},"geometry":{"type":"Polygon","coordinates":[[[77.6924176657903,13.058333332160649],[77.70097221519194,13.058333332160649],[77.69835192783106,13.049999998828062],[77.68979766691199,13.049999998828062],[77.6924176657903,13.058333332160649]]]}},{"type":"Feature","properties":{"lst_c":27.45,"lst_k":300.6,"lst_day_dn":15030,"qc_day":0,"lst_night_c":null,"lst_night_k":null,"lst_night_dn":0,"qc_night":2,"modis_row":833,"modis_col":683,"source_product":"MOD11A2.061","composite_start":"2026-09-14","units":"degC","scale_factor":0.02},"geometry":{"type":"Polygon","coordinates":[[[77.70097221519194,13.058333332160649],[77.7095267645936,13.058333332160649],[77.70690618875011,13.049999998828062],[77.69835192783106,13.049999998828062],[77.70097221519194,13.058333332160649]]]}},{"type":"Feature","properties":{"lst_c":27.25,"lst_k":300.4,"lst_day_dn":15020,"qc_day":0,"lst_night_c":null,"lst_night_k":null,"lst_night_dn":0,"qc_night":2,"modis_row":833,"modis_col":684,"source_product":"MOD11A2.061","composite_start":"2026-09-14","units":"degC","scale_factor":0.02},"geometry":{"type":"Polygon","coordinates":[[[77.7095267645936,13.058333332160649],[77.71808131399526,13.058333332160649],[77.71546044966918,13.049999998828062],[77.70690618875011,13.049999998828062],[77.7095267645936,13.058333332160649]]]}},{"type":"Feature","properties":{"lst_c":27.45,"lst_k":300.6,"lst_day_dn":15030,"qc_day":0,"lst_night_c":null,"lst_night_k":null,"lst_night_dn":0,"qc_night":2,"modis_row":833,"modis_col":685,"source_product":"MOD11A2.061","composite_start":"2026-09-14","units":"degC","scale_factor":0.02},"geometry":{"type":"Polygon","coordinates":[[[77.71808131399526,13.058333332160649],[77.7266358633969,13.058333332160649],[77.72401471058824,13.049999998828062],[77.71546044966918,13.049999998828062],[77.71808131399526,13.058333332160649]]]}},{"type":"Feature","properties":{"lst_c":26.79,"lst_k":299.94,"lst_day_dn":14997,"qc_day":0,"lst_night_c":null,"lst_night_k":null,"lst_night_dn":0,"qc_night":2,"modis_row":833,"modis_col":686,"source_product":"MOD11A2.061","composite_start":"2026-09-14","units":"degC","scale_factor":0.02},"geometry":{"type":"Polygon","coordinates":[[[77.7266358633969,13.058333332160649],[77.73519041279856,13.058333332160649],[77.7325689715073,13.049999998828062],[77.72401471058824,13.049999998828062],[77.7266358633969,13.058333332160649]]]}},{"type":"Feature","properties":{"lst_c":26.91,"lst_k":300.06,"lst_day_dn":15003,"qc_day":0,"lst_night_c":null,"lst_night_k":null,"lst_night_dn":0,"qc_night":2,"modis_row":833,"modis_col":687,"source_product":"MOD11A2.061","composite_start":"2026-09-14","units":"degC","scale_factor":0.02},"geometry":{"type":"Polygon","coordinates":[[[77.73519041279856,13.058333332160649],[77.74374496220021,13.058333332160649],[77.74112323242636,13.049999998828062],[77.7325689715073,13.049999998828062],[77.73519041279856,13.058333332160649]]]}},{"type":"Feature","properties":{"lst_c":27.15,"lst_k":300.3,"lst_day_dn":15015,"qc_day":0,"lst_night_c":null,"lst_night_k":null,"lst_night_dn":0,"qc_night":2,"modis_row":833,"modis_col":688,"source_product":"MOD11A2.061","composite_start":"2026-09-14","units":"degC","scale_factor":0.02},"geometry":{"type":"Polygon","coordinates":[[[77.74374496220021,13.058333332160649],[77.75229951160186,13.058333332160649],[77.74967749334542,13.049999998828062],[77.74112323242636,13.049999998828062],[77.74374496220021,13.058333332160649]]]}},{"type":"Feature","properties":{"lst_c":27.33,"lst_k":300.48,"lst_day_dn":15024,"qc_day":0,"lst_night_c":null,"lst_night_k":null,"lst_night_dn":0,"qc_night":2,"modis_row":833,"modis_col":689,"source_product":"MOD11A2.061","composite_start":"2026-09-14","units":"degC","scale_factor":0.02},"geometry":{"type":"Polygon","coordinates":[[[77.75229951160186,13.058333332160649],[77.7608540610035,13.058333332160649],[77.75823175426446,13.049999998828062],[77.74967749334542,13.049999998828062],[77.75229951160186,13.058333332160649]]]}},{"type":"Feature","properties":{"lst_c":27.29,"lst_k":300.44,"lst_day_dn":15022,"qc_day":0,"lst_night_c":null,"lst_night_k":null,"lst_night_dn":0,"qc_night":2,"modis_row":833,"modis_col":690,"source_product":"MOD11A2.061","composite_start":"2026-09-14","units":"degC","scale_factor":0.02},"geometry":{"type":"Polygon","coordinates":[[[77.7608540610035,13.058333332160649],[77.76940861040514,13.058333332160649],[77.76678601518353,13.049999998828062],[77.75823175426446,13.049999998828062],[77.7608540610035,13.058333332160649]]]}},{"type":"Feature","properties":{"lst_c":27.17,"lst_k":300.32,"lst_day_dn":15016,"qc_day":0,"lst_night_c":null,"lst_night_k":null,"lst_night_dn":0,"qc_night":2,"modis_row":833,"modis_col":691,"source_product":"MOD11A2.061","composite_start":"2026-09-14","units":"degC","scale_factor":0.02},"geometry":{"type":"Polygon","coordinates":[[[77.76940861040514,13.058333332160649],[77.7779631598068,13.058333332160649],[77.77534027610258,13.049999998828062],[77.76678601518353,13.049999998828062],[77.76940861040514,13.058333332160649]]]}},{"type":"Feature","properties":{"lst_c":27.11,"lst_k":300.26,"lst_day_dn":15013,"qc_day":0,"lst_night_c":null,"lst_night_k":null,"lst_night_dn":0,"qc_night":2,"modis_row":833,"modis_col":692,"source_product":"MOD11A2.061","composite_start":"2026-09-14","units":"degC","scale_factor":0.02},"geometry":{"type":"Polygon","coordinates":[[[77.7779631598068,13.058333332160649],[77.78651770920844,13.058333332160649],[77.78389453702165,13.049999998828062],[77.77534027610258,13.049999998828062],[77.7779631598068,13.058333332160649]]]}},{"type":"Feature","properties":{"lst_c":27.01,"lst_k":300.16,"lst_day_dn":15008,"qc_day":0,"lst_night_c":null,"lst_night_k":null,"lst_night_dn":0,"qc_night":2,"modis_row":833,"modis_col":693,"source_product":"MOD11A2.061","composite_start":"2026-09-14","units":"degC","scale_factor":0.02},"geometry":{"type":"Polygon","coordinates":[[[77.78651770920844,13.058333332160649],[77.7950722586101,13.058333332160649],[77.79244879794071,13.049999998828062],[77.78389453702165,13.049999998828062],[77.78651770920844,13.058333332160649]]]}},{"type":"Feature","properties":{"lst_c":27.01,"lst_k":300.16,"lst_day_dn":15008,"qc_day":0,"lst_night_c":null,"lst_night_k":null,"lst_night_dn":0,"qc_night":2,"modis_row":833,"modis_col":694,"source_product":"MOD11A2.061","composite_start":"2026-09-14","units":"degC","scale_factor":0.02},"geometry":{"type":"Polygon","coordinates":[[[77.7950722586101,13.058333332160649],[77.80362680801176,13.058333332160649],[77.80100305885976,13.049999998828062],[77.79244879794071,13.049999998828062],[77.7950722586101,13.058333332160649]]]}},{"type":"Feature","properties":{"lst_c":27.09,"lst_k":300.24,"lst_day_dn":15012,"qc_day":0,"lst_night_c":null,"lst_night_k":null,"lst_night_dn":0,"qc_night":2,"modis_row":833,"modis_col":695,"source_product":"MOD11A2.061","composite_start":"2026-09-14","units":"degC","scale_factor":0.02},"geometry":{"type":"Polygon","coordinates":[[[77.80362680801176,13.058333332160649],[77.8121813574134,13.058333332160649],[77.80955731977883,13.049999998828062],[77.80100305885976,13.049999998828062],[77.80362680801176,13.058333332160649]]]}},{"type":"Feature","properties":{"lst_c":27.11,"lst_k":300.26,"lst_day_dn":15013,"qc_day":0,"lst_night_c":null,"lst_night_k":null,"lst_night_dn":0,"qc_night":2,"modis_row":833,"modis_col":696,"source_product":"MOD11A2.061","composite_start":"2026-09-14","units":"degC","scale_factor":0.02},"geometry":{"type":"Polygon","coordinates":[[[77.8121813574134,13.058333332160649],[77.82073590681506,13.058333332160649],[77.81811158069789,13.049999998828062],[77.80955731977883,13.049999998828062],[77.8121813574134,13.058333332160649]]]}},{"type":"Feature","properties":{"lst_c":32.21,"lst_k":305.36,"lst_day_dn":15268,"qc_day":0,"lst_night_c":20.17,"lst_night_k":293.32,"lst_night_dn":14666,"qc_night":0,"modis_row":834,"modis_col":653,"source_product":"MOD11A2.061","composite_start":"2026-09-14","units":"degC","scale_factor":0.02},"geometry":{"type":"Polygon","coordinates":[[[77.44172410025922,13.049999998828062],[77.45027836117828,13.049999998828062],[77.44766825424041,13.041666665495475],[77.43911428160354,13.041666665495475],[77.44172410025922,13.049999998828062]]]}},{"type":"Feature","properties":{"lst_c":31.25,"lst_k":304.4,"lst_day_dn":15220,"qc_day":0,"lst_night_c":20.09,"lst_night_k":293.24,"lst_night_dn":14662,"qc_night":0,"modis_row":834,"modis_col":654,"source_product":"MOD11A2.061","composite_start":"2026-09-14","units":"degC","scale_factor":0.02},"geometry":{"type":"Polygon","coordinates":[[[77.45027836117828,13.049999998828062],[77.45883262209733,13.049999998828062],[77.45622222687729,13.041666665495475],[77.44766825424041,13.041666665495475],[77.45027836117828,13.049999998828062]]]}},{"type":"Feature","properties":{"lst_c":30.77,"lst_k":303.92,"lst_day_dn":15196,"qc_day":0,"lst_night_c":20.47,"lst_night_k":293.62,"lst_night_dn":14681,"qc_night":0,"modis_row":834,"modis_col":655,"source_product":"MOD11A2.061","composite_start":"2026-09-14","units":"degC","scale_factor":0.02},"geometry":{"type":"Polygon","coordinates":[[[77.45883262209733,13.049999998828062],[77.4673868830164,13.049999998828062],[77.46477619951415,13.041666665495475],[77.45622222687729,13.041666665495475],[77.45883262209733,13.049999998828062]]]}},{"type":"Feature","properties":{"lst_c":31.17,"lst_k":304.32,"lst_day_dn":15216,"qc_day":0,"lst_night_c":20.41,"lst_night_k":293.56,"lst_night_dn":14678,"qc_night":0,"modis_row":834,"modis_col":656,"source_product":"MOD11A2.061","composite_start":"2026-09-14","units":"degC","scale_factor":0.02},"geometry":{"type":"Polygon","coordinates":[[[77.4673868830164,13.049999998828062],[77.47594114393546,13.049999998828062],[77.47333017215104,13.041666665495475],[77.46477619951415,13.041666665495475],[77.4673868830164,13.049999998828062]]]}},{"type":"Feature","properties":{"lst_c":31.07,"lst_k":304.22,"lst_day_dn":15211,"qc_day":0,"lst_night_c":20.47,"lst_night_k":293.62,"lst_night_dn":14681,"qc_night":65,"modis_row":834,"modis_col":657,"source_product":"MOD11A2.061","composite_start":"2026-09-14","units":"degC","scale_factor":0.02},"geometry":{"type":"Polygon","coordinates":[[[77.47594114393546,13.049999998828062],[77.48449540485453,13.049999998828062],[77.4818841447879,13.041666665495475],[77.47333017215104,13.041666665495475],[77.47594114393546,13.049999998828062]]]}},{"type":"Feature","properties":{"lst_c":30.39,"lst_k":303.54,"lst_day_dn":15177,"qc_day":0,"lst_night_c":21.43,"lst_night_k":294.58,"lst_night_dn":14729,"qc_night":65,"modis_row":834,"modis_col":658,"source_product":"MOD11A2.061","composite_start":"2026-09-14","units":"degC","scale_factor":0.02},"geometry":{"type":"Polygon","coordinates":[[[77.48449540485453,13.049999998828062],[77.49304966577358,13.049999998828062],[77.49043811742477,13.041666665495475],[77.4818841447879,13.041666665495475],[77.48449540485453,13.049999998828062]]]}},{"type":"Feature","properties":{"lst_c":29.77,"lst_k":302.92,"lst_day_dn":15146,"qc_day":0,"lst_night_c":21.59,"lst_night_k":294.74,"lst_night_dn":14737,"qc_night":65,"modis_row":834,"modis_col":659,"source_product":"MOD11A2.061","composite_start":"2026-09-14","units":"degC","scale_factor":0.02},"geometry":{"type":"Polygon","coordinates":[[[77.49304966577358,13.049999998828062],[77.50160392669264,13.049999998828062],[77.49899209006163,13.041666665495475],[77.49043811742477,13.041666665495475],[77.49304966577358,13.049999998828062]]]}},{"type":"Feature","properties":{"lst_c":29.99,"lst_k":303.14,"lst_day_dn":15157,"qc_day":17,"lst_night_c":21.39,"lst_night_k":294.54,"lst_night_dn":14727,"qc_night":81,"modis_row":834,"modis_col":660,"source_product":"MOD11A2.061","composite_start":"2026-09-14","units":"degC","scale_factor":0.02},"geometry":{"type":"Polygon","coordinates":[[[77.50160392669264,13.049999998828062],[77.5101581876117,13.049999998828062],[77.50754606269851,13.041666665495475],[77.49899209006163,13.041666665495475],[77.50160392669264,13.049999998828062]]]}},{"type":"Feature","properties":{"lst_c":30.75,"lst_k":303.9,"lst_day_dn":15195,"qc_day":17,"lst_night_c":20.95,"lst_night_k":294.1,"lst_night_dn":14705,"qc_night":81,"modis_row":834,"modis_col":661,"source_product":"MOD11A2.061","composite_start":"2026-09-14","units":"degC","scale_factor":0.02},"geometry":{"type":"Polygon","coordinates":[[[77.5101581876117,13.049999998828062],[77.51871244853076,13.049999998828062],[77.51610003533537,13.041666665495475],[77.50754606269851,13.041666665495475],[77.5101581876117,13.049999998828062]]]}},{"type":"Feature","properties":{"lst_c":30.41,"lst_k":303.56,"lst_day_dn":15178,"qc_day":17,"lst_night_c":19.75,"lst_night_k":292.9,"lst_night_dn":14645,"qc_night":81,"modis_row":834,"modis_col":662,"source_product":"MOD11A2.061","composite_start":"2026-09-14","units":"degC","scale_factor":0.02},"geometry":{"type":"Polygon","coordinates":[[[77.51871244853076,13.049999998828062],[77.52726670944982,13.049999998828062],[77.52465400797226,13.041666665495475],[77.51610003533537,13.041666665495475],[77.51871244853076,13.049999998828062]]]}},{"type":"Feature","properties":{"lst_c":29.75,"lst_k":302.9,"lst_day_dn":15145,"qc_day":0,"lst_night_c":null,"lst_night_k":null,"lst_night_dn":0,"qc_night":2,"modis_row":834,"modis_col":663,"source_product":"MOD11A2.061","composite_start":"2026-09-14","units":"degC","scale_factor":0.02},"geometry":{"type":"Polygon","coordinates":[[[77.52726670944982,13.049999998828062],[77.53582097036889,13.049999998828062],[77.53320798060912,13.041666665495475],[77.52465400797226,13.041666665495475],[77.52726670944982,13.049999998828062]]]}},{"type":"Feature","properties":{"lst_c":29.23,"lst_k":302.38,"lst_day_dn":15119,"qc_day":0,"lst_night_c":null,"lst_night_k":null,"lst_night_dn":0,"qc_night":2,"modis_row":834,"modis_col":664,"source_product":"MOD11A2.061","composite_start":"2026-09-14","units":"degC","scale_factor":0.02},"geometry":{"type":"Polygon","coordinates":[[[77.53582097036889,13.049999998828062],[77.54437523128794,13.049999998828062],[77.54176195324601,13.041666665495475],[77.53320798060912,13.041666665495475],[77.53582097036889,13.049999998828062]]]}},{"type":"Feature","properties":{"lst_c":29.43,"lst_k":302.58,"lst_day_dn":15129,"qc_day":81,"lst_night_c":21.29,"lst_night_k":294.44,"lst_night_dn":14722,"qc_night":81,"modis_row":834,"modis_col":665,"source_product":"MOD11A2.061","composite_start":"2026-09-14","units":"degC","scale_factor":0.02},"geometry":{"type":"Polygon","coordinates":[[[77.54437523128794,13.049999998828062],[77.55292949220701,13.049999998828062],[77.55031592588287,13.041666665495475],[77.54176195324601,13.041666665495475],[77.54437523128794,13.049999998828062]]]}},{"type":"Feature","properties":{"lst_c":29.47,"lst_k":302.62,"lst_day_dn":15131,"qc_day":0,"lst_night_c":22.29,"lst_night_k":295.44,"lst_night_dn":14772,"qc_night":81,"modis_row":834,"modis_col":666,"source_product":"MOD11A2.061","composite_start":"2026-09-14","units":"degC","scale_factor":0.02},"geometry":{"type":"Polygon","coordinates":[[[77.55292949220701,13.049999998828062],[77.56148375312607,13.049999998828062],[77.55886989851975,13.041666665495475],[77.55031592588287,13.041666665495475],[77.55292949220701,13.049999998828062]]]}},{"type":"Feature","properties":{"lst_c":29.67,"lst_k":302.82,"lst_day_dn":15141,"qc_day":17,"lst_night_c":22.87,"lst_night_k":296.02,"lst_night_dn":14801,"qc_night":81,"modis_row":834,"modis_col":667,"source_product":"MOD11A2.061","composite_start":"2026-09-14","units":"degC","scale_factor":0.02},"geometry":{"type":"Polygon","coordinates":[[[77.56148375312607,13.049999998828062],[77.57003801404514,13.049999998828062],[77.56742387115662,13.041666665495475],[77.55886989851975,13.041666665495475],[77.56148375312607,13.049999998828062]]]}},{"type":"Feature","properties":{"lst_c":30.05,"lst_k":303.2,"lst_day_dn":15160,"qc_day":17,"lst_night_c":22.77,"lst_night_k":295.92,"lst_night_dn":14796,"qc_night":0,"modis_row":834,"modis_col":668,"source_product":"MOD11A2.061","composite_start":"2026-09-14","units":"degC","scale_factor":0.02},"geometry":{"type":"Polygon","coordinates":[[[77.57003801404514,13.049999998828062],[77.5785922749642,13.049999998828062],[77.5759778437935,13.041666665495475],[77.56742387115662,13.041666665495475],[77.57003801404514,13.049999998828062]]]}},{"type":"Feature","properties":{"lst_c":29.89,"lst_k":303.04,"lst_day_dn":15152,"qc_day":0,"lst_night_c":22.29,"lst_night_k":295.44,"lst_night_dn":14772,"qc_night":17,"modis_row":834,"modis_col":669,"source_product":"MOD11A2.061","composite_start":"2026-09-14","units":"degC","scale_factor":0.02},"geometry":{"type":"Polygon","coordinates":[[[77.5785922749642,13.049999998828062],[77.58714653588326,13.049999998828062],[77.58453181643037,13.041666665495475],[77.5759778437935,13.041666665495475],[77.5785922749642,13.049999998828062]]]}},{"type":"Feature","properties":{"lst_c":30.73,"lst_k":303.88,"lst_day_dn":15194,"qc_day":0,"lst_night_c":21.05,"lst_night_k":294.2,"lst_night_dn":14710,"qc_night":17,"modis_row":834,"modis_col":670,"source_product":"MOD11A2.061","composite_start":"2026-09-14","units":"degC","scale_factor":0.02},"geometry":{"type":"Polygon","coordinates":[[[77.58714653588326,13.049999998828062],[77.59570079680232,13.049999998828062],[77.59308578906725,13.041666665495475],[77.58453181643037,13.041666665495475],[77.58714653588326,13.049999998828062]]]}},{"type":"Feature","properties":{"lst_c":30.67,"lst_k":303.82,"lst_day_dn":15191,"qc_day":0,"lst_night_c":21.23,"lst_night_k":294.38,"lst_night_dn":14719,"qc_night":0,"modis_row":834,"modis_col":671,"source_product":"MOD11A2.061","composite_start":"2026-09-14","units":"degC","scale_factor":0.02},"geometry":{"type":"Polygon","coordinates":[[[77.59570079680232,13.049999998828062],[77.60425505772137,13.049999998828062],[77.60163976170412,13.041666665495475],[77.59308578906725,13.041666665495475],[77.59570079680232,13.049999998828062]]]}},{"type":"Feature","properties":{"lst_c":30.17,"lst_k":303.32,"lst_day_dn":15166,"qc_day":0,"lst_night_c":22.91,"lst_night_k":296.06,"lst_night_dn":14803,"qc_night":0,"modis_row":834,"modis_col":672,"source_product":"MOD11A2.061","composite_start":"2026-09-14","units":"degC","scale_factor":0.02},"geometry":{"type":"Polygon","coordinates":[[[77.60425505772137,13.049999998828062],[77.61280931864044,13.049999998828062],[77.61019373434098,13.041666665495475],[77.60163976170412,13.041666665495475],[77.60425505772137,13.049999998828062]]]}},{"type":"Feature","properties":{"lst_c":30.63,"lst_k":303.78,"lst_day_dn":15189,"qc_day":17,"lst_night_c":23.69,"lst_night_k":296.84,"lst_night_dn":14842,"qc_night":81,"modis_row":834,"modis_col":673,"source_product":"MOD11A2.061","composite_start":"2026-09-14","units":"degC","scale_factor":0.02},"geometry":{"type":"Polygon","coordinates":[[[77.61280931864044,13.049999998828062],[77.6213635795595,13.049999998828062],[77.61874770697786,13.041666665495475],[77.61019373434098,13.041666665495475],[77.61280931864044,13.049999998828062]]]}},{"type":"Feature","properties":{"lst_c":30.35,"lst_k":303.5,"lst_day_dn":15175,"qc_day":0,"lst_night_c":23.87,"lst_night_k":297.02,"lst_night_dn":14851,"qc_night":81,"modis_row":834,"modis_col":674,"source_product":"MOD11A2.061","composite_start":"2026-09-14","units":"degC","scale_factor":0.02},"geometry":{"type":"Polygon","coordinates":[[[77.6213635795595,13.049999998828062],[77.62991784047856,13.049999998828062],[77.62730167961472,13.041666665495475],[77.61874770697786,13.041666665495475],[77.6213635795595,13.049999998828062]]]}},{"type":"Feature","properties":{"lst_c":30.17,"lst_k":303.32,"lst_day_dn":15166,"qc_day":17,"lst_night_c":22.87,"lst_night_k":296.02,"lst_night_dn":14801,"qc_night":65,"modis_row":834,"modis_col":675,"source_product":"MOD11A2.061","composite_start":"2026-09-14","units":"degC","scale_factor":0.02},"geometry":{"type":"Polygon","coordinates":[[[77.62991784047856,13.049999998828062],[77.63847210139761,13.049999998828062],[77.63585565225159,13.041666665495475],[77.62730167961472,13.041666665495475],[77.62991784047856,13.049999998828062]]]}},{"type":"Feature","properties":{"lst_c":29.99,"lst_k":303.14,"lst_day_dn":15157,"qc_day":0,"lst_night_c":22.09,"lst_night_k":295.24,"lst_night_dn":14762,"qc_night":65,"modis_row":834,"modis_col":676,"source_product":"MOD11A2.061","composite_start":"2026-09-14","units":"degC","scale_factor":0.02},"geometry":{"type":"Polygon","coordinates":[[[77.63847210139761,13.049999998828062],[77.64702636231668,13.049999998828062],[77.64440962488845,13.041666665495475],[77.63585565225159,13.041666665495475],[77.63847210139761,13.049999998828062]]]}},{"type":"Feature","properties":{"lst_c":29.95,"lst_k":303.1,"lst_day_dn":15155,"qc_day":0,"lst_night_c":21.81,"lst_night_k":294.96,"lst_night_dn":14748,"qc_night":65,"modis_row":834,"modis_col":677,"source_product":"MOD11A2.061","composite_start":"2026-09-14","units":"degC","scale_factor":0.02},"geometry":{"type":"Polygon","coordinates":[[[77.64702636231668,13.049999998828062],[77.65558062323574,13.049999998828062],[77.65296359752534,13.041666665495475],[77.64440962488845,13.041666665495475],[77.64702636231668,13.049999998828062]]]}},{"type":"Feature","properties":{"lst_c":29.09,"lst_k":302.24,"lst_day_dn":15112,"qc_day":0,"lst_night_c":20.63,"lst_night_k":293.78,"lst_night_dn":14689,"qc_night":65,"modis_row":834,"modis_col":678,"source_product":"MOD11A2.061","composite_start":"2026-09-14","units":"degC","scale_factor":0.02},"geometry":{"type":"Polygon","coordinates":[[[77.65558062323574,13.049999998828062],[77.6641348841548,13.049999998828062],[77.6615175701622,13.041666665495475],[77.65296359752534,13.041666665495475],[77.65558062323574,13.049999998828062]]]}},{"type":"Feature","properties":{"lst_c":29.01,"lst_k":302.16,"lst_day_dn":15108,"qc_day":0,"lst_night_c":null,"lst_night_k":null,"lst_night_dn":0,"qc_night":2,"modis_row":834,"modis_col":679,"source_product":"MOD11A2.061","composite_start":"2026-09-14","units":"degC","scale_factor":0.02},"geometry":{"type":"Polygon","coordinates":[[[77.6641348841548,13.049999998828062],[77.67268914507386,13.049999998828062],[77.67007154279908,13.041666665495475],[77.6615175701622,13.041666665495475],[77.6641348841548,13.049999998828062]]]}},{"type":"Feature","properties":{"lst_c":29.17,"lst_k":302.32,"lst_day_dn":15116,"qc_day":0,"lst_night_c":null,"lst_night_k":null,"lst_night_dn":0,"qc_night":2,"modis_row":834,"modis_col":680,"source_product":"MOD11A2.061","composite_start":"2026-09-14","units":"degC","scale_factor":0.02},"geometry":{"type":"Polygon","coordinates":[[[77.67268914507386,13.049999998828062],[77.68124340599293,13.049999998828062],[77.67862551543595,13.041666665495475],[77.67007154279908,13.041666665495475],[77.67268914507386,13.049999998828062]]]}},{"type":"Feature","properties":{"lst_c":29.21,"lst_k":302.36,"lst_day_dn":15118,"qc_day":0,"lst_night_c":null,"lst_night_k":null,"lst_night_dn":0,"qc_night":2,"modis_row":834,"modis_col":681,"source_product":"MOD11A2.061","composite_start":"2026-09-14","units":"degC","scale_factor":0.02},"geometry":{"type":"Polygon","coordinates":[[[77.68124340599293,13.049999998828062],[77.68979766691199,13.049999998828062],[77.68717948807283,13.041666665495475],[77.67862551543595,13.041666665495475],[77.68124340599293,13.049999998828062]]]}},{"type":"Feature","properties":{"lst_c":28.31,"lst_k":301.46,"lst_day_dn":15073,"qc_day":0,"lst_night_c":null,"lst_night_k":null,"lst_night_dn":0,"qc_night":2,"modis_row":834,"modis_col":682,"source_product":"MOD11A2.061","composite_start":"2026-09-14","units":"degC","scale_factor":0.02},"geometry":{"type":"Polygon","coordinates":[[[77.68979766691199,13.049999998828062],[77.69835192783106,13.049999998828062],[77.6957334607097,13.041666665495475],[77.68717948807283,13.041666665495475],[77.68979766691199,13.049999998828062]]]}},{"type":"Feature","properties":{"lst_c":27.85,"lst_k":301.0,"lst_day_dn":15050,"qc_day":0,"lst_night_c":null,"lst_night_k":null,"lst_night_dn":0,"qc_night":2,"modis_row":834,"modis_col":683,"source_product":"MOD11A2.061","composite_start":"2026-09-14","units":"degC","scale_factor":0.02},"geometry":{"type":"Polygon","coordinates":[[[77.69835192783106,13.049999998828062],[77.70690618875011,13.049999998828062],[77.70428743334658,13.041666665495475],[77.6957334607097,13.041666665495475],[77.69835192783106,13.049999998828062]]]}},{"type":"Feature","properties":{"lst_c":27.51,"lst_k":300.66,"lst_day_dn":15033,"qc_day":0,"lst_night_c":null,"lst_night_k":null,"lst_night_dn":0,"qc_night":2,"modis_row":834,"modis_col":684,"source_product":"MOD11A2.061","composite_start":"2026-09-14","units":"degC","scale_factor":0.02},"geometry":{"type":"Polygon","coordinates":[[[77.70690618875011,13.049999998828062],[77.71546044966918,13.049999998828062],[77.71284140598345,13.041666665495475],[77.70428743334658,13.041666665495475],[77.70690618875011,13.049999998828062]]]}},{"type":"Feature","properties":{"lst_c":27.31,"lst_k":300.46,"lst_day_dn":15023,"qc_day":0,"lst_night_c":null,"lst_night_k":null,"lst_night_dn":0,"qc_night":2,"modis_row":834,"modis_col":685,"source_product":"MOD11A2.061","composite_start":"2026-09-14","units":"degC","scale_factor":0.02},"geometry":{"type":"Polygon","coordinates":[[[77.71546044966918,13.049999998828062],[77.72401471058824,13.049999998828062],[77.72139537862033,13.041666665495475],[77.71284140598345,13.041666665495475],[77.71546044966918,13.049999998828062]]]}},{"type":"Feature","properties":{"lst_c":27.13,"lst_k":300.28,"lst_day_dn":15014,"qc_day":0,"lst_night_c":null,"lst_night_k":null,"lst_night_dn":0,"qc_night":2,"modis_row":834,"modis_col":686,"source_product":"MOD11A2.061","composite_start":"2026-09-14","units":"degC","scale_factor":0.02},"geometry":{"type":"Polygon","coordinates":[[[77.72401471058824,13.049999998828062],[77.7325689715073,13.049999998828062],[77.72994935125719,13.041666665495475],[77.72139537862033,13.041666665495475],[77.72401471058824,13.049999998828062]]]}},{"type":"Feature","properties":{"lst_c":27.17,"lst_k":300.32,"lst_day_dn":15016,"qc_day":0,"lst_night_c":null,"lst_night_k":null,"lst_night_dn":0,"qc_night":2,"modis_row":834,"modis_col":687,"source_product":"MOD11A2.061","composite_start":"2026-09-14","units":"degC","scale_factor":0.02},"geometry":{"type":"Polygon","coordinates":[[[77.7325689715073,13.049999998828062],[77.74112323242636,13.049999998828062],[77.73850332389407,13.041666665495475],[77.72994935125719,13.041666665495475],[77.7325689715073,13.049999998828062]]]}},{"type":"Feature","properties":{"lst_c":27.27,"lst_k":300.42,"lst_day_dn":15021,"qc_day":0,"lst_night_c":null,"lst_night_k":null,"lst_night_dn":0,"qc_night":2,"modis_row":834,"modis_col":688,"source_product":"MOD11A2.061","composite_start":"2026-09-14","units":"degC","scale_factor":0.02},"geometry":{"type":"Polygon","coordinates":[[[77.74112323242636,13.049999998828062],[77.74967749334542,13.049999998828062],[77.74705729653094,13.041666665495475],[77.73850332389407,13.041666665495475],[77.74112323242636,13.049999998828062]]]}},{"type":"Feature","properties":{"lst_c":27.63,"lst_k":300.78,"lst_day_dn":15039,"qc_day":0,"lst_night_c":null,"lst_night_k":null,"lst_night_dn":0,"qc_night":2,"modis_row":834,"modis_col":689,"source_product":"MOD11A2.061","composite_start":"2026-09-14","units":"degC","scale_factor":0.02},"geometry":{"type":"Polygon","coordinates":[[[77.74967749334542,13.049999998828062],[77.75823175426446,13.049999998828062],[77.7556112691678,13.041666665495475],[77.74705729653094,13.041666665495475],[77.74967749334542,13.049999998828062]]]}},{"type":"Feature","properties":{"lst_c":27.55,"lst_k":300.7,"lst_day_dn":15035,"qc_day":0,"lst_night_c":null,"lst_night_k":null,"lst_night_dn":0,"qc_night":2,"modis_row":834,"modis_col":690,"source_product":"MOD11A2.061","composite_start":"2026-09-14","units":"degC","scale_factor":0.02},"geometry":{"type":"Polygon","coordinates":[[[77.75823175426446,13.049999998828062],[77.76678601518353,13.049999998828062],[77.76416524180468,13.041666665495475],[77.7556112691678,13.041666665495475],[77.75823175426446,13.049999998828062]]]}},{"type":"Feature","properties":{"lst_c":27.43,"lst_k":300.58,"lst_day_dn":15029,"qc_day":0,"lst_night_c":null,"lst_night_k":null,"lst_night_dn":0,"qc_night":2,"modis_row":834,"modis_col":691,"source_product":"MOD11A2.061","composite_start":"2026-09-14","units":"degC","scale_factor":0.02},"geometry":{"type":"Polygon","coordinates":[[[77.76678601518353,13.049999998828062],[77.77534027610258,13.049999998828062],[77.77271921444154,13.041666665495475],[77.76416524180468,13.041666665495475],[77.76678601518353,13.049999998828062]]]}},{"type":"Feature","properties":{"lst_c":27.25,"lst_k":300.4,"lst_day_dn":15020,"qc_day":0,"lst_night_c":null,"lst_night_k":null,"lst_night_dn":0,"qc_night":2,"modis_row":834,"modis_col":692,"source_product":"MOD11A2.061","composite_start":"2026-09-14","units":"degC","scale_factor":0.02},"geometry":{"type":"Polygon","coordinates":[[[77.77534027610258,13.049999998828062],[77.78389453702165,13.049999998828062],[77.78127318707843,13.041666665495475],[77.77271921444154,13.041666665495475],[77.77534027610258,13.049999998828062]]]}},{"type":"Feature","properties":{"lst_c":27.11,"lst_k":300.26,"lst_day_dn":15013,"qc_day":0,"lst_night_c":null,"lst_night_k":null,"lst_night_dn":0,"qc_night":2,"modis_row":834,"modis_col":693,"source_product":"MOD11A2.061","composite_start":"2026-09-14","units":"degC","scale_factor":0.02},"geometry":{"type":"Polygon","coordinates":[[[77.78389453702165,13.049999998828062],[77.79244879794071,13.049999998828062],[77.78982715971529,13.041666665495475],[77.78127318707843,13.041666665495475],[77.78389453702165,13.049999998828062]]]}},{"type":"Feature","properties":{"lst_c":27.17,"lst_k":300.32,"lst_day_dn":15016,"qc_day":0,"lst_night_c":null,"lst_night_k":null,"lst_night_dn":0,"qc_night":2,"modis_row":834,"modis_col":694,"source_product":"MOD11A2.061","composite_start":"2026-09-14","units":"degC","scale_factor":0.02},"geometry":{"type":"Polygon","coordinates":[[[77.79244879794071,13.049999998828062],[77.80100305885976,13.049999998828062],[77.79838113235216,13.041666665495475],[77.78982715971529,13.041666665495475],[77.79244879794071,13.049999998828062]]]}},{"type":"Feature","properties":{"lst_c":27.37,"lst_k":300.52,"lst_day_dn":15026,"qc_day":0,"lst_night_c":null,"lst_night_k":null,"lst_night_dn":0,"qc_night":2,"modis_row":834,"modis_col":695,"source_product":"MOD11A2.061","composite_start":"2026-09-14","units":"degC","scale_factor":0.02},"geometry":{"type":"Polygon","coordinates":[[[77.80100305885976,13.049999998828062],[77.80955731977883,13.049999998828062],[77.80693510498904,13.041666665495475],[77.79838113235216,13.041666665495475],[77.80100305885976,13.049999998828062]]]}},{"type":"Feature","properties":{"lst_c":27.55,"lst_k":300.7,"lst_day_dn":15035,"qc_day":0,"lst_night_c":null,"lst_night_k":null,"lst_night_dn":0,"qc_night":2,"modis_row":834,"modis_col":696,"source_product":"MOD11A2.061","composite_start":"2026-09-14","units":"degC","scale_factor":0.02},"geometry":{"type":"Polygon","coordinates":[[[77.80955731977883,13.049999998828062],[77.81811158069789,13.049999998828062],[77.81548907762591,13.041666665495475],[77.80693510498904,13.041666665495475],[77.80955731977883,13.049999998828062]]]}},{"type":"Feature","properties":{"lst_c":31.65,"lst_k":304.8,"lst_day_dn":15240,"qc_day":0,"lst_night_c":19.93,"lst_night_k":293.08,"lst_night_dn":14654,"qc_night":0,"modis_row":835,"modis_col":653,"source_product":"MOD11A2.061","composite_start":"2026-09-14","units":"degC","scale_factor":0.02},"geometry":{"type":"Polygon","coordinates":[[[77.43911428160354,13.041666665495475],[77.44766825424041,13.041666665495475],[77.44505996143666,13.033333332162893],[77.4365062768816,13.033333332162893],[77.43911428160354,13.041666665495475]]]}},{"type":"Feature","properties":{"lst_c":30.65,"lst_k":303.8,"lst_day_dn":15190,"qc_day":0,"lst_night_c":19.71,"lst_night_k":292.86,"lst_night_dn":14643,"qc_night":0,"modis_row":835,"modis_col":654,"source_product":"MOD11A2.061","composite_start":"2026-09-14","units":"degC","scale_factor":0.02},"geometry":{"type":"Polygon","coordinates":[[[77.44766825424041,13.041666665495475],[77.45622222687729,13.041666665495475],[77.4536136459917,13.033333332162893],[77.44505996143666,13.033333332162893],[77.44766825424041,13.041666665495475]]]}},{"type":"Feature","properties":{"lst_c":30.55,"lst_k":303.7,"lst_day_dn":15185,"qc_day":0,"lst_night_c":19.89,"lst_night_k":293.04,"lst_night_dn":14652,"qc_night":0,"modis_row":835,"modis_col":655,"source_product":"MOD11A2.061","composite_start":"2026-09-14","units":"degC","scale_factor":0.02},"geometry":{"type":"Polygon","coordinates":[[[77.45622222687729,13.041666665495475],[77.46477619951415,13.041666665495475],[77.46216733054675,13.033333332162893],[77.4536136459917,13.033333332162893],[77.45622222687729,13.041666665495475]]]}},{"type":"Feature","properties":{"lst_c":30.75,"lst_k":303.9,"lst_day_dn":15195,"qc_day":0,"lst_night_c":19.65,"lst_night_k":292.8,"lst_night_dn":14640,"qc_night":0,"modis_row":835,"modis_col":656,"source_product":"MOD11A2.061","composite_start":"2026-09-14","units":"degC","scale_factor":0.02},"geometry":{"type":"Polygon","coordinates":[[[77.46477619951415,13.041666665495475],[77.47333017215104,13.041666665495475],[77.47072101510182,13.033333332162893],[77.46216733054675,13.033333332162893],[77.46477619951415,13.041666665495475]]]}},{"type":"Feature","properties":{"lst_c":31.19,"lst_k":304.34,"lst_day_dn":15217,"qc_day":0,"lst_night_c":19.65,"lst_night_k":292.8,"lst_night_dn":14640,"qc_night":65,"modis_row":835,"modis_col":657,"source_product":"MOD11A2.061","composite_start":"2026-09-14","units":"degC","scale_factor":0.02},"geometry":{"type":"Polygon","coordinates":[[[77.47333017215104,13.041666665495475],[77.4818841447879,13.041666665495475],[77.47927469965686,13.033333332162893],[77.47072101510182,13.033333332162893],[77.47333017215104,13.041666665495475]]]}},{"type":"Feature","properties":{"lst_c":30.53,"lst_k":303.68,"lst_day_dn":15184,"qc_day":0,"lst_night_c":20.67,"lst_night_k":293.82,"lst_night_dn":14691,"qc_night":65,"modis_row":835,"modis_col":658,"source_product":"MOD11A2.061","composite_start":"2026-09-14","units":"degC","scale_factor":0.02},"geometry":{"type":"Polygon","coordinates":[[[77.4818841447879,13.041666665495475],[77.49043811742477,13.041666665495475],[77.48782838421191,13.033333332162893],[77.47927469965686,13.033333332162893],[77.4818841447879,13.041666665495475]]]}},{"type":"Feature","properties":{"lst_c":29.71,"lst_k":302.86,"lst_day_dn":15143,"qc_day":0,"lst_night_c":21.75,"lst_night_k":294.9,"lst_night_dn":14745,"qc_night":65,"modis_row":835,"modis_col":659,"source_product":"MOD11A2.061","composite_start":"2026-09-14","units":"degC","scale_factor":0.02},"geometry":{"type":"Polygon","coordinates":[[[77.49043811742477,13.041666665495475],[77.49899209006163,13.041666665495475],[77.49638206876695,13.033333332162893],[77.48782838421191,13.033333332162893],[77.49043811742477,13.041666665495475]]]}},{"type":"Feature","properties":{"lst_c":29.75,"lst_k":302.9,"lst_day_dn":15145,"qc_day":0,"lst_night_c":21.37,"lst_night_k":294.52,"lst_night_dn":14726,"qc_night":65,"modis_row":835,"modis_col":660,"source_product":"MOD11A2.061","composite_start":"2026-09-14","units":"degC","scale_factor":0.02},"geometry":{"type":"Polygon","coordinates":[[[77.49899209006163,13.041666665495475],[77.50754606269851,13.041666665495475],[77.504935753322,13.033333332162893],[77.49638206876695,13.033333332162893],[77.49899209006163,13.041666665495475]]]}},{"type":"Feature","properties":{"lst_c":30.35,"lst_k":303.5,"lst_day_dn":15175,"qc_day":17,"lst_night_c":20.21,"lst_night_k":293.36,"lst_night_dn":14668,"qc_night":81,"modis_row":835,"modis_col":661,"source_product":"MOD11A2.061","composite_start":"2026-09-14","units":"degC","scale_factor":0.02},"geometry":{"type":"Polygon","coordinates":[[[77.50754606269851,13.041666665495475],[77.51610003533537,13.041666665495475],[77.51348943787706,13.033333332162893],[77.504935753322,13.033333332162893],[77.50754606269851,13.041666665495475]]]}},{"type":"Feature","properties":{"lst_c":31.01,"lst_k":304.16,"lst_day_dn":15208,"qc_day":81,"lst_night_c":19.97,"lst_night_k":293.12,"lst_night_dn":14656,"qc_night":81,"modis_row":835,"modis_col":662,"source_product":"MOD11A2.061","composite_start":"2026-09-14","units":"degC","scale_factor":0.02},"geometry":{"type":"Polygon","coordinates":[[[77.51610003533537,13.041666665495475],[77.52465400797226,13.041666665495475],[77.52204312243211,13.033333332162893],[77.51348943787706,13.033333332162893],[77.51610003533537,13.041666665495475]]]}},{"type":"Feature","properties":{"lst_c":31.17,"lst_k":304.32,"lst_day_dn":15216,"qc_day":81,"lst_night_c":null,"lst_night_k":null,"lst_night_dn":0,"qc_night":2,"modis_row":835,"modis_col":663,"source_product":"MOD11A2.061","composite_start":"2026-09-14","units":"degC","scale_factor":0.02},"geometry":{"type":"Polygon","coordinates":[[[77.52465400797226,13.041666665495475],[77.53320798060912,13.041666665495475],[77.53059680698715,13.033333332162893],[77.52204312243211,13.033333332162893],[77.52465400797226,13.041666665495475]]]}},{"type":"Feature","properties":{"lst_c":30.59,"lst_k":303.74,"lst_day_dn":15187,"qc_day":81,"lst_night_c":19.99,"lst_night_k":293.14,"lst_night_dn":14657,"qc_night":81,"modis_row":835,"modis_col":664,"source_product":"MOD11A2.061","composite_start":"2026-09-14","units":"degC","scale_factor":0.02},"geometry":{"type":"Polygon","coordinates":[[[77.53320798060912,13.041666665495475],[77.54176195324601,13.041666665495475],[77.53915049154222,13.033333332162893],[77.53059680698715,13.033333332162893],[77.53320798060912,13.041666665495475]]]}},{"type":"Feature","properties":{"lst_c":30.13,"lst_k":303.28,"lst_day_dn":15164,"qc_day":0,"lst_night_c":20.99,"lst_night_k":294.14,"lst_night_dn":14707,"qc_night":81,"modis_row":835,"modis_col":665,"source_product":"MOD11A2.061","composite_start":"2026-09-14","units":"degC","scale_factor":0.02},"geometry":{"type":"Polygon","coordinates":[[[77.54176195324601,13.041666665495475],[77.55031592588287,13.041666665495475],[77.54770417609727,13.033333332162893],[77.53915049154222,13.033333332162893],[77.54176195324601,13.041666665495475]]]}},{"type":"Feature","properties":{"lst_c":29.99,"lst_k":303.14,"lst_day_dn":15157,"qc_day":81,"lst_night_c":22.99,"lst_night_k":296.14,"lst_night_dn":14807,"qc_night":81,"modis_row":835,"modis_col":666,"source_product":"MOD11A2.061","composite_start":"2026-09-14","units":"degC","scale_factor":0.02},"geometry":{"type":"Polygon","coordinates":[[[77.55031592588287,13.041666665495475],[77.55886989851975,13.041666665495475],[77.55625786065231,13.033333332162893],[77.54770417609727,13.033333332162893],[77.55031592588287,13.041666665495475]]]}},{"type":"Feature","properties":{"lst_c":29.93,"lst_k":303.08,"lst_day_dn":15154,"qc_day":81,"lst_night_c":23.21,"lst_night_k":296.36,"lst_night_dn":14818,"qc_night":81,"modis_row":835,"modis_col":667,"source_product":"MOD11A2.061","composite_start":"2026-09-14","units":"degC","scale_factor":0.02},"geometry":{"type":"Polygon","coordinates":[[[77.55886989851975,13.041666665495475],[77.56742387115662,13.041666665495475],[77.56481154520738,13.033333332162893],[77.55625786065231,13.033333332162893],[77.55886989851975,13.041666665495475]]]}},{"type":"Feature","properties":{"lst_c":29.85,"lst_k":303.0,"lst_day_dn":15150,"qc_day":81,"lst_night_c":22.73,"lst_night_k":295.88,"lst_night_dn":14794,"qc_night":81,"modis_row":835,"modis_col":668,"source_product":"MOD11A2.061","composite_start":"2026-09-14","units":"degC","scale_factor":0.02},"geometry":{"type":"Polygon","coordinates":[[[77.56742387115662,13.041666665495475],[77.5759778437935,13.041666665495475],[77.57336522976243,13.033333332162893],[77.56481154520738,13.033333332162893],[77.56742387115662,13.041666665495475]]]}},{"type":"Feature","properties":{"lst_c":29.51,"lst_k":302.66,"lst_day_dn":15133,"qc_day":81,"lst_night_c":22.39,"lst_night_k":295.54,"lst_night_dn":14777,"qc_night":81,"modis_row":835,"modis_col":669,"source_product":"MOD11A2.061","composite_start":"2026-09-14","units":"degC","scale_factor":0.02},"geometry":{"type":"Polygon","coordinates":[[[77.5759778437935,13.041666665495475],[77.58453181643037,13.041666665495475],[77.58191891431747,13.033333332162893],[77.57336522976243,13.033333332162893],[77.5759778437935,13.041666665495475]]]}},{"type":"Feature","properties":{"lst_c":30.01,"lst_k":303.16,"lst_day_dn":15158,"qc_day":17,"lst_night_c":21.69,"lst_night_k":294.84,"lst_night_dn":14742,"qc_night":81,"modis_row":835,"modis_col":670,"source_product":"MOD11A2.061","composite_start":"2026-09-14","units":"degC","scale_factor":0.02},"geometry":{"type":"Polygon","coordinates":[[[77.58453181643037,13.041666665495475],[77.59308578906725,13.041666665495475],[77.59047259887252,13.033333332162893],[77.58191891431747,13.033333332162893],[77.58453181643037,13.041666665495475]]]}},{"type":"Feature","properties":{"lst_c":30.47,"lst_k":303.62,"lst_day_dn":15181,"qc_day":81,"lst_night_c":22.37,"lst_night_k":295.52,"lst_night_dn":14776,"qc_night":81,"modis_row":835,"modis_col":671,"source_product":"MOD11A2.061","composite_start":"2026-09-14","units":"degC","scale_factor":0.02},"geometry":{"type":"Polygon","coordinates":[[[77.59308578906725,13.041666665495475],[77.60163976170412,13.041666665495475],[77.59902628342759,13.033333332162893],[77.59047259887252,13.033333332162893],[77.59308578906725,13.041666665495475]]]}},{"type":"Feature","properties":{"lst_c":30.67,"lst_k":303.82,"lst_day_dn":15191,"qc_day":81,"lst_night_c":22.67,"lst_night_k":295.82,"lst_night_dn":14791,"qc_night":81,"modis_row":835,"modis_col":672,"source_product":"MOD11A2.061","composite_start":"2026-09-14","units":"degC","scale_factor":0.02},"geometry":{"type":"Polygon","coordinates":[[[77.60163976170412,13.041666665495475],[77.61019373434098,13.041666665495475],[77.60757996798263,13.033333332162893],[77.59902628342759,13.033333332162893],[77.60163976170412,13.041666665495475]]]}},{"type":"Feature","properties":{"lst_c":30.59,"lst_k":303.74,"lst_day_dn":15187,"qc_day":81,"lst_night_c":23.09,"lst_night_k":296.24,"lst_night_dn":14812,"qc_night":81,"modis_row":835,"modis_col":673,"source_product":"MOD11A2.061","composite_start":"2026-09-14","units":"degC","scale_factor":0.02},"geometry":{"type":"Polygon","coordinates":[[[77.61019373434098,13.041666665495475],[77.61874770697786,13.041666665495475],[77.61613365253768,13.033333332162893],[77.60757996798263,13.033333332162893],[77.61019373434098,13.041666665495475]]]}},{"type":"Feature","properties":{"lst_c":30.53,"lst_k":303.68,"lst_day_dn":15184,"qc_day":17,"lst_night_c":23.21,"lst_night_k":296.36,"lst_night_dn":14818,"qc_night":81,"modis_row":835,"modis_col":674,"source_product":"MOD11A2.061","composite_start":"2026-09-14","units":"degC","scale_factor":0.02},"geometry":{"type":"Polygon","coordinates":[[[77.61874770697786,13.041666665495475],[77.62730167961472,13.041666665495475],[77.62468733709272,13.033333332162893],[77.61613365253768,13.033333332162893],[77.61874770697786,13.041666665495475]]]}},{"type":"Feature","properties":{"lst_c":30.19,"lst_k":303.34,"lst_day_dn":15167,"qc_day":17,"lst_night_c":22.63,"lst_night_k":295.78,"lst_night_dn":14789,"qc_night":81,"modis_row":835,"modis_col":675,"source_product":"MOD11A2.061","composite_start":"2026-09-14","units":"degC","scale_factor":0.02},"geometry":{"type":"Polygon","coordinates":[[[77.62730167961472,13.041666665495475],[77.63585565225159,13.041666665495475],[77.63324102164778,13.033333332162893],[77.62468733709272,13.033333332162893],[77.62730167961472,13.041666665495475]]]}},{"type":"Feature","properties":{"lst_c":29.77,"lst_k":302.92,"lst_day_dn":15146,"qc_day":0,"lst_night_c":21.93,"lst_night_k":295.08,"lst_night_dn":14754,"qc_night":65,"modis_row":835,"modis_col":676,"source_product":"MOD11A2.061","composite_start":"2026-09-14","units":"degC","scale_factor":0.02},"geometry":{"type":"Polygon","coordinates":[[[77.63585565225159,13.041666665495475],[77.64440962488845,13.041666665495475],[77.64179470620283,13.033333332162893],[77.63324102164778,13.033333332162893],[77.63585565225159,13.041666665495475]]]}},{"type":"Feature","properties":{"lst_c":29.65,"lst_k":302.8,"lst_day_dn":15140,"qc_day":0,"lst_night_c":21.57,"lst_night_k":294.72,"lst_night_dn":14736,"qc_night":65,"modis_row":835,"modis_col":677,"source_product":"MOD11A2.061","composite_start":"2026-09-14","units":"degC","scale_factor":0.02},"geometry":{"type":"Polygon","coordinates":[[[77.64440962488845,13.041666665495475],[77.65296359752534,13.041666665495475],[77.65034839075788,13.033333332162893],[77.64179470620283,13.033333332162893],[77.64440962488845,13.041666665495475]]]}},{"type":"Feature","properties":{"lst_c":29.53,"lst_k":302.68,"lst_day_dn":15134,"qc_day":0,"lst_night_c":null,"lst_night_k":null,"lst_night_dn":0,"qc_night":2,"modis_row":835,"modis_col":678,"source_product":"MOD11A2.061","composite_start":"2026-09-14","units":"degC","scale_factor":0.02},"geometry":{"type":"Polygon","coordinates":[[[77.65296359752534,13.041666665495475],[77.6615175701622,13.041666665495475],[77.65890207531292,13.033333332162893],[77.65034839075788,13.033333332162893],[77.65296359752534,13.041666665495475]]]}},{"type":"Feature","properties":{"lst_c":29.57,"lst_k":302.72,"lst_day_dn":15136,"qc_day":0,"lst_night_c":null,"lst_night_k":null,"lst_night_dn":0,"qc_night":2,"modis_row":835,"modis_col":679,"source_product":"MOD11A2.061","composite_start":"2026-09-14","units":"degC","scale_factor":0.02},"geometry":{"type":"Polygon","coordinates":[[[77.6615175701622,13.041666665495475],[77.67007154279908,13.041666665495475],[77.66745575986799,13.033333332162893],[77.65890207531292,13.033333332162893],[77.6615175701622,13.041666665495475]]]}},{"type":"Feature","properties":{"lst_c":29.71,"lst_k":302.86,"lst_day_dn":15143,"qc_day":0,"lst_night_c":null,"lst_night_k":null,"lst_night_dn":0,"qc_night":2,"modis_row":835,"modis_col":680,"source_product":"MOD11A2.061","composite_start":"2026-09-14","units":"degC","scale_factor":0.02},"geometry":{"type":"Polygon","coordinates":[[[77.67007154279908,13.041666665495475],[77.67862551543595,13.041666665495475],[77.67600944442304,13.033333332162893],[77.66745575986799,13.033333332162893],[77.67007154279908,13.041666665495475]]]}},{"type":"Feature","properties":{"lst_c":29.55,"lst_k":302.7,"lst_day_dn":15135,"qc_day":0,"lst_night_c":null,"lst_night_k":null,"lst_night_dn":0,"qc_night":2,"modis_row":835,"modis_col":681,"source_product":"MOD11A2.061","composite_start":"2026-09-14","units":"degC","scale_factor":0.02},"geometry":{"type":"Polygon","coordinates":[[[77.67862551543595,13.041666665495475],[77.68717948807283,13.041666665495475],[77.68456312897808,13.033333332162893],[77.67600944442304,13.033333332162893],[77.67862551543595,13.041666665495475]]]}},{"type":"Feature","properties":{"lst_c":28.67,"lst_k":301.82,"lst_day_dn":15091,"qc_day":0,"lst_night_c":null,"lst_night_k":null,"lst_night_dn":0,"qc_night":2,"modis_row":835,"modis_col":682,"source_product":"MOD11A2.061","composite_start":"2026-09-14","units":"degC","scale_factor":0.02},"geometry":{"type":"Polygon","coordinates":[[[77.68717948807283,13.041666665495475],[77.6957334607097,13.041666665495475],[77.69311681353315,13.033333332162893],[77.68456312897808,13.033333332162893],[77.68717948807283,13.041666665495475]]]}},{"type":"Feature","properties":{"lst_c":28.09,"lst_k":301.24,"lst_day_dn":15062,"qc_day":0,"lst_night_c":null,"lst_night_k":null,"lst_night_dn":0,"qc_night":2,"modis_row":835,"modis_col":683,"source_product":"MOD11A2.061","composite_start":"2026-09-14","units":"degC","scale_factor":0.02},"geometry":{"type":"Polygon","coordinates":[[[77.6957334607097,13.041666665495475],[77.70428743334658,13.041666665495475],[77.70167049808819,13.033333332162893],[77.69311681353315,13.033333332162893],[77.6957334607097,13.041666665495475]]]}},{"type":"Feature","properties":{"lst_c":27.81,"lst_k":300.96,"lst_day_dn":15048,"qc_day":0,"lst_night_c":null,"lst_night_k":null,"lst_night_dn":0,"qc_night":2,"modis_row":835,"modis_col":684,"source_product":"MOD11A2.061","composite_start":"2026-09-14","units":"degC","scale_factor":0.02},"geometry":{"type":"Polygon","coordinates":[[[77.70428743334658,13.041666665495475],[77.71284140598345,13.041666665495475],[77.71022418264324,13.033333332162893],[77.70167049808819,13.033333332162893],[77.70428743334658,13.041666665495475]]]}},{"type":"Feature","properties":{"lst_c":27.53,"lst_k":300.68,"lst_day_dn":15034,"qc_day":0,"lst_night_c":null,"lst_night_k":null,"lst_night_dn":0,"qc_night":2,"modis_row":835,"modis_col":685,"source_product":"MOD11A2.061","composite_start":"2026-09-14","units":"degC","scale_factor":0.02},"geometry":{"type":"Polygon","coordinates":[[[77.71284140598345,13.041666665495475],[77.72139537862033,13.041666665495475],[77.71877786719831,13.033333332162893],[77.71022418264324,13.033333332162893],[77.71284140598345,13.041666665495475]]]}},{"type":"Feature","properties":{"lst_c":27.21,"lst_k":300.36,"lst_day_dn":15018,"qc_day":0,"lst_night_c":null,"lst_night_k":null,"lst_night_dn":0,"qc_night":2,"modis_row":835,"modis_col":686,"source_product":"MOD11A2.061","composite_start":"2026-09-14","units":"degC","scale_factor":0.02},"geometry":{"type":"Polygon","coordinates":[[[77.72139537862033,13.041666665495475],[77.72994935125719,13.041666665495475],[77.72733155175335,13.033333332162893],[77.71877786719831,13.033333332162893],[77.72139537862033,13.041666665495475]]]}},{"type":"Feature","properties":{"lst_c":27.15,"lst_k":300.3,"lst_day_dn":15015,"qc_day":0,"lst_night_c":null,"lst_night_k":null,"lst_night_dn":0,"qc_night":2,"modis_row":835,"modis_col":687,"source_product":"MOD11A2.061","composite_start":"2026-09-14","units":"degC","scale_factor":0.02},"geometry":{"type":"Polygon","coordinates":[[[77.72994935125719,13.041666665495475],[77.73850332389407,13.041666665495475],[77.7358852363084,13.033333332162893],[77.72733155175335,13.033333332162893],[77.72994935125719,13.041666665495475]]]}},{"type":"Feature","properties":{"lst_c":27.31,"lst_k":300.46,"lst_day_dn":15023,"qc_day":0,"lst_night_c":null,"lst_night_k":null,"lst_night_dn":0,"qc_night":2,"modis_row":835,"modis_col":688,"source_product":"MOD11A2.061","composite_start":"2026-09-14","units":"degC","scale_factor":0.02},"geometry":{"type":"Polygon","coordinates":[[[77.73850332389407,13.041666665495475],[77.74705729653094,13.041666665495475],[77.74443892086346,13.033333332162893],[77.7358852363084,13.033333332162893],[77.73850332389407,13.041666665495475]]]}},{"type":"Feature","properties":{"lst_c":27.49,"lst_k":300.64,"lst_day_dn":15032,"qc_day":0,"lst_night_c":null,"lst_night_k":null,"lst_night_dn":0,"qc_night":2,"modis_row":835,"modis_col":689,"source_product":"MOD11A2.061","composite_start":"2026-09-14","units":"degC","scale_factor":0.02},"geometry":{"type":"Polygon","coordinates":[[[77.74705729653094,13.041666665495475],[77.7556112691678,13.041666665495475],[77.7529926054185,13.033333332162893],[77.74443892086346,13.033333332162893],[77.74705729653094,13.041666665495475]]]}},{"type":"Feature","properties":{"lst_c":27.45,"lst_k":300.6,"lst_day_dn":15030,"qc_day":0,"lst_night_c":null,"lst_night_k":null,"lst_night_dn":0,"qc_night":2,"modis_row":835,"modis_col":690,"source_product":"MOD11A2.061","composite_start":"2026-09-14","units":"degC","scale_factor":0.02},"geometry":{"type":"Polygon","coordinates":[[[77.7556112691678,13.041666665495475],[77.76416524180468,13.041666665495475],[77.76154628997355,13.033333332162893],[77.7529926054185,13.033333332162893],[77.7556112691678,13.041666665495475]]]}},{"type":"Feature","properties":{"lst_c":27.41,"lst_k":300.56,"lst_day_dn":15028,"qc_day":0,"lst_night_c":null,"lst_night_k":null,"lst_night_dn":0,"qc_night":2,"modis_row":835,"modis_col":691,"source_product":"MOD11A2.061","composite_start":"2026-09-14","units":"degC","scale_factor":0.02},"geometry":{"type":"Polygon","coordinates":[[[77.76416524180468,13.041666665495475],[77.77271921444154,13.041666665495475],[77.7700999745286,13.033333332162893],[77.76154628997355,13.033333332162893],[77.76416524180468,13.041666665495475]]]}},{"type":"Feature","properties":{"lst_c":27.29,"lst_k":300.44,"lst_day_dn":15022,"qc_day":0,"lst_night_c":null,"lst_night_k":null,"lst_night_dn":0,"qc_night":2,"modis_row":835,"modis_col":692,"source_product":"MOD11A2.061","composite_start":"2026-09-14","units":"degC","scale_factor":0.02},"geometry":{"type":"Polygon","coordinates":[[[77.77271921444154,13.041666665495475],[77.78127318707843,13.041666665495475],[77.77865365908364,13.033333332162893],[77.7700999745286,13.033333332162893],[77.77271921444154,13.041666665495475]]]}},{"type":"Feature","properties":{"lst_c":27.09,"lst_k":300.24,"lst_day_dn":15012,"qc_day":0,"lst_night_c":null,"lst_night_k":null,"lst_night_dn":0,"qc_night":2,"modis_row":835,"modis_col":693,"source_product":"MOD11A2.061","composite_start":"2026-09-14","units":"degC","scale_factor":0.02},"geometry":{"type":"Polygon","coordinates":[[[77.78127318707843,13.041666665495475],[77.78982715971529,13.041666665495475],[77.78720734363871,13.033333332162893],[77.77865365908364,13.033333332162893],[77.78127318707843,13.041666665495475]]]}},{"type":"Feature","properties":{"lst_c":27.19,"lst_k":300.34,"lst_day_dn":15017,"qc_day":0,"lst_night_c":null,"lst_night_k":null,"lst_night_dn":0,"qc_night":2,"modis_row":835,"modis_col":694,"source_product":"MOD11A2.061","composite_start":"2026-09-14","units":"degC","scale_factor":0.02},"geometry":{"type":"Polygon","coordinates":[[[77.78982715971529,13.041666665495475],[77.79838113235216,13.041666665495475],[77.79576102819377,13.033333332162893],[77.78720734363871,13.033333332162893],[77.78982715971529,13.041666665495475]]]}},{"type":"Feature","properties":{"lst_c":27.21,"lst_k":300.36,"lst_day_dn":15018,"qc_day":0,"lst_night_c":null,"lst_night_k":null,"lst_night_dn":0,"qc_night":2,"modis_row":835,"modis_col":695,"source_product":"MOD11A2.061","composite_start":"2026-09-14","units":"degC","scale_factor":0.02},"geometry":{"type":"Polygon","coordinates":[[[77.79838113235216,13.041666665495475],[77.80693510498904,13.041666665495475],[77.8043147127488,13.033333332162893],[77.79576102819377,13.033333332162893],[77.79838113235216,13.041666665495475]]]}},{"type":"Feature","properties":{"lst_c":27.25,"lst_k":300.4,"lst_day_dn":15020,"qc_day":0,"lst_night_c":null,"lst_night_k":null,"lst_night_dn":0,"qc_night":2,"modis_row":835,"modis_col":696,"source_product":"MOD11A2.061","composite_start":"2026-09-14","units":"degC","scale_factor":0.02},"geometry":{"type":"Polygon","coordinates":[[[77.80693510498904,13.041666665495475],[77.81548907762591,13.041666665495475],[77.81286839730386,13.033333332162893],[77.8043147127488,13.033333332162893],[77.80693510498904,13.041666665495475]]]}},{"type":"Feature","properties":{"lst_c":31.17,"lst_k":304.32,"lst_day_dn":15216,"qc_day":0,"lst_night_c":20.11,"lst_night_k":293.26,"lst_night_dn":14663,"qc_night":0,"modis_row":836,"modis_col":653,"source_product":"MOD11A2.061","composite_start":"2026-09-14","units":"degC","scale_factor":0.02},"geometry":{"type":"Polygon","coordinates":[[[77.4365062768816,13.033333332162893],[77.44505996143666,13.033333332162893],[77.44245348247334,13.024999998830307],[77.43390008579976,13.024999998830307],[77.4365062768816,13.033333332162893]]]}},{"type":"Feature","properties":{"lst_c":30.53,"lst_k":303.68,"lst_day_dn":15184,"qc_day":0,"lst_night_c":19.95,"lst_night_k":293.1,"lst_night_dn":14655,"qc_night":0,"modis_row":836,"modis_col":654,"source_product":"MOD11A2.061","composite_start":"2026-09-14","units":"degC","scale_factor":0.02},"geometry":{"type":"Polygon","coordinates":[[[77.44505996143666,13.033333332162893],[77.4536136459917,13.033333332162893],[77.4510068791469,13.024999998830307],[77.44245348247334,13.024999998830307],[77.44505996143666,13.033333332162893]]]}},{"type":"Feature","properties":{"lst_c":30.55,"lst_k":303.7,"lst_day_dn":15185,"qc_day":0,"lst_night_c":19.85,"lst_night_k":293.0,"lst_night_dn":14650,"qc_night":0,"modis_row":836,"modis_col":655,"source_product":"MOD11A2.061","composite_start":"2026-09-14","units":"degC","scale_factor":0.02},"geometry":{"type":"Polygon","coordinates":[[[77.4536136459917,13.033333332162893],[77.46216733054675,13.033333332162893],[77.45956027582046,13.024999998830307],[77.4510068791469,13.024999998830307],[77.4536136459917,13.033333332162893]]]}},{"type":"Feature","properties":{"lst_c":30.65,"lst_k":303.8,"lst_day_dn":15190,"qc_day":0,"lst_night_c":19.81,"lst_night_k":292.96,"lst_night_dn":14648,"qc_night":0,"modis_row":836,"modis_col":656,"source_product":"MOD11A2.061","composite_start":"2026-09-14","units":"degC","scale_factor":0.02},"geometry":{"type":"Polygon","coordinates":[[[77.46216733054675,13.033333332162893],[77.47072101510182,13.033333332162893],[77.46811367249404,13.024999998830307],[77.45956027582046,13.024999998830307],[77.46216733054675,13.033333332162893]]]}},{"type":"Feature","properties":{"lst_c":30.71,"lst_k":303.86,"lst_day_dn":15193,"qc_day":0,"lst_night_c":19.87,"lst_night_k":293.02,"lst_night_dn":14651,"qc_night":0,"modis_row":836,"modis_col":657,"source_product":"MOD11A2.061","composite_start":"2026-09-14","units":"degC","scale_factor":0.02},"geometry":{"type":"Polygon","coordinates":[[[77.47072101510182,13.033333332162893],[77.47927469965686,13.033333332162893],[77.4766670691676,13.024999998830307],[77.46811367249404,13.024999998830307],[77.47072101510182,13.033333332162893]]]}},{"type":"Feature","properties":{"lst_c":30.61,"lst_k":303.76,"lst_day_dn":15188,"qc_day":0,"lst_night_c":20.39,"lst_night_k":293.54,"lst_night_dn":14677,"qc_night":65,"modis_row":836,"modis_col":658,"source_product":"MOD11A2.061","composite_start":"2026-09-14","units":"degC","scale_factor":0.02},"geometry":{"type":"Polygon","coordinates":[[[77.47927469965686,13.033333332162893],[77.48782838421191,13.033333332162893],[77.48522046584117,13.024999998830307],[77.4766670691676,13.024999998830307],[77.47927469965686,13.033333332162893]]]}},{"type":"Feature","properties":{"lst_c":30.29,"lst_k":303.44,"lst_day_dn":15172,"qc_day":0,"lst_night_c":20.45,"lst_night_k":293.6,"lst_night_dn":14680,"qc_night":65,"modis_row":836,"modis_col":659,"source_product":"MOD11A2.061","composite_start":"2026-09-14","units":"degC","scale_factor":0.02},"geometry":{"type":"Polygon","coordinates":[[[77.48782838421191,13.033333332162893],[77.49638206876695,13.033333332162893],[77.49377386251473,13.024999998830307],[77.48522046584117,13.024999998830307],[77.48782838421191,13.033333332162893]]]}},{"type":"Feature","properties":{"lst_c":30.31,"lst_k":303.46,"lst_day_dn":15173,"qc_day":0,"lst_night_c":20.25,"lst_night_k":293.4,"lst_night_dn":14670,"qc_night":65,"modis_row":836,"modis_col":660,"source_product":"MOD11A2.061","composite_start":"2026-09-14","units":"degC","scale_factor":0.02},"geometry":{"type":"Polygon","coordinates":[[[77.49638206876695,13.033333332162893],[77.504935753322,13.033333332162893],[77.50232725918829,13.024999998830307],[77.49377386251473,13.024999998830307],[77.49638206876695,13.033333332162893]]]}},{"type":"Feature","properties":{"lst_c":30.77,"lst_k":303.92,"lst_day_dn":15196,"qc_day":17,"lst_night_c":19.87,"lst_night_k":293.02,"lst_night_dn":14651,"qc_night":81,"modis_row":836,"modis_col":661,"source_product":"MOD11A2.061","composite_start":"2026-09-14","units":"degC","scale_factor":0.02},"geometry":{"type":"Polygon","coordinates":[[[77.504935753322,13.033333332162893],[77.51348943787706,13.033333332162893],[77.51088065586185,13.024999998830307],[77.50232725918829,13.024999998830307],[77.504935753322,13.033333332162893]]]}},{"type":"Feature","properties":{"lst_c":31.57,"lst_k":304.72,"lst_day_dn":15236,"qc_day":81,"lst_night_c":19.57,"lst_night_k":292.72,"lst_night_dn":14636,"qc_night":81,"modis_row":836,"modis_col":662,"source_product":"MOD11A2.061","composite_start":"2026-09-14","units":"degC","scale_factor":0.02},"geometry":{"type":"Polygon","coordinates":[[[77.51348943787706,13.033333332162893],[77.52204312243211,13.033333332162893],[77.51943405253543,13.024999998830307],[77.51088065586185,13.024999998830307],[77.51348943787706,13.033333332162893]]]}},{"type":"Feature","properties":{"lst_c":31.57,"lst_k":304.72,"lst_day_dn":15236,"qc_day":81,"lst_night_c":null,"lst_night_k":null,"lst_night_dn":0,"qc_night":2,"modis_row":836,"modis_col":663,"source_product":"MOD11A2.061","composite_start":"2026-09-14","units":"degC","scale_factor":0.02},"geometry":{"type":"Polygon","coordinates":[[[77.52204312243211,13.033333332162893],[77.53059680698715,13.033333332162893],[77.527987449209,13.024999998830307],[77.51943405253543,13.024999998830307],[77.52204312243211,13.033333332162893]]]}},{"type":"Feature","properties":{"lst_c":31.05,"lst_k":304.2,"lst_day_dn":15210,"qc_day":81,"lst_night_c":20.53,"lst_night_k":293.68,"lst_night_dn":14684,"qc_night":81,"modis_row":836,"modis_col":664,"source_product":"MOD11A2.061","composite_start":"2026-09-14","units":"degC","scale_factor":0.02},"geometry":{"type":"Polygon","coordinates":[[[77.53059680698715,13.033333332162893],[77.53915049154222,13.033333332162893],[77.53654084588256,13.024999998830307],[77.527987449209,13.024999998830307],[77.53059680698715,13.033333332162893]]]}},{"type":"Feature","properties":{"lst_c":30.45,"lst_k":303.6,"lst_day_dn":15180,"qc_day":81,"lst_night_c":20.61,"lst_night_k":293.76,"lst_night_dn":14688,"qc_night":81,"modis_row":836,"modis_col":665,"source_product":"MOD11A2.061","composite_start":"2026-09-14","units":"degC","scale_factor":0.02},"geometry":{"type":"Polygon","coordinates":[[[77.53915049154222,13.033333332162893],[77.54770417609727,13.033333332162893],[77.54509424255612,13.024999998830307],[77.53654084588256,13.024999998830307],[77.53915049154222,13.033333332162893]]]}},{"type":"Feature","properties":{"lst_c":30.21,"lst_k":303.36,"lst_day_dn":15168,"qc_day":81,"lst_night_c":21.27,"lst_night_k":294.42,"lst_night_dn":14721,"qc_night":81,"modis_row":836,"modis_col":666,"source_product":"MOD11A2.061","composite_start":"2026-09-14","units":"degC","scale_factor":0.02},"geometry":{"type":"Polygon","coordinates":[[[77.54770417609727,13.033333332162893],[77.55625786065231,13.033333332162893],[77.5536476392297,13.024999998830307],[77.54509424255612,13.024999998830307],[77.54770417609727,13.033333332162893]]]}},{"type":"Feature","properties":{"lst_c":30.13,"lst_k":303.28,"lst_day_dn":15164,"qc_day":81,"lst_night_c":22.77,"lst_night_k":295.92,"lst_night_dn":14796,"qc_night":81,"modis_row":836,"modis_col":667,"source_product":"MOD11A2.061","composite_start":"2026-09-14","units":"degC","scale_factor":0.02},"geometry":{"type":"Polygon","coordinates":[[[77.55625786065231,13.033333332162893],[77.56481154520738,13.033333332162893],[77.56220103590327,13.024999998830307],[77.5536476392297,13.024999998830307],[77.55625786065231,13.033333332162893]]]}},{"type":"Feature","properties":{"lst_c":29.95,"lst_k":303.1,"lst_day_dn":15155,"qc_day":81,"lst_night_c":22.23,"lst_night_k":295.38,"lst_night_dn":14769,"qc_night":81,"modis_row":836,"modis_col":668,"source_product":"MOD11A2.061","composite_start":"2026-09-14","units":"degC","scale_factor":0.02},"geometry":{"type":"Polygon","coordinates":[[[77.56481154520738,13.033333332162893],[77.57336522976243,13.033333332162893],[77.57075443257683,13.024999998830307],[77.56220103590327,13.024999998830307],[77.56481154520738,13.033333332162893]]]}},{"type":"Feature","properties":{"lst_c":29.51,"lst_k":302.66,"lst_day_dn":15133,"qc_day":81,"lst_night_c":21.73,"lst_night_k":294.88,"lst_night_dn":14744,"qc_night":81,"modis_row":836,"modis_col":669,"source_product":"MOD11A2.061","composite_start":"2026-09-14","units":"degC","scale_factor":0.02},"geometry":{"type":"Polygon","coordinates":[[[77.57336522976243,13.033333332162893],[77.58191891431747,13.033333332162893],[77.5793078292504,13.024999998830307],[77.57075443257683,13.024999998830307],[77.57336522976243,13.033333332162893]]]}},{"type":"Feature","properties":{"lst_c":29.37,"lst_k":302.52,"lst_day_dn":15126,"qc_day":81,"lst_night_c":21.91,"lst_night_k":295.06,"lst_night_dn":14753,"qc_night":81,"modis_row":836,"modis_col":670,"source_product":"MOD11A2.061","composite_start":"2026-09-14","units":"degC","scale_factor":0.02},"geometry":{"type":"Polygon","coordinates":[[[77.58191891431747,13.033333332162893],[77.59047259887252,13.033333332162893],[77.58786122592397,13.024999998830307],[77.5793078292504,13.024999998830307],[77.58191891431747,13.033333332162893]]]}},{"type":"Feature","properties":{"lst_c":29.73,"lst_k":302.88,"lst_day_dn":15144,"qc_day":81,"lst_night_c":22.59,"lst_night_k":295.74,"lst_night_dn":14787,"qc_night":81,"modis_row":836,"modis_col":671,"source_product":"MOD11A2.061","composite_start":"2026-09-14","units":"degC","scale_factor":0.02},"geometry":{"type":"Polygon","coordinates":[[[77.59047259887252,13.033333332162893],[77.59902628342759,13.033333332162893],[77.59641462259754,13.024999998830307],[77.58786122592397,13.024999998830307],[77.59047259887252,13.033333332162893]]]}},{"type":"Feature","properties":{"lst_c":29.99,"lst_k":303.14,"lst_day_dn":15157,"qc_day":81,"lst_night_c":22.91,"lst_night_k":296.06,"lst_night_dn":14803,"qc_night":81,"modis_row":836,"modis_col":672,"source_product":"MOD11A2.061","composite_start":"2026-09-14","units":"degC","scale_factor":0.02},"geometry":{"type":"Polygon","coordinates":[[[77.59902628342759,13.033333332162893],[77.60757996798263,13.033333332162893],[77.6049680192711,13.024999998830307],[77.59641462259754,13.024999998830307],[77.59902628342759,13.033333332162893]]]}},{"type":"Feature","properties":{"lst_c":30.17,"lst_k":303.32,"lst_day_dn":15166,"qc_day":81,"lst_night_c":22.83,"lst_night_k":295.98,"lst_night_dn":14799,"qc_night":81,"modis_row":836,"modis_col":673,"source_product":"MOD11A2.061","composite_start":"2026-09-14","units":"degC","scale_factor":0.02},"geometry":{"type":"Polygon","coordinates":[[[77.60757996798263,13.033333332162893],[77.61613365253768,13.033333332162893],[77.61352141594467,13.024999998830307],[77.6049680192711,13.024999998830307],[77.60757996798263,13.033333332162893]]]}},{"type":"Feature","properties":{"lst_c":30.41,"lst_k":303.56,"lst_day_dn":15178,"qc_day":81,"lst_night_c":22.73,"lst_night_k":295.88,"lst_night_dn":14794,"qc_night":81,"modis_row":836,"modis_col":674,"source_product":"MOD11A2.061","composite_start":"2026-09-14","units":"degC","scale_factor":0.02},"geometry":{"type":"Polygon","coordinates":[[[77.61613365253768,13.033333332162893],[77.62468733709272,13.033333332162893],[77.62207481261822,13.024999998830307],[77.61352141594467,13.024999998830307],[77.61613365253768,13.033333332162893]]]}},{"type":"Feature","properties":{"lst_c":30.39,"lst_k":303.54,"lst_day_dn":15177,"qc_day":81,"lst_night_c":22.83,"lst_night_k":295.98,"lst_night_dn":14799,"qc_night":81,"modis_row":836,"modis_col":675,"source_product":"MOD11A2.061","composite_start":"2026-09-14","units":"degC","scale_factor":0.02},"geometry":{"type":"Polygon","coordinates":[[[77.62468733709272,13.033333332162893],[77.63324102164778,13.033333332162893],[77.63062820929179,13.024999998830307],[77.62207481261822,13.024999998830307],[77.62468733709272,13.033333332162893]]]}},{"type":"Feature","properties":{"lst_c":29.43,"lst_k":302.58,"lst_day_dn":15129,"qc_day":17,"lst_night_c":22.37,"lst_night_k":295.52,"lst_night_dn":14776,"qc_night":81,"modis_row":836,"modis_col":676,"source_product":"MOD11A2.061","composite_start":"2026-09-14","units":"degC","scale_factor":0.02},"geometry":{"type":"Polygon","coordinates":[[[77.63324102164778,13.033333332162893],[77.64179470620283,13.033333332162893],[77.63918160596536,13.024999998830307],[77.63062820929179,13.024999998830307],[77.63324102164778,13.033333332162893]]]}},{"type":"Feature","properties":{"lst_c":29.93,"lst_k":303.08,"lst_day_dn":15154,"qc_day":81,"lst_night_c":21.71,"lst_night_k":294.86,"lst_night_dn":14743,"qc_night":81,"modis_row":836,"modis_col":677,"source_product":"MOD11A2.061","composite_start":"2026-09-14","units":"degC","scale_factor":0.02},"geometry":{"type":"Polygon","coordinates":[[[77.64179470620283,13.033333332162893],[77.65034839075788,13.033333332162893],[77.64773500263892,13.024999998830307],[77.63918160596536,13.024999998830307],[77.64179470620283,13.033333332162893]]]}},{"type":"Feature","properties":{"lst_c":29.67,"lst_k":302.82,"lst_day_dn":15141,"qc_day":0,"lst_night_c":21.59,"lst_night_k":294.74,"lst_night_dn":14737,"qc_night":65,"modis_row":836,"modis_col":678,"source_product":"MOD11A2.061","composite_start":"2026-09-14","units":"degC","scale_factor":0.02},"geometry":{"type":"Polygon","coordinates":[[[77.65034839075788,13.033333332162893],[77.65890207531292,13.033333332162893],[77.65628839931249,13.024999998830307],[77.64773500263892,13.024999998830307],[77.65034839075788,13.033333332162893]]]}},{"type":"Feature","properties":{"lst_c":29.33,"lst_k":302.48,"lst_day_dn":15124,"qc_day":0,"lst_night_c":null,"lst_night_k":null,"lst_night_dn":0,"qc_night":2,"modis_row":836,"modis_col":679,"source_product":"MOD11A2.061","composite_start":"2026-09-14","units":"degC","scale_factor":0.02},"geometry":{"type":"Polygon","coordinates":[[[77.65890207531292,13.033333332162893],[77.66745575986799,13.033333332162893],[77.66484179598606,13.024999998830307],[77.65628839931249,13.024999998830307],[77.65890207531292,13.033333332162893]]]}},{"type":"Feature","properties":{"lst_c":29.31,"lst_k":302.46,"lst_day_dn":15123,"qc_day":0,"lst_night_c":null,"lst_night_k":null,"lst_night_dn":0,"qc_night":2,"modis_row":836,"modis_col":680,"source_product":"MOD11A2.061","composite_start":"2026-09-14","units":"degC","scale_factor":0.02},"geometry":{"type":"Polygon","coordinates":[[[77.66745575986799,13.033333332162893],[77.67600944442304,13.033333332162893],[77.67339519265963,13.024999998830307],[77.66484179598606,13.024999998830307],[77.66745575986799,13.033333332162893]]]}},{"type":"Feature","properties":{"lst_c":29.59,"lst_k":302.74,"lst_day_dn":15137,"qc_day":0,"lst_night_c":null,"lst_night_k":null,"lst_night_dn":0,"qc_night":2,"modis_row":836,"modis_col":681,"source_product":"MOD11A2.061","composite_start":"2026-09-14","units":"degC","scale_factor":0.02},"geometry":{"type":"Polygon","coordinates":[[[77.67600944442304,13.033333332162893],[77.68456312897808,13.033333332162893],[77.6819485893332,13.024999998830307],[77.67339519265963,13.024999998830307],[77.67600944442304,13.033333332162893]]]}},{"type":"Feature","properties":{"lst_c":29.05,"lst_k":302.2,"lst_day_dn":15110,"qc_day":0,"lst_night_c":null,"lst_night_k":null,"lst_night_dn":0,"qc_night":2,"modis_row":836,"modis_col":682,"source_product":"MOD11A2.061","composite_start":"2026-09-14","units":"degC","scale_factor":0.02},"geometry":{"type":"Polygon","coordinates":[[[77.68456312897808,13.033333332162893],[77.69311681353315,13.033333332162893],[77.69050198600677,13.024999998830307],[77.6819485893332,13.024999998830307],[77.68456312897808,13.033333332162893]]]}},{"type":"Feature","properties":{"lst_c":28.19,"lst_k":301.34,"lst_day_dn":15067,"qc_day":0,"lst_night_c":null,"lst_night_k":null,"lst_night_dn":0,"qc_night":2,"modis_row":836,"modis_col":683,"source_product":"MOD11A2.061","composite_start":"2026-09-14","units":"degC","scale_factor":0.02},"geometry":{"type":"Polygon","coordinates":[[[77.69311681353315,13.033333332162893],[77.70167049808819,13.033333332162893],[77.69905538268034,13.024999998830307],[77.69050198600677,13.024999998830307],[77.69311681353315,13.033333332162893]]]}},{"type":"Feature","properties":{"lst_c":27.27,"lst_k":300.42,"lst_day_dn":15021,"qc_day":0,"lst_night_c":null,"lst_night_k":null,"lst_night_dn":0,"qc_night":2,"modis_row":836,"modis_col":684,"source_product":"MOD11A2.061","composite_start":"2026-09-14","units":"degC","scale_factor":0.02},"geometry":{"type":"Polygon","coordinates":[[[77.70167049808819,13.033333332162893],[77.71022418264324,13.033333332162893],[77.7076087793539,13.024999998830307],[77.69905538268034,13.024999998830307],[77.70167049808819,13.033333332162893]]]}},{"type":"Feature","properties":{"lst_c":27.65,"lst_k":300.8,"lst_day_dn":15040,"qc_day":0,"lst_night_c":null,"lst_night_k":null,"lst_night_dn":0,"qc_night":2,"modis_row":836,"modis_col":685,"source_product":"MOD11A2.061","composite_start":"2026-09-14","units":"degC","scale_factor":0.02},"geometry":{"type":"Polygon","coordinates":[[[77.71022418264324,13.033333332162893],[77.71877786719831,13.033333332162893],[77.71616217602747,13.024999998830307],[77.7076087793539,13.024999998830307],[77.71022418264324,13.033333332162893]]]}},{"type":"Feature","properties":{"lst_c":27.25,"lst_k":300.4,"lst_day_dn":15020,"qc_day":0,"lst_night_c":null,"lst_night_k":null,"lst_night_dn":0,"qc_night":2,"modis_row":836,"modis_col":686,"source_product":"MOD11A2.061","composite_start":"2026-09-14","units":"degC","scale_factor":0.02},"geometry":{"type":"Polygon","coordinates":[[[77.71877786719831,13.033333332162893],[77.72733155175335,13.033333332162893],[77.72471557270104,13.024999998830307],[77.71616217602747,13.024999998830307],[77.71877786719831,13.033333332162893]]]}},{"type":"Feature","properties":{"lst_c":26.91,"lst_k":300.06,"lst_day_dn":15003,"qc_day":0,"lst_night_c":null,"lst_night_k":null,"lst_night_dn":0,"qc_night":2,"modis_row":836,"modis_col":687,"source_product":"MOD11A2.061","composite_start":"2026-09-14","units":"degC","scale_factor":0.02},"geometry":{"type":"Polygon","coordinates":[[[77.72733155175335,13.033333332162893],[77.7358852363084,13.033333332162893],[77.7332689693746,13.024999998830307],[77.72471557270104,13.024999998830307],[77.72733155175335,13.033333332162893]]]}},{"type":"Feature","properties":{"lst_c":26.99,"lst_k":300.14,"lst_day_dn":15007,"qc_day":0,"lst_night_c":null,"lst_night_k":null,"lst_night_dn":0,"qc_night":2,"modis_row":836,"modis_col":688,"source_product":"MOD11A2.061","composite_start":"2026-09-14","units":"degC","scale_factor":0.02},"geometry":{"type":"Polygon","coordinates":[[[77.7358852363084,13.033333332162893],[77.74443892086346,13.033333332162893],[77.74182236604817,13.024999998830307],[77.7332689693746,13.024999998830307],[77.7358852363084,13.033333332162893]]]}},{"type":"Feature","properties":{"lst_c":27.27,"lst_k":300.42,"lst_day_dn":15021,"qc_day":0,"lst_night_c":null,"lst_night_k":null,"lst_night_dn":0,"qc_night":2,"modis_row":836,"modis_col":689,"source_product":"MOD11A2.061","composite_start":"2026-09-14","units":"degC","scale_factor":0.02},"geometry":{"type":"Polygon","coordinates":[[[77.74443892086346,13.033333332162893],[77.7529926054185,13.033333332162893],[77.75037576272173,13.024999998830307],[77.74182236604817,13.024999998830307],[77.74443892086346,13.033333332162893]]]}},{"type":"Feature","properties":{"lst_c":27.29,"lst_k":300.44,"lst_day_dn":15022,"qc_day":0,"lst_night_c":null,"lst_night_k":null,"lst_night_dn":0,"qc_night":2,"modis_row":836,"modis_col":690,"source_product":"MOD11A2.061","composite_start":"2026-09-14","units":"degC","scale_factor":0.02},"geometry":{"type":"Polygon","coordinates":[[[77.7529926054185,13.033333332162893],[77.76154628997355,13.033333332162893],[77.7589291593953,13.024999998830307],[77.75037576272173,13.024999998830307],[77.7529926054185,13.033333332162893]]]}},{"type":"Feature","properties":{"lst_c":27.33,"lst_k":300.48,"lst_day_dn":15024,"qc_day":0,"lst_night_c":null,"lst_night_k":null,"lst_night_dn":0,"qc_night":2,"modis_row":836,"modis_col":691,"source_product":"MOD11A2.061","composite_start":"2026-09-14","units":"degC","scale_factor":0.02},"geometry":{"type":"Polygon","coordinates":[[[77.76154628997355,13.033333332162893],[77.7700999745286,13.033333332162893],[77.76748255606886,13.024999998830307],[77.7589291593953,13.024999998830307],[77.76154628997355,13.033333332162893]]]}},{"type":"Feature","properties":{"lst_c":27.49,"lst_k":300.64,"lst_day_dn":15032,"qc_day":0,"lst_night_c":null,"lst_night_k":null,"lst_night_dn":0,"qc_night":2,"modis_row":836,"modis_col":692,"source_product":"MOD11A2.061","composite_start":"2026-09-14","units":"degC","scale_factor":0.02},"geometry":{"type":"Polygon","coordinates":[[[77.7700999745286,13.033333332162893],[77.77865365908364,13.033333332162893],[77.77603595274242,13.024999998830307],[77.76748255606886,13.024999998830307],[77.7700999745286,13.033333332162893]]]}},{"type":"Feature","properties":{"lst_c":27.13,"lst_k":300.28,"lst_day_dn":15014,"qc_day":0,"lst_night_c":null,"lst_night_k":null,"lst_night_dn":0,"qc_night":2,"modis_row":836,"modis_col":693,"source_product":"MOD11A2.061","composite_start":"2026-09-14","units":"degC","scale_factor":0.02},"geometry":{"type":"Polygon","coordinates":[[[77.77865365908364,13.033333332162893],[77.78720734363871,13.033333332162893],[77.784589349416,13.024999998830307],[77.77603595274242,13.024999998830307],[77.77865365908364,13.033333332162893]]]}},{"type":"Feature","properties":{"lst_c":27.19,"lst_k":300.34,"lst_day_dn":15017,"qc_day":0,"lst_night_c":null,"lst_night_k":null,"lst_night_dn":0,"qc_night":2,"modis_row":836,"modis_col":694,"source_product":"MOD11A2.061","composite_start":"2026-09-14","units":"degC","scale_factor":0.02},"geometry":{"type":"Polygon","coordinates":[[[77.78720734363871,13.033333332162893],[77.79576102819377,13.033333332162893],[77.79314274608956,13.024999998830307],[77.784589349416,13.024999998830307],[77.78720734363871,13.033333332162893]]]}},{"type":"Feature","properties":{"lst_c":27.27,"lst_k":300.42,"lst_day_dn":15021,"qc_day":0,"lst_night_c":null,"lst_night_k":null,"lst_night_dn":0,"qc_night":2,"modis_row":836,"modis_col":695,"source_product":"MOD11A2.061","composite_start":"2026-09-14","units":"degC","scale_factor":0.02},"geometry":{"type":"Polygon","coordinates":[[[77.79576102819377,13.033333332162893],[77.8043147127488,13.033333332162893],[77.80169614276313,13.024999998830307],[77.79314274608956,13.024999998830307],[77.79576102819377,13.033333332162893]]]}},{"type":"Feature","properties":{"lst_c":26.99,"lst_k":300.14,"lst_day_dn":15007,"qc_day":0,"lst_night_c":null,"lst_night_k":null,"lst_night_dn":0,"qc_night":2,"modis_row":836,"modis_col":696,"source_product":"MOD11A2.061","composite_start":"2026-09-14","units":"degC","scale_factor":0.02},"geometry":{"type":"Polygon","coordinates":[[[77.8043147127488,13.033333332162893],[77.81286839730386,13.033333332162893],[77.81024953943671,13.024999998830307],[77.80169614276313,13.024999998830307],[77.8043147127488,13.033333332162893]]]}},{"type":"Feature","properties":{"lst_c":31.69,"lst_k":304.84,"lst_day_dn":15242,"qc_day":0,"lst_night_c":20.49,"lst_night_k":293.64,"lst_night_dn":14682,"qc_night":0,"modis_row":837,"modis_col":653,"source_product":"MOD11A2.061","composite_start":"2026-09-14","units":"degC","scale_factor":0.02},"geometry":{"type":"Polygon","coordinates":[[[77.43390008579976,13.024999998830307],[77.44245348247334,13.024999998830307],[77.43984881705708,13.016666665497722],[77.4312957080647,13.016666665497722],[77.43390008579976,13.024999998830307]]]}},{"type":"Feature","properties":{"lst_c":30.93,"lst_k":304.08,"lst_day_dn":15204,"qc_day":0,"lst_night_c":20.49,"lst_night_k":293.64,"lst_night_dn":14682,"qc_night":0,"modis_row":837,"modis_col":654,"source_product":"MOD11A2.061","composite_start":"2026-09-14","units":"degC","scale_factor":0.02},"geometry":{"type":"Polygon","coordinates":[[[77.44245348247334,13.024999998830307],[77.4510068791469,13.024999998830307],[77.44840192604947,13.016666665497722],[77.43984881705708,13.016666665497722],[77.44245348247334,13.024999998830307]]]}},{"type":"Feature","properties":{"lst_c":30.49,"lst_k":303.64,"lst_day_dn":15182,"qc_day":0,"lst_night_c":20.25,"lst_night_k":293.4,"lst_night_dn":14670,"qc_night":0,"modis_row":837,"modis_col":655,"source_product":"MOD11A2.061","composite_start":"2026-09-14","units":"degC","scale_factor":0.02},"geometry":{"type":"Polygon","coordinates":[[[77.4510068791469,13.024999998830307],[77.45956027582046,13.024999998830307],[77.45695503504186,13.016666665497722],[77.44840192604947,13.016666665497722],[77.4510068791469,13.024999998830307]]]}},{"type":"Feature","properties":{"lst_c":30.71,"lst_k":303.86,"lst_day_dn":15193,"qc_day":0,"lst_night_c":19.95,"lst_night_k":293.1,"lst_night_dn":14655,"qc_night":0,"modis_row":837,"modis_col":656,"source_product":"MOD11A2.061","composite_start":"2026-09-14","units":"degC","scale_factor":0.02},"geometry":{"type":"Polygon","coordinates":[[[77.45956027582046,13.024999998830307],[77.46811367249404,13.024999998830307],[77.46550814403425,13.016666665497722],[77.45695503504186,13.016666665497722],[77.45956027582046,13.024999998830307]]]}},{"type":"Feature","properties":{"lst_c":30.29,"lst_k":303.44,"lst_day_dn":15172,"qc_day":0,"lst_night_c":19.69,"lst_night_k":292.84,"lst_night_dn":14642,"qc_night":0,"modis_row":837,"modis_col":657,"source_product":"MOD11A2.061","composite_start":"2026-09-14","units":"degC","scale_factor":0.02},"geometry":{"type":"Polygon","coordinates":[[[77.46811367249404,13.024999998830307],[77.4766670691676,13.024999998830307],[77.47406125302663,13.016666665497722],[77.46550814403425,13.016666665497722],[77.46811367249404,13.024999998830307]]]}},{"type":"Feature","properties":{"lst_c":30.13,"lst_k":303.28,"lst_day_dn":15164,"qc_day":0,"lst_night_c":19.87,"lst_night_k":293.02,"lst_night_dn":14651,"qc_night":0,"modis_row":837,"modis_col":658,"source_product":"MOD11A2.061","composite_start":"2026-09-14","units":"degC","scale_factor":0.02},"geometry":{"type":"Polygon","coordinates":[[[77.4766670691676,13.024999998830307],[77.48522046584117,13.024999998830307],[77.482614362019,13.016666665497722],[77.47406125302663,13.016666665497722],[77.4766670691676,13.024999998830307]]]}},{"type":"Feature","properties":{"lst_c":30.29,"lst_k":303.44,"lst_day_dn":15172,"qc_day":0,"lst_night_c":20.33,"lst_night_k":293.48,"lst_night_dn":14674,"qc_night":65,"modis_row":837,"modis_col":659,"source_product":"MOD11A2.061","composite_start":"2026-09-14","units":"degC","scale_factor":0.02},"geometry":{"type":"Polygon","coordinates":[[[77.48522046584117,13.024999998830307],[77.49377386251473,13.024999998830307],[77.49116747101138,13.016666665497722],[77.482614362019,13.016666665497722],[77.48522046584117,13.024999998830307]]]}},{"type":"Feature","properties":{"lst_c":30.67,"lst_k":303.82,"lst_day_dn":15191,"qc_day":0,"lst_night_c":20.41,"lst_night_k":293.56,"lst_night_dn":14678,"qc_night":81,"modis_row":837,"modis_col":660,"source_product":"MOD11A2.061","composite_start":"2026-09-14","units":"degC","scale_factor":0.02},"geometry":{"type":"Polygon","coordinates":[[[77.49377386251473,13.024999998830307],[77.50232725918829,13.024999998830307],[77.49972058000378,13.016666665497722],[77.49116747101138,13.016666665497722],[77.49377386251473,13.024999998830307]]]}},{"type":"Feature","properties":{"lst_c":31.57,"lst_k":304.72,"lst_day_dn":15236,"qc_day":81,"lst_night_c":19.95,"lst_night_k":293.1,"lst_night_dn":14655,"qc_night":81,"modis_row":837,"modis_col":661,"source_product":"MOD11A2.061","composite_start":"2026-09-14","units":"degC","scale_factor":0.02},"geometry":{"type":"Polygon","coordinates":[[[77.50232725918829,13.024999998830307],[77.51088065586185,13.024999998830307],[77.50827368899616,13.016666665497722],[77.49972058000378,13.016666665497722],[77.50232725918829,13.024999998830307]]]}},{"type":"Feature","properties":{"lst_c":31.53,"lst_k":304.68,"lst_day_dn":15234,"qc_day":17,"lst_night_c":null,"lst_night_k":null,"lst_night_dn":0,"qc_night":2,"modis_row":837,"modis_col":662,"source_product":"MOD11A2.061","composite_start":"2026-09-14","units":"degC","scale_factor":0.02},"geometry":{"type":"Polygon","coordinates":[[[77.51088065586185,13.024999998830307],[77.51943405253543,13.024999998830307],[77.51682679798854,13.016666665497722],[77.50827368899616,13.016666665497722],[77.51088065586185,13.024999998830307]]]}},{"type":"Feature","properties":{"lst_c":31.49,"lst_k":304.64,"lst_day_dn":15232,"qc_day":81,"lst_night_c":20.97,"lst_night_k":294.12,"lst_night_dn":14706,"qc_night":81,"modis_row":837,"modis_col":663,"source_product":"MOD11A2.061","composite_start":"2026-09-14","units":"degC","scale_factor":0.02},"geometry":{"type":"Polygon","coordinates":[[[77.51943405253543,13.024999998830307],[77.527987449209,13.024999998830307],[77.52537990698093,13.016666665497722],[77.51682679798854,13.016666665497722],[77.51943405253543,13.024999998830307]]]}},{"type":"Feature","properties":{"lst_c":31.33,"lst_k":304.48,"lst_day_dn":15224,"qc_day":81,"lst_night_c":20.97,"lst_night_k":294.12,"lst_night_dn":14706,"qc_night":81,"modis_row":837,"modis_col":664,"source_product":"MOD11A2.061","composite_start":"2026-09-14","units":"degC","scale_factor":0.02},"geometry":{"type":"Polygon","coordinates":[[[77.527987449209,13.024999998830307],[77.53654084588256,13.024999998830307],[77.53393301597332,13.016666665497722],[77.52537990698093,13.016666665497722],[77.527987449209,13.024999998830307]]]}},{"type":"Feature","properties":{"lst_c":30.79,"lst_k":303.94,"lst_day_dn":15197,"qc_day":81,"lst_night_c":22.07,"lst_night_k":295.22,"lst_night_dn":14761,"qc_night":81,"modis_row":837,"modis_col":665,"source_product":"MOD11A2.061","composite_start":"2026-09-14","units":"degC","scale_factor":0.02},"geometry":{"type":"Polygon","coordinates":[[[77.53654084588256,13.024999998830307],[77.54509424255612,13.024999998830307],[77.5424861249657,13.016666665497722],[77.53393301597332,13.016666665497722],[77.53654084588256,13.024999998830307]]]}},{"type":"Feature","properties":{"lst_c":31.29,"lst_k":304.44,"lst_day_dn":15222,"qc_day":81,"lst_night_c":22.83,"lst_night_k":295.98,"lst_night_dn":14799,"qc_night":81,"modis_row":837,"modis_col":666,"source_product":"MOD11A2.061","composite_start":"2026-09-14","units":"degC","scale_factor":0.02},"geometry":{"type":"Polygon","coordinates":[[[77.54509424255612,13.024999998830307],[77.5536476392297,13.024999998830307],[77.5510392339581,13.016666665497722],[77.5424861249657,13.016666665497722],[77.54509424255612,13.024999998830307]]]}},{"type":"Feature","properties":{"lst_c":30.79,"lst_k":303.94,"lst_day_dn":15197,"qc_day":81,"lst_night_c":22.95,"lst_night_k":296.1,"lst_night_dn":14805,"qc_night":81,"modis_row":837,"modis_col":667,"source_product":"MOD11A2.061","composite_start":"2026-09-14","units":"degC","scale_factor":0.02},"geometry":{"type":"Polygon","coordinates":[[[77.5536476392297,13.024999998830307],[77.56220103590327,13.024999998830307],[77.55959234295048,13.016666665497722],[77.5510392339581,13.016666665497722],[77.5536476392297,13.024999998830307]]]}},{"type":"Feature","properties":{"lst_c":29.81,"lst_k":302.96,"lst_day_dn":15148,"qc_day":81,"lst_night_c":21.79,"lst_night_k":294.94,"lst_night_dn":14747,"qc_night":81,"modis_row":837,"modis_col":668,"source_product":"MOD11A2.061","composite_start":"2026-09-14","units":"degC","scale_factor":0.02},"geometry":{"type":"Polygon","coordinates":[[[77.56220103590327,13.024999998830307],[77.57075443257683,13.024999998830307],[77.56814545194287,13.016666665497722],[77.55959234295048,13.016666665497722],[77.56220103590327,13.024999998830307]]]}},{"type":"Feature","properties":{"lst_c":28.79,"lst_k":301.94,"lst_day_dn":15097,"qc_day":17,"lst_night_c":21.03,"lst_night_k":294.18,"lst_night_dn":14709,"qc_night":17,"modis_row":837,"modis_col":669,"source_product":"MOD11A2.061","composite_start":"2026-09-14","units":"degC","scale_factor":0.02},"geometry":{"type":"Polygon","coordinates":[[[77.57075443257683,13.024999998830307],[77.5793078292504,13.024999998830307],[77.57669856093526,13.016666665497722],[77.56814545194287,13.016666665497722],[77.57075443257683,13.024999998830307]]]}},{"type":"Feature","properties":{"lst_c":28.99,"lst_k":302.14,"lst_day_dn":15107,"qc_day":81,"lst_night_c":21.35,"lst_night_k":294.5,"lst_night_dn":14725,"qc_night":81,"modis_row":837,"modis_col":670,"source_product":"MOD11A2.061","composite_start":"2026-09-14","units":"degC","scale_factor":0.02},"geometry":{"type":"Polygon","coordinates":[[[77.5793078292504,13.024999998830307],[77.58786122592397,13.024999998830307],[77.58525166992763,13.016666665497722],[77.57669856093526,13.016666665497722],[77.5793078292504,13.024999998830307]]]}},{"type":"Feature","properties":{"lst_c":29.59,"lst_k":302.74,"lst_day_dn":15137,"qc_day":81,"lst_night_c":22.21,"lst_night_k":295.36,"lst_night_dn":14768,"qc_night":81,"modis_row":837,"modis_col":671,"source_product":"MOD11A2.061","composite_start":"2026-09-14","units":"degC","scale_factor":0.02},"geometry":{"type":"Polygon","coordinates":[[[77.58786122592397,13.024999998830307],[77.59641462259754,13.024999998830307],[77.59380477892003,13.016666665497722],[77.58525166992763,13.016666665497722],[77.58786122592397,13.024999998830307]]]}},{"type":"Feature","properties":{"lst_c":29.71,"lst_k":302.86,"lst_day_dn":15143,"qc_day":81,"lst_night_c":22.67,"lst_night_k":295.82,"lst_night_dn":14791,"qc_night":81,"modis_row":837,"modis_col":672,"source_product":"MOD11A2.061","composite_start":"2026-09-14","units":"degC","scale_factor":0.02},"geometry":{"type":"Polygon","coordinates":[[[77.59641462259754,13.024999998830307],[77.6049680192711,13.024999998830307],[77.6023578879124,13.016666665497722],[77.59380477892003,13.016666665497722],[77.59641462259754,13.024999998830307]]]}},{"type":"Feature","properties":{"lst_c":29.69,"lst_k":302.84,"lst_day_dn":15142,"qc_day":81,"lst_night_c":22.09,"lst_night_k":295.24,"lst_night_dn":14762,"qc_night":81,"modis_row":837,"modis_col":673,"source_product":"MOD11A2.061","composite_start":"2026-09-14","units":"degC","scale_factor":0.02},"geometry":{"type":"Polygon","coordinates":[[[77.6049680192711,13.024999998830307],[77.61352141594467,13.024999998830307],[77.61091099690479,13.016666665497722],[77.6023578879124,13.016666665497722],[77.6049680192711,13.024999998830307]]]}},{"type":"Feature","properties":{"lst_c":29.95,"lst_k":303.1,"lst_day_dn":15155,"qc_day":81,"lst_night_c":22.19,"lst_night_k":295.34,"lst_night_dn":14767,"qc_night":81,"modis_row":837,"modis_col":674,"source_product":"MOD11A2.061","composite_start":"2026-09-14","units":"degC","scale_factor":0.02},"geometry":{"type":"Polygon","coordinates":[[[77.61352141594467,13.024999998830307],[77.62207481261822,13.024999998830307],[77.61946410589717,13.016666665497722],[77.61091099690479,13.016666665497722],[77.61352141594467,13.024999998830307]]]}},{"type":"Feature","properties":{"lst_c":29.93,"lst_k":303.08,"lst_day_dn":15154,"qc_day":81,"lst_night_c":22.45,"lst_night_k":295.6,"lst_night_dn":14780,"qc_night":81,"modis_row":837,"modis_col":675,"source_product":"MOD11A2.061","composite_start":"2026-09-14","units":"degC","scale_factor":0.02},"geometry":{"type":"Polygon","coordinates":[[[77.62207481261822,13.024999998830307],[77.63062820929179,13.024999998830307],[77.62801721488955,13.016666665497722],[77.61946410589717,13.016666665497722],[77.62207481261822,13.024999998830307]]]}},{"type":"Feature","properties":{"lst_c":29.43,"lst_k":302.58,"lst_day_dn":15129,"qc_day":81,"lst_night_c":22.45,"lst_night_k":295.6,"lst_night_dn":14780,"qc_night":81,"modis_row":837,"modis_col":676,"source_product":"MOD11A2.061","composite_start":"2026-09-14","units":"degC","scale_factor":0.02},"geometry":{"type":"Polygon","coordinates":[[[77.63062820929179,13.024999998830307],[77.63918160596536,13.024999998830307],[77.63657032388194,13.016666665497722],[77.62801721488955,13.016666665497722],[77.63062820929179,13.024999998830307]]]}},{"type":"Feature","properties":{"lst_c":29.15,"lst_k":302.3,"lst_day_dn":15115,"qc_day":81,"lst_night_c":22.43,"lst_night_k":295.58,"lst_night_dn":14779,"qc_night":81,"modis_row":837,"modis_col":677,"source_product":"MOD11A2.061","composite_start":"2026-09-14","units":"degC","scale_factor":0.02},"geometry":{"type":"Polygon","coordinates":[[[77.63918160596536,13.024999998830307],[77.64773500263892,13.024999998830307],[77.64512343287433,13.016666665497722],[77.63657032388194,13.016666665497722],[77.63918160596536,13.024999998830307]]]}},{"type":"Feature","properties":{"lst_c":29.11,"lst_k":302.26,"lst_day_dn":15113,"qc_day":81,"lst_night_c":null,"lst_night_k":null,"lst_night_dn":0,"qc_night":2,"modis_row":837,"modis_col":678,"source_product":"MOD11A2.061","composite_start":"2026-09-14","units":"degC","scale_factor":0.02},"geometry":{"type":"Polygon","coordinates":[[[77.64773500263892,13.024999998830307],[77.65628839931249,13.024999998830307],[77.65367654186672,13.016666665497722],[77.64512343287433,13.016666665497722],[77.64773500263892,13.024999998830307]]]}},{"type":"Feature","properties":{"lst_c":29.13,"lst_k":302.28,"lst_day_dn":15114,"qc_day":0,"lst_night_c":null,"lst_night_k":null,"lst_night_dn":0,"qc_night":2,"modis_row":837,"modis_col":679,"source_product":"MOD11A2.061","composite_start":"2026-09-14","units":"degC","scale_factor":0.02},"geometry":{"type":"Polygon","coordinates":[[[77.65628839931249,13.024999998830307],[77.66484179598606,13.024999998830307],[77.66222965085909,13.016666665497722],[77.65367654186672,13.016666665497722],[77.65628839931249,13.024999998830307]]]}},{"type":"Feature","properties":{"lst_c":28.95,"lst_k":302.1,"lst_day_dn":15105,"qc_day":0,"lst_night_c":null,"lst_night_k":null,"lst_night_dn":0,"qc_night":2,"modis_row":837,"modis_col":680,"source_product":"MOD11A2.061","composite_start":"2026-09-14","units":"degC","scale_factor":0.02},"geometry":{"type":"Polygon","coordinates":[[[77.66484179598606,13.024999998830307],[77.67339519265963,13.024999998830307],[77.67078275985149,13.016666665497722],[77.66222965085909,13.016666665497722],[77.66484179598606,13.024999998830307]]]}},{"type":"Feature","properties":{"lst_c":29.31,"lst_k":302.46,"lst_day_dn":15123,"qc_day":0,"lst_night_c":null,"lst_night_k":null,"lst_night_dn":0,"qc_night":2,"modis_row":837,"modis_col":681,"source_product":"MOD11A2.061","composite_start":"2026-09-14","units":"degC","scale_factor":0.02},"geometry":{"type":"Polygon","coordinates":[[[77.67339519265963,13.024999998830307],[77.6819485893332,13.024999998830307],[77.67933586884388,13.016666665497722],[77.67078275985149,13.016666665497722],[77.67339519265963,13.024999998830307]]]}},{"type":"Feature","properties":{"lst_c":29.29,"lst_k":302.44,"lst_day_dn":15122,"qc_day":0,"lst_night_c":null,"lst_night_k":null,"lst_night_dn":0,"qc_night":2,"modis_row":837,"modis_col":682,"source_product":"MOD11A2.061","composite_start":"2026-09-14","units":"degC","scale_factor":0.02},"geometry":{"type":"Polygon","coordinates":[[[77.6819485893332,13.024999998830307],[77.69050198600677,13.024999998830307],[77.68788897783625,13.016666665497722],[77.67933586884388,13.016666665497722],[77.6819485893332,13.024999998830307]]]}},{"type":"Feature","properties":{"lst_c":29.11,"lst_k":302.26,"lst_day_dn":15113,"qc_day":0,"lst_night_c":null,"lst_night_k":null,"lst_night_dn":0,"qc_night":2,"modis_row":837,"modis_col":683,"source_product":"MOD11A2.061","composite_start":"2026-09-14","units":"degC","scale_factor":0.02},"geometry":{"type":"Polygon","coordinates":[[[77.69050198600677,13.024999998830307],[77.69905538268034,13.024999998830307],[77.69644208682865,13.016666665497722],[77.68788897783625,13.016666665497722],[77.69050198600677,13.024999998830307]]]}},{"type":"Feature","properties":{"lst_c":28.51,"lst_k":301.66,"lst_day_dn":15083,"qc_day":17,"lst_night_c":null,"lst_night_k":null,"lst_night_dn":0,"qc_night":2,"modis_row":837,"modis_col":684,"source_product":"MOD11A2.061","composite_start":"2026-09-14","units":"degC","scale_factor":0.02},"geometry":{"type":"Polygon","coordinates":[[[77.69905538268034,13.024999998830307],[77.7076087793539,13.024999998830307],[77.70499519582103,13.016666665497722],[77.69644208682865,13.016666665497722],[77.69905538268034,13.024999998830307]]]}},{"type":"Feature","properties":{"lst_c":27.73,"lst_k":300.88,"lst_day_dn":15044,"qc_day":0,"lst_night_c":null,"lst_night_k":null,"lst_night_dn":0,"qc_night":2,"modis_row":837,"modis_col":685,"source_product":"MOD11A2.061","composite_start":"2026-09-14","units":"degC","scale_factor":0.02},"geometry":{"type":"Polygon","coordinates":[[[77.7076087793539,13.024999998830307],[77.71616217602747,13.024999998830307],[77.71354830481341,13.016666665497722],[77.70499519582103,13.016666665497722],[77.7076087793539,13.024999998830307]]]}},{"type":"Feature","properties":{"lst_c":27.23,"lst_k":300.38,"lst_day_dn":15019,"qc_day":0,"lst_night_c":null,"lst_night_k":null,"lst_night_dn":0,"qc_night":2,"modis_row":837,"modis_col":686,"source_product":"MOD11A2.061","composite_start":"2026-09-14","units":"degC","scale_factor":0.02},"geometry":{"type":"Polygon","coordinates":[[[77.71616217602747,13.024999998830307],[77.72471557270104,13.024999998830307],[77.7221014138058,13.016666665497722],[77.71354830481341,13.016666665497722],[77.71616217602747,13.024999998830307]]]}},{"type":"Feature","properties":{"lst_c":26.81,"lst_k":299.96,"lst_day_dn":14998,"qc_day":0,"lst_night_c":null,"lst_night_k":null,"lst_night_dn":0,"qc_night":2,"modis_row":837,"modis_col":687,"source_product":"MOD11A2.061","composite_start":"2026-09-14","units":"degC","scale_factor":0.02},"geometry":{"type":"Polygon","coordinates":[[[77.72471557270104,13.024999998830307],[77.7332689693746,13.024999998830307],[77.73065452279819,13.016666665497722],[77.7221014138058,13.016666665497722],[77.72471557270104,13.024999998830307]]]}},{"type":"Feature","properties":{"lst_c":26.85,"lst_k":300.0,"lst_day_dn":15000,"qc_day":0,"lst_night_c":null,"lst_night_k":null,"lst_night_dn":0,"qc_night":2,"modis_row":837,"modis_col":688,"source_product":"MOD11A2.061","composite_start":"2026-09-14","units":"degC","scale_factor":0.02},"geometry":{"type":"Polygon","coordinates":[[[77.7332689693746,13.024999998830307],[77.74182236604817,13.024999998830307],[77.73920763179058,13.016666665497722],[77.73065452279819,13.016666665497722],[77.7332689693746,13.024999998830307]]]}},{"type":"Feature","properties":{"lst_c":27.17,"lst_k":300.32,"lst_day_dn":15016,"qc_day":0,"lst_night_c":null,"lst_night_k":null,"lst_night_dn":0,"qc_night":2,"modis_row":837,"modis_col":689,"source_product":"MOD11A2.061","composite_start":"2026-09-14","units":"degC","scale_factor":0.02},"geometry":{"type":"Polygon","coordinates":[[[77.74182236604817,13.024999998830307],[77.75037576272173,13.024999998830307],[77.74776074078295,13.016666665497722],[77.73920763179058,13.016666665497722],[77.74182236604817,13.024999998830307]]]}},{"type":"Feature","properties":{"lst_c":27.25,"lst_k":300.4,"lst_day_dn":15020,"qc_day":0,"lst_night_c":null,"lst_night_k":null,"lst_night_dn":0,"qc_night":2,"modis_row":837,"modis_col":690,"source_product":"MOD11A2.061","composite_start":"2026-09-14","units":"degC","scale_factor":0.02},"geometry":{"type":"Polygon","coordinates":[[[77.75037576272173,13.024999998830307],[77.7589291593953,13.024999998830307],[77.75631384977534,13.016666665497722],[77.74776074078295,13.016666665497722],[77.75037576272173,13.024999998830307]]]}},{"type":"Feature","properties":{"lst_c":27.15,"lst_k":300.3,"lst_day_dn":15015,"qc_day":0,"lst_night_c":null,"lst_night_k":null,"lst_night_dn":0,"qc_night":2,"modis_row":837,"modis_col":691,"source_product":"MOD11A2.061","composite_start":"2026-09-14","units":"degC","scale_factor":0.02},"geometry":{"type":"Polygon","coordinates":[[[77.7589291593953,13.024999998830307],[77.76748255606886,13.024999998830307],[77.76486695876771,13.016666665497722],[77.75631384977534,13.016666665497722],[77.7589291593953,13.024999998830307]]]}},{"type":"Feature","properties":{"lst_c":27.15,"lst_k":300.3,"lst_day_dn":15015,"qc_day":0,"lst_night_c":null,"lst_night_k":null,"lst_night_dn":0,"qc_night":2,"modis_row":837,"modis_col":692,"source_product":"MOD11A2.061","composite_start":"2026-09-14","units":"degC","scale_factor":0.02},"geometry":{"type":"Polygon","coordinates":[[[77.76748255606886,13.024999998830307],[77.77603595274242,13.024999998830307],[77.77342006776011,13.016666665497722],[77.76486695876771,13.016666665497722],[77.76748255606886,13.024999998830307]]]}},{"type":"Feature","properties":{"lst_c":27.13,"lst_k":300.28,"lst_day_dn":15014,"qc_day":0,"lst_night_c":null,"lst_night_k":null,"lst_night_dn":0,"qc_night":2,"modis_row":837,"modis_col":693,"source_product":"MOD11A2.061","composite_start":"2026-09-14","units":"degC","scale_factor":0.02},"geometry":{"type":"Polygon","coordinates":[[[77.77603595274242,13.024999998830307],[77.784589349416,13.024999998830307],[77.78197317675249,13.016666665497722],[77.77342006776011,13.016666665497722],[77.77603595274242,13.024999998830307]]]}},{"type":"Feature","properties":{"lst_c":27.13,"lst_k":300.28,"lst_day_dn":15014,"qc_day":0,"lst_night_c":null,"lst_night_k":null,"lst_night_dn":0,"qc_night":2,"modis_row":837,"modis_col":694,"source_product":"MOD11A2.061","composite_start":"2026-09-14","units":"degC","scale_factor":0.02},"geometry":{"type":"Polygon","coordinates":[[[77.784589349416,13.024999998830307],[77.79314274608956,13.024999998830307],[77.79052628574487,13.016666665497722],[77.78197317675249,13.016666665497722],[77.784589349416,13.024999998830307]]]}},{"type":"Feature","properties":{"lst_c":27.23,"lst_k":300.38,"lst_day_dn":15019,"qc_day":0,"lst_night_c":null,"lst_night_k":null,"lst_night_dn":0,"qc_night":2,"modis_row":837,"modis_col":695,"source_product":"MOD11A2.061","composite_start":"2026-09-14","units":"degC","scale_factor":0.02},"geometry":{"type":"Polygon","coordinates":[[[77.79314274608956,13.024999998830307],[77.80169614276313,13.024999998830307],[77.79907939473728,13.016666665497722],[77.79052628574487,13.016666665497722],[77.79314274608956,13.024999998830307]]]}},{"type":"Feature","properties":{"lst_c":27.05,"lst_k":300.2,"lst_day_dn":15010,"qc_day":0,"lst_night_c":null,"lst_night_k":null,"lst_night_dn":0,"qc_night":2,"modis_row":837,"modis_col":696,"source_product":"MOD11A2.061","composite_start":"2026-09-14","units":"degC","scale_factor":0.02},"geometry":{"type":"Polygon","coordinates":[[[77.80169614276313,13.024999998830307],[77.81024953943671,13.024999998830307],[77.80763250372965,13.016666665497722],[77.79907939473728,13.016666665497722],[77.80169614276313,13.024999998830307]]]}},{"type":"Feature","properties":{"lst_c":31.45,"lst_k":304.6,"lst_day_dn":15230,"qc_day":0,"lst_night_c":20.15,"lst_night_k":293.3,"lst_night_dn":14665,"qc_night":0,"modis_row":838,"modis_col":653,"source_product":"MOD11A2.061","composite_start":"2026-09-14","units":"degC","scale_factor":0.02},"geometry":{"type":"Polygon","coordinates":[[[77.4312957080647,13.016666665497722],[77.43984881705708,13.016666665497722],[77.43724596489473,13.008333332165138],[77.42869314338326,13.008333332165138],[77.4312957080647,13.016666665497722]]]}},{"type":"Feature","properties":{"lst_c":31.13,"lst_k":304.28,"lst_day_dn":15214,"qc_day":0,"lst_night_c":20.33,"lst_night_k":293.48,"lst_night_dn":14674,"qc_night":0,"modis_row":838,"modis_col":654,"source_product":"MOD11A2.061","composite_start":"2026-09-14","units":"degC","scale_factor":0.02},"geometry":{"type":"Polygon","coordinates":[[[77.43984881705708,13.016666665497722],[77.44840192604947,13.016666665497722],[77.4457987864062,13.008333332165138],[77.43724596489473,13.008333332165138],[77.43984881705708,13.016666665497722]]]}},{"type":"Feature","properties":{"lst_c":30.55,"lst_k":303.7,"lst_day_dn":15185,"qc_day":0,"lst_night_c":20.43,"lst_night_k":293.58,"lst_night_dn":14679,"qc_night":0,"modis_row":838,"modis_col":655,"source_product":"MOD11A2.061","composite_start":"2026-09-14","units":"degC","scale_factor":0.02},"geometry":{"type":"Polygon","coordinates":[[[77.44840192604947,13.016666665497722],[77.45695503504186,13.016666665497722],[77.45435160791769,13.008333332165138],[77.4457987864062,13.008333332165138],[77.44840192604947,13.016666665497722]]]}},{"type":"Feature","properties":{"lst_c":30.07,"lst_k":303.22,"lst_day_dn":15161,"qc_day":0,"lst_night_c":20.23,"lst_night_k":293.38,"lst_night_dn":14669,"qc_night":0,"modis_row":838,"modis_col":656,"source_product":"MOD11A2.061","composite_start":"2026-09-14","units":"degC","scale_factor":0.02},"geometry":{"type":"Polygon","coordinates":[[[77.45695503504186,13.016666665497722],[77.46550814403425,13.016666665497722],[77.46290442942916,13.008333332165138],[77.45435160791769,13.008333332165138],[77.45695503504186,13.016666665497722]]]}},{"type":"Feature","properties":{"lst_c":30.45,"lst_k":303.6,"lst_day_dn":15180,"qc_day":0,"lst_night_c":20.05,"lst_night_k":293.2,"lst_night_dn":14660,"qc_night":0,"modis_row":838,"modis_col":657,"source_product":"MOD11A2.061","composite_start":"2026-09-14","units":"degC","scale_factor":0.02},"geometry":{"type":"Polygon","coordinates":[[[77.46550814403425,13.016666665497722],[77.47406125302663,13.016666665497722],[77.47145725094063,13.008333332165138],[77.46290442942916,13.008333332165138],[77.46550814403425,13.016666665497722]]]}},{"type":"Feature","properties":{"lst_c":30.67,"lst_k":303.82,"lst_day_dn":15191,"qc_day":0,"lst_night_c":20.43,"lst_night_k":293.58,"lst_night_dn":14679,"qc_night":0,"modis_row":838,"modis_col":658,"source_product":"MOD11A2.061","composite_start":"2026-09-14","units":"degC","scale_factor":0.02},"geometry":{"type":"Polygon","coordinates":[[[77.47406125302663,13.016666665497722],[77.482614362019,13.016666665497722],[77.4800100724521,13.008333332165138],[77.47145725094063,13.008333332165138],[77.47406125302663,13.016666665497722]]]}},{"type":"Feature","properties":{"lst_c":30.65,"lst_k":303.8,"lst_day_dn":15190,"qc_day":0,"lst_night_c":20.91,"lst_night_k":294.06,"lst_night_dn":14703,"qc_night":65,"modis_row":838,"modis_col":659,"source_product":"MOD11A2.061","composite_start":"2026-09-14","units":"degC","scale_factor":0.02},"geometry":{"type":"Polygon","coordinates":[[[77.482614362019,13.016666665497722],[77.49116747101138,13.016666665497722],[77.48856289396356,13.008333332165138],[77.4800100724521,13.008333332165138],[77.482614362019,13.016666665497722]]]}},{"type":"Feature","properties":{"lst_c":30.57,"lst_k":303.72,"lst_day_dn":15186,"qc_day":0,"lst_night_c":20.61,"lst_night_k":293.76,"lst_night_dn":14688,"qc_night":81,"modis_row":838,"modis_col":660,"source_product":"MOD11A2.061","composite_start":"2026-09-14","units":"degC","scale_factor":0.02},"geometry":{"type":"Polygon","coordinates":[[[77.49116747101138,13.016666665497722],[77.49972058000378,13.016666665497722],[77.49711571547505,13.008333332165138],[77.48856289396356,13.008333332165138],[77.49116747101138,13.016666665497722]]]}},{"type":"Feature","properties":{"lst_c":31.87,"lst_k":305.02,"lst_day_dn":15251,"qc_day":81,"lst_night_c":20.05,"lst_night_k":293.2,"lst_night_dn":14660,"qc_night":81,"modis_row":838,"modis_col":661,"source_product":"MOD11A2.061","composite_start":"2026-09-14","units":"degC","scale_factor":0.02},"geometry":{"type":"Polygon","coordinates":[[[77.49972058000378,13.016666665497722],[77.50827368899616,13.016666665497722],[77.50566853698652,13.008333332165138],[77.49711571547505,13.008333332165138],[77.49972058000378,13.016666665497722]]]}},{"type":"Feature","properties":{"lst_c":31.51,"lst_k":304.66,"lst_day_dn":15233,"qc_day":81,"lst_night_c":20.33,"lst_night_k":293.48,"lst_night_dn":14674,"qc_night":81,"modis_row":838,"modis_col":662,"source_product":"MOD11A2.061","composite_start":"2026-09-14","units":"degC","scale_factor":0.02},"geometry":{"type":"Polygon","coordinates":[[[77.50827368899616,13.016666665497722],[77.51682679798854,13.016666665497722],[77.51422135849799,13.008333332165138],[77.50566853698652,13.008333332165138],[77.50827368899616,13.016666665497722]]]}},{"type":"Feature","properties":{"lst_c":31.13,"lst_k":304.28,"lst_day_dn":15214,"qc_day":81,"lst_night_c":20.73,"lst_night_k":293.88,"lst_night_dn":14694,"qc_night":81,"modis_row":838,"modis_col":663,"source_product":"MOD11A2.061","composite_start":"2026-09-14","units":"degC","scale_factor":0.02},"geometry":{"type":"Polygon","coordinates":[[[77.51682679798854,13.016666665497722],[77.52537990698093,13.016666665497722],[77.52277418000946,13.008333332165138],[77.51422135849799,13.008333332165138],[77.51682679798854,13.016666665497722]]]}},{"type":"Feature","properties":{"lst_c":30.69,"lst_k":303.84,"lst_day_dn":15192,"qc_day":81,"lst_night_c":21.55,"lst_night_k":294.7,"lst_night_dn":14735,"qc_night":81,"modis_row":838,"modis_col":664,"source_product":"MOD11A2.061","composite_start":"2026-09-14","units":"degC","scale_factor":0.02},"geometry":{"type":"Polygon","coordinates":[[[77.52537990698093,13.016666665497722],[77.53393301597332,13.016666665497722],[77.53132700152095,13.008333332165138],[77.52277418000946,13.008333332165138],[77.52537990698093,13.016666665497722]]]}},{"type":"Feature","properties":{"lst_c":30.03,"lst_k":303.18,"lst_day_dn":15159,"qc_day":81,"lst_night_c":22.61,"lst_night_k":295.76,"lst_night_dn":14788,"qc_night":81,"modis_row":838,"modis_col":665,"source_product":"MOD11A2.061","composite_start":"2026-09-14","units":"degC","scale_factor":0.02},"geometry":{"type":"Polygon","coordinates":[[[77.53393301597332,13.016666665497722],[77.5424861249657,13.016666665497722],[77.53987982303242,13.008333332165138],[77.53132700152095,13.008333332165138],[77.53393301597332,13.016666665497722]]]}},{"type":"Feature","properties":{"lst_c":29.59,"lst_k":302.74,"lst_day_dn":15137,"qc_day":81,"lst_night_c":23.05,"lst_night_k":296.2,"lst_night_dn":14810,"qc_night":81,"modis_row":838,"modis_col":666,"source_product":"MOD11A2.061","composite_start":"2026-09-14","units":"degC","scale_factor":0.02},"geometry":{"type":"Polygon","coordinates":[[[77.5424861249657,13.016666665497722],[77.5510392339581,13.016666665497722],[77.5484326445439,13.008333332165138],[77.53987982303242,13.008333332165138],[77.5424861249657,13.016666665497722]]]}},{"type":"Feature","properties":{"lst_c":29.67,"lst_k":302.82,"lst_day_dn":15141,"qc_day":81,"lst_night_c":22.51,"lst_night_k":295.66,"lst_night_dn":14783,"qc_night":81,"modis_row":838,"modis_col":667,"source_product":"MOD11A2.061","composite_start":"2026-09-14","units":"degC","scale_factor":0.02},"geometry":{"type":"Polygon","coordinates":[[[77.5510392339581,13.016666665497722],[77.55959234295048,13.016666665497722],[77.55698546605538,13.008333332165138],[77.5484326445439,13.008333332165138],[77.5510392339581,13.016666665497722]]]}},{"type":"Feature","properties":{"lst_c":29.65,"lst_k":302.8,"lst_day_dn":15140,"qc_day":81,"lst_night_c":21.85,"lst_night_k":295.0,"lst_night_dn":14750,"qc_night":81,"modis_row":838,"modis_col":668,"source_product":"MOD11A2.061","composite_start":"2026-09-14","units":"degC","scale_factor":0.02},"geometry":{"type":"Polygon","coordinates":[[[77.55959234295048,13.016666665497722],[77.56814545194287,13.016666665497722],[77.56553828756685,13.008333332165138],[77.55698546605538,13.008333332165138],[77.55959234295048,13.016666665497722]]]}},{"type":"Feature","properties":{"lst_c":28.95,"lst_k":302.1,"lst_day_dn":15105,"qc_day":0,"lst_night_c":21.55,"lst_night_k":294.7,"lst_night_dn":14735,"qc_night":81,"modis_row":838,"modis_col":669,"source_product":"MOD11A2.061","composite_start":"2026-09-14","units":"degC","scale_factor":0.02},"geometry":{"type":"Polygon","coordinates":[[[77.56814545194287,13.016666665497722],[77.57669856093526,13.016666665497722],[77.57409110907832,13.008333332165138],[77.56553828756685,13.008333332165138],[77.56814545194287,13.016666665497722]]]}},{"type":"Feature","properties":{"lst_c":28.75,"lst_k":301.9,"lst_day_dn":15095,"qc_day":0,"lst_night_c":21.07,"lst_night_k":294.22,"lst_night_dn":14711,"qc_night":17,"modis_row":838,"modis_col":670,"source_product":"MOD11A2.061","composite_start":"2026-09-14","units":"degC","scale_factor":0.02},"geometry":{"type":"Polygon","coordinates":[[[77.57669856093526,13.016666665497722],[77.58525166992763,13.016666665497722],[77.5826439305898,13.008333332165138],[77.57409110907832,13.008333332165138],[77.57669856093526,13.016666665497722]]]}},{"type":"Feature","properties":{"lst_c":29.27,"lst_k":302.42,"lst_day_dn":15121,"qc_day":81,"lst_night_c":21.57,"lst_night_k":294.72,"lst_night_dn":14736,"qc_night":81,"modis_row":838,"modis_col":671,"source_product":"MOD11A2.061","composite_start":"2026-09-14","units":"degC","scale_factor":0.02},"geometry":{"type":"Polygon","coordinates":[[[77.58525166992763,13.016666665497722],[77.59380477892003,13.016666665497722],[77.59119675210128,13.008333332165138],[77.5826439305898,13.008333332165138],[77.58525166992763,13.016666665497722]]]}},{"type":"Feature","properties":{"lst_c":29.51,"lst_k":302.66,"lst_day_dn":15133,"qc_day":81,"lst_night_c":22.07,"lst_night_k":295.22,"lst_night_dn":14761,"qc_night":81,"modis_row":838,"modis_col":672,"source_product":"MOD11A2.061","composite_start":"2026-09-14","units":"degC","scale_factor":0.02},"geometry":{"type":"Polygon","coordinates":[[[77.59380477892003,13.016666665497722],[77.6023578879124,13.016666665497722],[77.59974957361275,13.008333332165138],[77.59119675210128,13.008333332165138],[77.59380477892003,13.016666665497722]]]}},{"type":"Feature","properties":{"lst_c":29.17,"lst_k":302.32,"lst_day_dn":15116,"qc_day":81,"lst_night_c":22.07,"lst_night_k":295.22,"lst_night_dn":14761,"qc_night":81,"modis_row":838,"modis_col":673,"source_product":"MOD11A2.061","composite_start":"2026-09-14","units":"degC","scale_factor":0.02},"geometry":{"type":"Polygon","coordinates":[[[77.6023578879124,13.016666665497722],[77.61091099690479,13.016666665497722],[77.60830239512423,13.008333332165138],[77.59974957361275,13.008333332165138],[77.6023578879124,13.016666665497722]]]}},{"type":"Feature","properties":{"lst_c":29.47,"lst_k":302.62,"lst_day_dn":15131,"qc_day":81,"lst_night_c":22.05,"lst_night_k":295.2,"lst_night_dn":14760,"qc_night":81,"modis_row":838,"modis_col":674,"source_product":"MOD11A2.061","composite_start":"2026-09-14","units":"degC","scale_factor":0.02},"geometry":{"type":"Polygon","coordinates":[[[77.61091099690479,13.016666665497722],[77.61946410589717,13.016666665497722],[77.61685521663568,13.008333332165138],[77.60830239512423,13.008333332165138],[77.61091099690479,13.016666665497722]]]}},{"type":"Feature","properties":{"lst_c":29.43,"lst_k":302.58,"lst_day_dn":15129,"qc_day":81,"lst_night_c":22.15,"lst_night_k":295.3,"lst_night_dn":14765,"qc_night":81,"modis_row":838,"modis_col":675,"source_product":"MOD11A2.061","composite_start":"2026-09-14","units":"degC","scale_factor":0.02},"geometry":{"type":"Polygon","coordinates":[[[77.61946410589717,13.016666665497722],[77.62801721488955,13.016666665497722],[77.62540803814717,13.008333332165138],[77.61685521663568,13.008333332165138],[77.61946410589717,13.016666665497722]]]}},{"type":"Feature","properties":{"lst_c":29.39,"lst_k":302.54,"lst_day_dn":15127,"qc_day":81,"lst_night_c":21.99,"lst_night_k":295.14,"lst_night_dn":14757,"qc_night":81,"modis_row":838,"modis_col":676,"source_product":"MOD11A2.061","composite_start":"2026-09-14","units":"degC","scale_factor":0.02},"geometry":{"type":"Polygon","coordinates":[[[77.62801721488955,13.016666665497722],[77.63657032388194,13.016666665497722],[77.63396085965864,13.008333332165138],[77.62540803814717,13.008333332165138],[77.62801721488955,13.016666665497722]]]}},{"type":"Feature","properties":{"lst_c":29.25,"lst_k":302.4,"lst_day_dn":15120,"qc_day":81,"lst_night_c":null,"lst_night_k":null,"lst_night_dn":0,"qc_night":2,"modis_row":838,"modis_col":677,"source_product":"MOD11A2.061","composite_start":"2026-09-14","units":"degC","scale_factor":0.02},"geometry":{"type":"Polygon","coordinates":[[[77.63657032388194,13.016666665497722],[77.64512343287433,13.016666665497722],[77.64251368117012,13.008333332165138],[77.63396085965864,13.008333332165138],[77.63657032388194,13.016666665497722]]]}},{"type":"Feature","properties":{"lst_c":28.87,"lst_k":302.02,"lst_day_dn":15101,"qc_day":81,"lst_night_c":null,"lst_night_k":null,"lst_night_dn":0,"qc_night":2,"modis_row":838,"modis_col":678,"source_product":"MOD11A2.061","composite_start":"2026-09-14","units":"degC","scale_factor":0.02},"geometry":{"type":"Polygon","coordinates":[[[77.64512343287433,13.016666665497722],[77.65367654186672,13.016666665497722],[77.65106650268159,13.008333332165138],[77.64251368117012,13.008333332165138],[77.64512343287433,13.016666665497722]]]}},{"type":"Feature","properties":{"lst_c":28.97,"lst_k":302.12,"lst_day_dn":15106,"qc_day":81,"lst_night_c":null,"lst_night_k":null,"lst_night_dn":0,"qc_night":2,"modis_row":838,"modis_col":679,"source_product":"MOD11A2.061","composite_start":"2026-09-14","units":"degC","scale_factor":0.02},"geometry":{"type":"Polygon","coordinates":[[[77.65367654186672,13.016666665497722],[77.66222965085909,13.016666665497722],[77.65961932419307,13.008333332165138],[77.65106650268159,13.008333332165138],[77.65367654186672,13.016666665497722]]]}},{"type":"Feature","properties":{"lst_c":28.99,"lst_k":302.14,"lst_day_dn":15107,"qc_day":81,"lst_night_c":null,"lst_night_k":null,"lst_night_dn":0,"qc_night":2,"modis_row":838,"modis_col":680,"source_product":"MOD11A2.061","composite_start":"2026-09-14","units":"degC","scale_factor":0.02},"geometry":{"type":"Polygon","coordinates":[[[77.66222965085909,13.016666665497722],[77.67078275985149,13.016666665497722],[77.66817214570455,13.008333332165138],[77.65961932419307,13.008333332165138],[77.66222965085909,13.016666665497722]]]}},{"type":"Feature","properties":{"lst_c":29.13,"lst_k":302.28,"lst_day_dn":15114,"qc_day":81,"lst_night_c":null,"lst_night_k":null,"lst_night_dn":0,"qc_night":2,"modis_row":838,"modis_col":681,"source_product":"MOD11A2.061","composite_start":"2026-09-14","units":"degC","scale_factor":0.02},"geometry":{"type":"Polygon","coordinates":[[[77.67078275985149,13.016666665497722],[77.67933586884388,13.016666665497722],[77.67672496721602,13.008333332165138],[77.66817214570455,13.008333332165138],[77.67078275985149,13.016666665497722]]]}},{"type":"Feature","properties":{"lst_c":28.79,"lst_k":301.94,"lst_day_dn":15097,"qc_day":17,"lst_night_c":null,"lst_night_k":null,"lst_night_dn":0,"qc_night":2,"modis_row":838,"modis_col":682,"source_product":"MOD11A2.061","composite_start":"2026-09-14","units":"degC","scale_factor":0.02},"geometry":{"type":"Polygon","coordinates":[[[77.67933586884388,13.016666665497722],[77.68788897783625,13.016666665497722],[77.6852777887275,13.008333332165138],[77.67672496721602,13.008333332165138],[77.67933586884388,13.016666665497722]]]}},{"type":"Feature","properties":{"lst_c":28.03,"lst_k":301.18,"lst_day_dn":15059,"qc_day":17,"lst_night_c":null,"lst_night_k":null,"lst_night_dn":0,"qc_night":2,"modis_row":838,"modis_col":683,"source_product":"MOD11A2.061","composite_start":"2026-09-14","units":"degC","scale_factor":0.02},"geometry":{"type":"Polygon","coordinates":[[[77.68788897783625,13.016666665497722],[77.69644208682865,13.016666665497722],[77.69383061023898,13.008333332165138],[77.6852777887275,13.008333332165138],[77.68788897783625,13.016666665497722]]]}},{"type":"Feature","properties":{"lst_c":27.85,"lst_k":301.0,"lst_day_dn":15050,"qc_day":17,"lst_night_c":null,"lst_night_k":null,"lst_night_dn":0,"qc_night":2,"modis_row":838,"modis_col":684,"source_product":"MOD11A2.061","composite_start":"2026-09-14","units":"degC","scale_factor":0.02},"geometry":{"type":"Polygon","coordinates":[[[77.69644208682865,13.016666665497722],[77.70499519582103,13.016666665497722],[77.70238343175045,13.008333332165138],[77.69383061023898,13.008333332165138],[77.69644208682865,13.016666665497722]]]}},{"type":"Feature","properties":{"lst_c":27.95,"lst_k":301.1,"lst_day_dn":15055,"qc_day":17,"lst_night_c":null,"lst_night_k":null,"lst_night_dn":0,"qc_night":2,"modis_row":838,"modis_col":685,"source_product":"MOD11A2.061","composite_start":"2026-09-14","units":"degC","scale_factor":0.02},"geometry":{"type":"Polygon","coordinates":[[[77.70499519582103,13.016666665497722],[77.71354830481341,13.016666665497722],[77.71093625326192,13.008333332165138],[77.70238343175045,13.008333332165138],[77.70499519582103,13.016666665497722]]]}},{"type":"Feature","properties":{"lst_c":27.57,"lst_k":300.72,"lst_day_dn":15036,"qc_day":0,"lst_night_c":null,"lst_night_k":null,"lst_night_dn":0,"qc_night":2,"modis_row":838,"modis_col":686,"source_product":"MOD11A2.061","composite_start":"2026-09-14","units":"degC","scale_factor":0.02},"geometry":{"type":"Polygon","coordinates":[[[77.71354830481341,13.016666665497722],[77.7221014138058,13.016666665497722],[77.7194890747734,13.008333332165138],[77.71093625326192,13.008333332165138],[77.71354830481341,13.016666665497722]]]}},{"type":"Feature","properties":{"lst_c":27.15,"lst_k":300.3,"lst_day_dn":15015,"qc_day":0,"lst_night_c":null,"lst_night_k":null,"lst_night_dn":0,"qc_night":2,"modis_row":838,"modis_col":687,"source_product":"MOD11A2.061","composite_start":"2026-09-14","units":"degC","scale_factor":0.02},"geometry":{"type":"Polygon","coordinates":[[[77.7221014138058,13.016666665497722],[77.73065452279819,13.016666665497722],[77.72804189628488,13.008333332165138],[77.7194890747734,13.008333332165138],[77.7221014138058,13.016666665497722]]]}},{"type":"Feature","properties":{"lst_c":27.19,"lst_k":300.34,"lst_day_dn":15017,"qc_day":0,"lst_night_c":null,"lst_night_k":null,"lst_night_dn":0,"qc_night":2,"modis_row":838,"modis_col":688,"source_product":"MOD11A2.061","composite_start":"2026-09-14","units":"degC","scale_factor":0.02},"geometry":{"type":"Polygon","coordinates":[[[77.73065452279819,13.016666665497722],[77.73920763179058,13.016666665497722],[77.73659471779635,13.008333332165138],[77.72804189628488,13.008333332165138],[77.73065452279819,13.016666665497722]]]}},{"type":"Feature","properties":{"lst_c":27.29,"lst_k":300.44,"lst_day_dn":15022,"qc_day":0,"lst_night_c":null,"lst_night_k":null,"lst_night_dn":0,"qc_night":2,"modis_row":838,"modis_col":689,"source_product":"MOD11A2.061","composite_start":"2026-09-14","units":"degC","scale_factor":0.02},"geometry":{"type":"Polygon","coordinates":[[[77.73920763179058,13.016666665497722],[77.74776074078295,13.016666665497722],[77.74514753930781,13.008333332165138],[77.73659471779635,13.008333332165138],[77.73920763179058,13.016666665497722]]]}},{"type":"Feature","properties":{"lst_c":27.41,"lst_k":300.56,"lst_day_dn":15028,"qc_day":0,"lst_night_c":null,"lst_night_k":null,"lst_night_dn":0,"qc_night":2,"modis_row":838,"modis_col":690,"source_product":"MOD11A2.061","composite_start":"2026-09-14","units":"degC","scale_factor":0.02},"geometry":{"type":"Polygon","coordinates":[[[77.74776074078295,13.016666665497722],[77.75631384977534,13.016666665497722],[77.7537003608193,13.008333332165138],[77.74514753930781,13.008333332165138],[77.74776074078295,13.016666665497722]]]}},{"type":"Feature","properties":{"lst_c":27.53,"lst_k":300.68,"lst_day_dn":15034,"qc_day":0,"lst_night_c":null,"lst_night_k":null,"lst_night_dn":0,"qc_night":2,"modis_row":838,"modis_col":691,"source_product":"MOD11A2.061","composite_start":"2026-09-14","units":"degC","scale_factor":0.02},"geometry":{"type":"Polygon","coordinates":[[[77.75631384977534,13.016666665497722],[77.76486695876771,13.016666665497722],[77.76225318233077,13.008333332165138],[77.7537003608193,13.008333332165138],[77.75631384977534,13.016666665497722]]]}},{"type":"Feature","properties":{"lst_c":27.69,"lst_k":300.84,"lst_day_dn":15042,"qc_day":0,"lst_night_c":null,"lst_night_k":null,"lst_night_dn":0,"qc_night":2,"modis_row":838,"modis_col":692,"source_product":"MOD11A2.061","composite_start":"2026-09-14","units":"degC","scale_factor":0.02},"geometry":{"type":"Polygon","coordinates":[[[77.76486695876771,13.016666665497722],[77.77342006776011,13.016666665497722],[77.77080600384224,13.008333332165138],[77.76225318233077,13.008333332165138],[77.76486695876771,13.016666665497722]]]}},{"type":"Feature","properties":{"lst_c":27.51,"lst_k":300.66,"lst_day_dn":15033,"qc_day":0,"lst_night_c":null,"lst_night_k":null,"lst_night_dn":0,"qc_night":2,"modis_row":838,"modis_col":693,"source_product":"MOD11A2.061","composite_start":"2026-09-14","units":"degC","scale_factor":0.02},"geometry":{"type":"Polygon","coordinates":[[[77.77342006776011,13.016666665497722],[77.78197317675249,13.016666665497722],[77.77935882535371,13.008333332165138],[77.77080600384224,13.008333332165138],[77.77342006776011,13.016666665497722]]]}},{"type":"Feature","properties":{"lst_c":27.37,"lst_k":300.52,"lst_day_dn":15026,"qc_day":0,"lst_night_c":null,"lst_night_k":null,"lst_night_dn":0,"qc_night":2,"modis_row":838,"modis_col":694,"source_product":"MOD11A2.061","composite_start":"2026-09-14","units":"degC","scale_factor":0.02},"geometry":{"type":"Polygon","coordinates":[[[77.78197317675249,13.016666665497722],[77.79052628574487,13.016666665497722],[77.7879116468652,13.008333332165138],[77.77935882535371,13.008333332165138],[77.78197317675249,13.016666665497722]]]}},{"type":"Feature","properties":{"lst_c":27.31,"lst_k":300.46,"lst_day_dn":15023,"qc_day":0,"lst_night_c":null,"lst_night_k":null,"lst_night_dn":0,"qc_night":2,"modis_row":838,"modis_col":695,"source_product":"MOD11A2.061","composite_start":"2026-09-14","units":"degC","scale_factor":0.02},"geometry":{"type":"Polygon","coordinates":[[[77.79052628574487,13.016666665497722],[77.79907939473728,13.016666665497722],[77.79646446837667,13.008333332165138],[77.7879116468652,13.008333332165138],[77.79052628574487,13.016666665497722]]]}},{"type":"Feature","properties":{"lst_c":27.21,"lst_k":300.36,"lst_day_dn":15018,"qc_day":0,"lst_night_c":null,"lst_night_k":null,"lst_night_dn":0,"qc_night":2,"modis_row":838,"modis_col":696,"source_product":"MOD11A2.061","composite_start":"2026-09-14","units":"degC","scale_factor":0.02},"geometry":{"type":"Polygon","coordinates":[[[77.79907939473728,13.016666665497722],[77.80763250372965,13.016666665497722],[77.80501728988814,13.008333332165138],[77.79646446837667,13.008333332165138],[77.79907939473728,13.016666665497722]]]}},{"type":"Feature","properties":{"lst_c":31.01,"lst_k":304.16,"lst_day_dn":15208,"qc_day":0,"lst_night_c":20.03,"lst_night_k":293.18,"lst_night_dn":14659,"qc_night":0,"modis_row":839,"modis_col":653,"source_product":"MOD11A2.061","composite_start":"2026-09-14","units":"degC","scale_factor":0.02},"geometry":{"type":"Polygon","coordinates":[[[77.42869314338326,13.008333332165138],[77.43724596489473,13.008333332165138],[77.43464492569329,12.999999998832553],[77.42609239146248,12.999999998832553],[77.42869314338326,13.008333332165138]]]}},{"type":"Feature","properties":{"lst_c":30.83,"lst_k":303.98,"lst_day_dn":15199,"qc_day":0,"lst_night_c":20.25,"lst_night_k":293.4,"lst_night_dn":14670,"qc_night":0,"modis_row":839,"modis_col":654,"source_product":"MOD11A2.061","composite_start":"2026-09-14","units":"degC","scale_factor":0.02},"geometry":{"type":"Polygon","coordinates":[[[77.43724596489473,13.008333332165138],[77.4457987864062,13.008333332165138],[77.4431974599241,12.999999998832553],[77.43464492569329,12.999999998832553],[77.43724596489473,13.008333332165138]]]}},{"type":"Feature","properties":{"lst_c":30.47,"lst_k":303.62,"lst_day_dn":15181,"qc_day":0,"lst_night_c":20.35,"lst_night_k":293.5,"lst_night_dn":14675,"qc_night":0,"modis_row":839,"modis_col":655,"source_product":"MOD11A2.061","composite_start":"2026-09-14","units":"degC","scale_factor":0.02},"geometry":{"type":"Polygon","coordinates":[[[77.4457987864062,13.008333332165138],[77.45435160791769,13.008333332165138],[77.4517499941549,12.999999998832553],[77.4431974599241,12.999999998832553],[77.4457987864062,13.008333332165138]]]}},{"type":"Feature","properties":{"lst_c":30.31,"lst_k":303.46,"lst_day_dn":15173,"qc_day":0,"lst_night_c":20.29,"lst_night_k":293.44,"lst_night_dn":14672,"qc_night":0,"modis_row":839,"modis_col":656,"source_product":"MOD11A2.061","composite_start":"2026-09-14","units":"degC","scale_factor":0.02},"geometry":{"type":"Polygon","coordinates":[[[77.45435160791769,13.008333332165138],[77.46290442942916,13.008333332165138],[77.46030252838571,12.999999998832553],[77.4517499941549,12.999999998832553],[77.45435160791769,13.008333332165138]]]}},{"type":"Feature","properties":{"lst_c":30.77,"lst_k":303.92,"lst_day_dn":15196,"qc_day":0,"lst_night_c":20.05,"lst_night_k":293.2,"lst_night_dn":14660,"qc_night":0,"modis_row":839,"modis_col":657,"source_product":"MOD11A2.061","composite_start":"2026-09-14","units":"degC","scale_factor":0.02},"geometry":{"type":"Polygon","coordinates":[[[77.46290442942916,13.008333332165138],[77.47145725094063,13.008333332165138],[77.4688550626165,12.999999998832553],[77.46030252838571,12.999999998832553],[77.46290442942916,13.008333332165138]]]}},{"type":"Feature","properties":{"lst_c":30.47,"lst_k":303.62,"lst_day_dn":15181,"qc_day":0,"lst_night_c":20.41,"lst_night_k":293.56,"lst_night_dn":14678,"qc_night":0,"modis_row":839,"modis_col":658,"source_product":"MOD11A2.061","composite_start":"2026-09-14","units":"degC","scale_factor":0.02},"geometry":{"type":"Polygon","coordinates":[[[77.47145725094063,13.008333332165138],[77.4800100724521,13.008333332165138],[77.47740759684731,12.999999998832553],[77.4688550626165,12.999999998832553],[77.47145725094063,13.008333332165138]]]}},{"type":"Feature","properties":{"lst_c":30.05,"lst_k":303.2,"lst_day_dn":15160,"qc_day":0,"lst_night_c":22.11,"lst_night_k":295.26,"lst_night_dn":14763,"qc_night":0,"modis_row":839,"modis_col":659,"source_product":"MOD11A2.061","composite_start":"2026-09-14","units":"degC","scale_factor":0.02},"geometry":{"type":"Polygon","coordinates":[[[77.4800100724521,13.008333332165138],[77.48856289396356,13.008333332165138],[77.4859601310781,12.999999998832553],[77.47740759684731,12.999999998832553],[77.4800100724521,13.008333332165138]]]}},{"type":"Feature","properties":{"lst_c":30.05,"lst_k":303.2,"lst_day_dn":15160,"qc_day":0,"lst_night_c":22.39,"lst_night_k":295.54,"lst_night_dn":14777,"qc_night":65,"modis_row":839,"modis_col":660,"source_product":"MOD11A2.061","composite_start":"2026-09-14","units":"degC","scale_factor":0.02},"geometry":{"type":"Polygon","coordinates":[[[77.48856289396356,13.008333332165138],[77.49711571547505,13.008333332165138],[77.4945126653089,12.999999998832553],[77.4859601310781,12.999999998832553],[77.48856289396356,13.008333332165138]]]}},{"type":"Feature","properties":{"lst_c":31.27,"lst_k":304.42,"lst_day_dn":15221,"qc_day":0,"lst_night_c":22.65,"lst_night_k":295.8,"lst_night_dn":14790,"qc_night":81,"modis_row":839,"modis_col":661,"source_product":"MOD11A2.061","composite_start":"2026-09-14","units":"degC","scale_factor":0.02},"geometry":{"type":"Polygon","coordinates":[[[77.49711571547505,13.008333332165138],[77.50566853698652,13.008333332165138],[77.5030651995397,12.999999998832553],[77.4945126653089,12.999999998832553],[77.49711571547505,13.008333332165138]]]}},{"type":"Feature","properties":{"lst_c":31.37,"lst_k":304.52,"lst_day_dn":15226,"qc_day":81,"lst_night_c":21.37,"lst_night_k":294.52,"lst_night_dn":14726,"qc_night":65,"modis_row":839,"modis_col":662,"source_product":"MOD11A2.061","composite_start":"2026-09-14","units":"degC","scale_factor":0.02},"geometry":{"type":"Polygon","coordinates":[[[77.50566853698652,13.008333332165138],[77.51422135849799,13.008333332165138],[77.5116177337705,12.999999998832553],[77.5030651995397,12.999999998832553],[77.50566853698652,13.008333332165138]]]}},{"type":"Feature","properties":{"lst_c":31.21,"lst_k":304.36,"lst_day_dn":15218,"qc_day":81,"lst_night_c":20.75,"lst_night_k":293.9,"lst_night_dn":14695,"qc_night":81,"modis_row":839,"modis_col":663,"source_product":"MOD11A2.061","composite_start":"2026-09-14","units":"degC","scale_factor":0.02},"geometry":{"type":"Polygon","coordinates":[[[77.51422135849799,13.008333332165138],[77.52277418000946,13.008333332165138],[77.52017026800131,12.999999998832553],[77.5116177337705,12.999999998832553],[77.51422135849799,13.008333332165138]]]}},{"type":"Feature","properties":{"lst_c":31.01,"lst_k":304.16,"lst_day_dn":15208,"qc_day":81,"lst_night_c":21.75,"lst_night_k":294.9,"lst_night_dn":14745,"qc_night":81,"modis_row":839,"modis_col":664,"source_product":"MOD11A2.061","composite_start":"2026-09-14","units":"degC","scale_factor":0.02},"geometry":{"type":"Polygon","coordinates":[[[77.52277418000946,13.008333332165138],[77.53132700152095,13.008333332165138],[77.52872280223212,12.999999998832553],[77.52017026800131,12.999999998832553],[77.52277418000946,13.008333332165138]]]}},{"type":"Feature","properties":{"lst_c":29.75,"lst_k":302.9,"lst_day_dn":15145,"qc_day":81,"lst_night_c":22.71,"lst_night_k":295.86,"lst_night_dn":14793,"qc_night":81,"modis_row":839,"modis_col":665,"source_product":"MOD11A2.061","composite_start":"2026-09-14","units":"degC","scale_factor":0.02},"geometry":{"type":"Polygon","coordinates":[[[77.53132700152095,13.008333332165138],[77.53987982303242,13.008333332165138],[77.53727533646293,12.999999998832553],[77.52872280223212,12.999999998832553],[77.53132700152095,13.008333332165138]]]}},{"type":"Feature","properties":{"lst_c":29.63,"lst_k":302.78,"lst_day_dn":15139,"qc_day":81,"lst_night_c":23.01,"lst_night_k":296.16,"lst_night_dn":14808,"qc_night":81,"modis_row":839,"modis_col":666,"source_product":"MOD11A2.061","composite_start":"2026-09-14","units":"degC","scale_factor":0.02},"geometry":{"type":"Polygon","coordinates":[[[77.53987982303242,13.008333332165138],[77.5484326445439,13.008333332165138],[77.54582787069373,12.999999998832553],[77.53727533646293,12.999999998832553],[77.53987982303242,13.008333332165138]]]}},{"type":"Feature","properties":{"lst_c":29.57,"lst_k":302.72,"lst_day_dn":15136,"qc_day":81,"lst_night_c":23.15,"lst_night_k":296.3,"lst_night_dn":14815,"qc_night":81,"modis_row":839,"modis_col":667,"source_product":"MOD11A2.061","composite_start":"2026-09-14","units":"degC","scale_factor":0.02},"geometry":{"type":"Polygon","coordinates":[[[77.5484326445439,13.008333332165138],[77.55698546605538,13.008333332165138],[77.55438040492453,12.999999998832553],[77.54582787069373,12.999999998832553],[77.5484326445439,13.008333332165138]]]}},{"type":"Feature","properties":{"lst_c":29.59,"lst_k":302.74,"lst_day_dn":15137,"qc_day":81,"lst_night_c":22.97,"lst_night_k":296.12,"lst_night_dn":14806,"qc_night":81,"modis_row":839,"modis_col":668,"source_product":"MOD11A2.061","composite_start":"2026-09-14","units":"degC","scale_factor":0.02},"geometry":{"type":"Polygon","coordinates":[[[77.55698546605538,13.008333332165138],[77.56553828756685,13.008333332165138],[77.56293293915533,12.999999998832553],[77.55438040492453,12.999999998832553],[77.55698546605538,13.008333332165138]]]}},{"type":"Feature","properties":{"lst_c":29.75,"lst_k":302.9,"lst_day_dn":15145,"qc_day":81,"lst_night_c":22.87,"lst_night_k":296.02,"lst_night_dn":14801,"qc_night":17,"modis_row":839,"modis_col":669,"source_product":"MOD11A2.061","composite_start":"2026-09-14","units":"degC","scale_factor":0.02},"geometry":{"type":"Polygon","coordinates":[[[77.56553828756685,13.008333332165138],[77.57409110907832,13.008333332165138],[77.57148547338615,12.999999998832553],[77.56293293915533,12.999999998832553],[77.56553828756685,13.008333332165138]]]}},{"type":"Feature","properties":{"lst_c":29.17,"lst_k":302.32,"lst_day_dn":15116,"qc_day":81,"lst_night_c":22.07,"lst_night_k":295.22,"lst_night_dn":14761,"qc_night":17,"modis_row":839,"modis_col":670,"source_product":"MOD11A2.061","composite_start":"2026-09-14","units":"degC","scale_factor":0.02},"geometry":{"type":"Polygon","coordinates":[[[77.57409110907832,13.008333332165138],[77.5826439305898,13.008333332165138],[77.58003800761695,12.999999998832553],[77.57148547338615,12.999999998832553],[77.57409110907832,13.008333332165138]]]}},{"type":"Feature","properties":{"lst_c":29.11,"lst_k":302.26,"lst_day_dn":15113,"qc_day":17,"lst_night_c":21.37,"lst_night_k":294.52,"lst_night_dn":14726,"qc_night":81,"modis_row":839,"modis_col":671,"source_product":"MOD11A2.061","composite_start":"2026-09-14","units":"degC","scale_factor":0.02},"geometry":{"type":"Polygon","coordinates":[[[77.5826439305898,13.008333332165138],[77.59119675210128,13.008333332165138],[77.58859054184775,12.999999998832553],[77.58003800761695,12.999999998832553],[77.5826439305898,13.008333332165138]]]}},{"type":"Feature","properties":{"lst_c":29.41,"lst_k":302.56,"lst_day_dn":15128,"qc_day":17,"lst_night_c":21.25,"lst_night_k":294.4,"lst_night_dn":14720,"qc_night":81,"modis_row":839,"modis_col":672,"source_product":"MOD11A2.061","composite_start":"2026-09-14","units":"degC","scale_factor":0.02},"geometry":{"type":"Polygon","coordinates":[[[77.59119675210128,13.008333332165138],[77.59974957361275,13.008333332165138],[77.59714307607855,12.999999998832553],[77.58859054184775,12.999999998832553],[77.59119675210128,13.008333332165138]]]}},{"type":"Feature","properties":{"lst_c":29.09,"lst_k":302.24,"lst_day_dn":15112,"qc_day":81,"lst_night_c":21.81,"lst_night_k":294.96,"lst_night_dn":14748,"qc_night":81,"modis_row":839,"modis_col":673,"source_product":"MOD11A2.061","composite_start":"2026-09-14","units":"degC","scale_factor":0.02},"geometry":{"type":"Polygon","coordinates":[[[77.59974957361275,13.008333332165138],[77.60830239512423,13.008333332165138],[77.60569561030935,12.999999998832553],[77.59714307607855,12.999999998832553],[77.59974957361275,13.008333332165138]]]}},{"type":"Feature","properties":{"lst_c":28.87,"lst_k":302.02,"lst_day_dn":15101,"qc_day":81,"lst_night_c":21.75,"lst_night_k":294.9,"lst_night_dn":14745,"qc_night":81,"modis_row":839,"modis_col":674,"source_product":"MOD11A2.061","composite_start":"2026-09-14","units":"degC","scale_factor":0.02},"geometry":{"type":"Polygon","coordinates":[[[77.60830239512423,13.008333332165138],[77.61685521663568,13.008333332165138],[77.61424814454016,12.999999998832553],[77.60569561030935,12.999999998832553],[77.60830239512423,13.008333332165138]]]}},{"type":"Feature","properties":{"lst_c":28.83,"lst_k":301.98,"lst_day_dn":15099,"qc_day":81,"lst_night_c":21.83,"lst_night_k":294.98,"lst_night_dn":14749,"qc_night":81,"modis_row":839,"modis_col":675,"source_product":"MOD11A2.061","composite_start":"2026-09-14","units":"degC","scale_factor":0.02},"geometry":{"type":"Polygon","coordinates":[[[77.61685521663568,13.008333332165138],[77.62540803814717,13.008333332165138],[77.62280067877094,12.999999998832553],[77.61424814454016,12.999999998832553],[77.61685521663568,13.008333332165138]]]}},{"type":"Feature","properties":{"lst_c":28.85,"lst_k":302.0,"lst_day_dn":15100,"qc_day":81,"lst_night_c":21.21,"lst_night_k":294.36,"lst_night_dn":14718,"qc_night":81,"modis_row":839,"modis_col":676,"source_product":"MOD11A2.061","composite_start":"2026-09-14","units":"degC","scale_factor":0.02},"geometry":{"type":"Polygon","coordinates":[[[77.62540803814717,13.008333332165138],[77.63396085965864,13.008333332165138],[77.63135321300176,12.999999998832553],[77.62280067877094,12.999999998832553],[77.62540803814717,13.008333332165138]]]}},{"type":"Feature","properties":{"lst_c":29.11,"lst_k":302.26,"lst_day_dn":15113,"qc_day":81,"lst_night_c":21.07,"lst_night_k":294.22,"lst_night_dn":14711,"qc_night":81,"modis_row":839,"modis_col":677,"source_product":"MOD11A2.061","composite_start":"2026-09-14","units":"degC","scale_factor":0.02},"geometry":{"type":"Polygon","coordinates":[[[77.63396085965864,13.008333332165138],[77.64251368117012,13.008333332165138],[77.63990574723256,12.999999998832553],[77.63135321300176,12.999999998832553],[77.63396085965864,13.008333332165138]]]}},{"type":"Feature","properties":{"lst_c":28.61,"lst_k":301.76,"lst_day_dn":15088,"qc_day":81,"lst_night_c":null,"lst_night_k":null,"lst_night_dn":0,"qc_night":2,"modis_row":839,"modis_col":678,"source_product":"MOD11A2.061","composite_start":"2026-09-14","units":"degC","scale_factor":0.02},"geometry":{"type":"Polygon","coordinates":[[[77.64251368117012,13.008333332165138],[77.65106650268159,13.008333332165138],[77.64845828146336,12.999999998832553],[77.63990574723256,12.999999998832553],[77.64251368117012,13.008333332165138]]]}},{"type":"Feature","properties":{"lst_c":28.43,"lst_k":301.58,"lst_day_dn":15079,"qc_day":81,"lst_night_c":null,"lst_night_k":null,"lst_night_dn":0,"qc_night":2,"modis_row":839,"modis_col":679,"source_product":"MOD11A2.061","composite_start":"2026-09-14","units":"degC","scale_factor":0.02},"geometry":{"type":"Polygon","coordinates":[[[77.65106650268159,13.008333332165138],[77.65961932419307,13.008333332165138],[77.65701081569418,12.999999998832553],[77.64845828146336,12.999999998832553],[77.65106650268159,13.008333332165138]]]}},{"type":"Feature","properties":{"lst_c":28.35,"lst_k":301.5,"lst_day_dn":15075,"qc_day":81,"lst_night_c":null,"lst_night_k":null,"lst_night_dn":0,"qc_night":2,"modis_row":839,"modis_col":680,"source_product":"MOD11A2.061","composite_start":"2026-09-14","units":"degC","scale_factor":0.02},"geometry":{"type":"Polygon","coordinates":[[[77.65961932419307,13.008333332165138],[77.66817214570455,13.008333332165138],[77.66556334992497,12.999999998832553],[77.65701081569418,12.999999998832553],[77.65961932419307,13.008333332165138]]]}},{"type":"Feature","properties":{"lst_c":28.65,"lst_k":301.8,"lst_day_dn":15090,"qc_day":81,"lst_night_c":null,"lst_night_k":null,"lst_night_dn":0,"qc_night":2,"modis_row":839,"modis_col":681,"source_product":"MOD11A2.061","composite_start":"2026-09-14","units":"degC","scale_factor":0.02},"geometry":{"type":"Polygon","coordinates":[[[77.66817214570455,13.008333332165138],[77.67672496721602,13.008333332165138],[77.67411588415578,12.999999998832553],[77.66556334992497,12.999999998832553],[77.66817214570455,13.008333332165138]]]}},{"type":"Feature","properties":{"lst_c":28.87,"lst_k":302.02,"lst_day_dn":15101,"qc_day":81,"lst_night_c":null,"lst_night_k":null,"lst_night_dn":0,"qc_night":2,"modis_row":839,"modis_col":682,"source_product":"MOD11A2.061","composite_start":"2026-09-14","units":"degC","scale_factor":0.02},"geometry":{"type":"Polygon","coordinates":[[[77.67672496721602,13.008333332165138],[77.6852777887275,13.008333332165138],[77.68266841838658,12.999999998832553],[77.67411588415578,12.999999998832553],[77.67672496721602,13.008333332165138]]]}},{"type":"Feature","properties":{"lst_c":28.49,"lst_k":301.64,"lst_day_dn":15082,"qc_day":17,"lst_night_c":null,"lst_night_k":null,"lst_night_dn":0,"qc_night":2,"modis_row":839,"modis_col":683,"source_product":"MOD11A2.061","composite_start":"2026-09-14","units":"degC","scale_factor":0.02},"geometry":{"type":"Polygon","coordinates":[[[77.6852777887275,13.008333332165138],[77.69383061023898,13.008333332165138],[77.69122095261739,12.999999998832553],[77.68266841838658,12.999999998832553],[77.6852777887275,13.008333332165138]]]}},{"type":"Feature","properties":{"lst_c":28.09,"lst_k":301.24,"lst_day_dn":15062,"qc_day":17,"lst_night_c":null,"lst_night_k":null,"lst_night_dn":0,"qc_night":2,"modis_row":839,"modis_col":684,"source_product":"MOD11A2.061","composite_start":"2026-09-14","units":"degC","scale_factor":0.02},"geometry":{"type":"Polygon","coordinates":[[[77.69383061023898,13.008333332165138],[77.70238343175045,13.008333332165138],[77.69977348684819,12.999999998832553],[77.69122095261739,12.999999998832553],[77.69383061023898,13.008333332165138]]]}},{"type":"Feature","properties":{"lst_c":28.15,"lst_k":301.3,"lst_day_dn":15065,"qc_day":0,"lst_night_c":null,"lst_night_k":null,"lst_night_dn":0,"qc_night":2,"modis_row":839,"modis_col":685,"source_product":"MOD11A2.061","composite_start":"2026-09-14","units":"degC","scale_factor":0.02},"geometry":{"type":"Polygon","coordinates":[[[77.70238343175045,13.008333332165138],[77.71093625326192,13.008333332165138],[77.708326021079,12.999999998832553],[77.69977348684819,12.999999998832553],[77.70238343175045,13.008333332165138]]]}},{"type":"Feature","properties":{"lst_c":27.73,"lst_k":300.88,"lst_day_dn":15044,"qc_day":0,"lst_night_c":null,"lst_night_k":null,"lst_night_dn":0,"qc_night":2,"modis_row":839,"modis_col":686,"source_product":"MOD11A2.061","composite_start":"2026-09-14","units":"degC","scale_factor":0.02},"geometry":{"type":"Polygon","coordinates":[[[77.71093625326192,13.008333332165138],[77.7194890747734,13.008333332165138],[77.7168785553098,12.999999998832553],[77.708326021079,12.999999998832553],[77.71093625326192,13.008333332165138]]]}},{"type":"Feature","properties":{"lst_c":27.57,"lst_k":300.72,"lst_day_dn":15036,"qc_day":0,"lst_night_c":null,"lst_night_k":null,"lst_night_dn":0,"qc_night":2,"modis_row":839,"modis_col":687,"source_product":"MOD11A2.061","composite_start":"2026-09-14","units":"degC","scale_factor":0.02},"geometry":{"type":"Polygon","coordinates":[[[77.7194890747734,13.008333332165138],[77.72804189628488,13.008333332165138],[77.7254310895406,12.999999998832553],[77.7168785553098,12.999999998832553],[77.7194890747734,13.008333332165138]]]}},{"type":"Feature","properties":{"lst_c":27.55,"lst_k":300.7,"lst_day_dn":15035,"qc_day":0,"lst_night_c":null,"lst_night_k":null,"lst_night_dn":0,"qc_night":2,"modis_row":839,"modis_col":688,"source_product":"MOD11A2.061","composite_start":"2026-09-14","units":"degC","scale_factor":0.02},"geometry":{"type":"Polygon","coordinates":[[[77.72804189628488,13.008333332165138],[77.73659471779635,13.008333332165138],[77.73398362377141,12.999999998832553],[77.7254310895406,12.999999998832553],[77.72804189628488,13.008333332165138]]]}},{"type":"Feature","properties":{"lst_c":27.53,"lst_k":300.68,"lst_day_dn":15034,"qc_day":0,"lst_night_c":null,"lst_night_k":null,"lst_night_dn":0,"qc_night":2,"modis_row":839,"modis_col":689,"source_product":"MOD11A2.061","composite_start":"2026-09-14","units":"degC","scale_factor":0.02},"geometry":{"type":"Polygon","coordinates":[[[77.73659471779635,13.008333332165138],[77.74514753930781,13.008333332165138],[77.7425361580022,12.999999998832553],[77.73398362377141,12.999999998832553],[77.73659471779635,13.008333332165138]]]}},{"type":"Feature","properties":{"lst_c":27.73,"lst_k":300.88,"lst_day_dn":15044,"qc_day":0,"lst_night_c":null,"lst_night_k":null,"lst_night_dn":0,"qc_night":2,"modis_row":839,"modis_col":690,"source_product":"MOD11A2.061","composite_start":"2026-09-14","units":"degC","scale_factor":0.02},"geometry":{"type":"Polygon","coordinates":[[[77.74514753930781,13.008333332165138],[77.7537003608193,13.008333332165138],[77.75108869223301,12.999999998832553],[77.7425361580022,12.999999998832553],[77.74514753930781,13.008333332165138]]]}},{"type":"Feature","properties":{"lst_c":27.69,"lst_k":300.84,"lst_day_dn":15042,"qc_day":0,"lst_night_c":null,"lst_night_k":null,"lst_night_dn":0,"qc_night":2,"modis_row":839,"modis_col":691,"source_product":"MOD11A2.061","composite_start":"2026-09-14","units":"degC","scale_factor":0.02},"geometry":{"type":"Polygon","coordinates":[[[77.7537003608193,13.008333332165138],[77.76225318233077,13.008333332165138],[77.7596412264638,12.999999998832553],[77.75108869223301,12.999999998832553],[77.7537003608193,13.008333332165138]]]}},{"type":"Feature","properties":{"lst_c":27.61,"lst_k":300.76,"lst_day_dn":15038,"qc_day":0,"lst_night_c":null,"lst_night_k":null,"lst_night_dn":0,"qc_night":2,"modis_row":839,"modis_col":692,"source_product":"MOD11A2.061","composite_start":"2026-09-14","units":"degC","scale_factor":0.02},"geometry":{"type":"Polygon","coordinates":[[[77.76225318233077,13.008333332165138],[77.77080600384224,13.008333332165138],[77.76819376069461,12.999999998832553],[77.7596412264638,12.999999998832553],[77.76225318233077,13.008333332165138]]]}},{"type":"Feature","properties":{"lst_c":27.57,"lst_k":300.72,"lst_day_dn":15036,"qc_day":0,"lst_night_c":null,"lst_night_k":null,"lst_night_dn":0,"qc_night":2,"modis_row":839,"modis_col":693,"source_product":"MOD11A2.061","composite_start":"2026-09-14","units":"degC","scale_factor":0.02},"geometry":{"type":"Polygon","coordinates":[[[77.77080600384224,13.008333332165138],[77.77935882535371,13.008333332165138],[77.77674629492542,12.999999998832553],[77.76819376069461,12.999999998832553],[77.77080600384224,13.008333332165138]]]}},{"type":"Feature","properties":{"lst_c":27.51,"lst_k":300.66,"lst_day_dn":15033,"qc_day":0,"lst_night_c":null,"lst_night_k":null,"lst_night_dn":0,"qc_night":2,"modis_row":839,"modis_col":694,"source_product":"MOD11A2.061","composite_start":"2026-09-14","units":"degC","scale_factor":0.02},"geometry":{"type":"Polygon","coordinates":[[[77.77935882535371,13.008333332165138],[77.7879116468652,13.008333332165138],[77.78529882915622,12.999999998832553],[77.77674629492542,12.999999998832553],[77.77935882535371,13.008333332165138]]]}},{"type":"Feature","properties":{"lst_c":27.71,"lst_k":300.86,"lst_day_dn":15043,"qc_day":0,"lst_night_c":null,"lst_night_k":null,"lst_night_dn":0,"qc_night":2,"modis_row":839,"modis_col":695,"source_product":"MOD11A2.061","composite_start":"2026-09-14","units":"degC","scale_factor":0.02},"geometry":{"type":"Polygon","coordinates":[[[77.7879116468652,13.008333332165138],[77.79646446837667,13.008333332165138],[77.79385136338703,12.999999998832553],[77.78529882915622,12.999999998832553],[77.7879116468652,13.008333332165138]]]}},{"type":"Feature","properties":{"lst_c":27.69,"lst_k":300.84,"lst_day_dn":15042,"qc_day":0,"lst_night_c":null,"lst_night_k":null,"lst_night_dn":0,"qc_night":2,"modis_row":839,"modis_col":696,"source_product":"MOD11A2.061","composite_start":"2026-09-14","units":"degC","scale_factor":0.02},"geometry":{"type":"Polygon","coordinates":[[[77.79646446837667,13.008333332165138],[77.80501728988814,13.008333332165138],[77.80240389761782,12.999999998832553],[77.79385136338703,12.999999998832553],[77.79646446837667,13.008333332165138]]]}},{"type":"Feature","properties":{"lst_c":30.45,"lst_k":303.6,"lst_day_dn":15180,"qc_day":0,"lst_night_c":19.73,"lst_night_k":292.88,"lst_night_dn":14644,"qc_night":0,"modis_row":840,"modis_col":653,"source_product":"MOD11A2.061","composite_start":"2026-09-14","units":"degC","scale_factor":0.02},"geometry":{"type":"Polygon","coordinates":[[[77.42609239146248,12.999999998832553],[77.43464492569329,12.999999998832553],[77.43204569916007,12.991666665499968],[77.42349345200975,12.991666665499968],[77.42609239146248,12.999999998832553]]]}},{"type":"Feature","properties":{"lst_c":30.45,"lst_k":303.6,"lst_day_dn":15180,"qc_day":0,"lst_night_c":19.97,"lst_night_k":293.12,"lst_night_dn":14656,"qc_night":0,"modis_row":840,"modis_col":654,"source_product":"MOD11A2.061","composite_start":"2026-09-14","units":"degC","scale_factor":0.02},"geometry":{"type":"Polygon","coordinates":[[[77.43464492569329,12.999999998832553],[77.4431974599241,12.999999998832553],[77.44059794631042,12.991666665499968],[77.43204569916007,12.991666665499968],[77.43464492569329,12.999999998832553]]]}},{"type":"Feature","properties":{"lst_c":30.11,"lst_k":303.26,"lst_day_dn":15163,"qc_day":0,"lst_night_c":19.97,"lst_night_k":293.12,"lst_night_dn":14656,"qc_night":0,"modis_row":840,"modis_col":655,"source_product":"MOD11A2.061","composite_start":"2026-09-14","units":"degC","scale_factor":0.02},"geometry":{"type":"Polygon","coordinates":[[[77.4431974599241,12.999999998832553],[77.4517499941549,12.999999998832553],[77.44915019346077,12.991666665499968],[77.44059794631042,12.991666665499968],[77.4431974599241,12.999999998832553]]]}},{"type":"Feature","properties":{"lst_c":29.55,"lst_k":302.7,"lst_day_dn":15135,"qc_day":0,"lst_night_c":20.33,"lst_night_k":293.48,"lst_night_dn":14674,"qc_night":0,"modis_row":840,"modis_col":656,"source_product":"MOD11A2.061","composite_start":"2026-09-14","units":"degC","scale_factor":0.02},"geometry":{"type":"Polygon","coordinates":[[[77.4517499941549,12.999999998832553],[77.46030252838571,12.999999998832553],[77.4577024406111,12.991666665499968],[77.44915019346077,12.991666665499968],[77.4517499941549,12.999999998832553]]]}},{"type":"Feature","properties":{"lst_c":29.83,"lst_k":302.98,"lst_day_dn":15149,"qc_day":0,"lst_night_c":19.65,"lst_night_k":292.8,"lst_night_dn":14640,"qc_night":0,"modis_row":840,"modis_col":657,"source_product":"MOD11A2.061","composite_start":"2026-09-14","units":"degC","scale_factor":0.02},"geometry":{"type":"Polygon","coordinates":[[[77.46030252838571,12.999999998832553],[77.4688550626165,12.999999998832553],[77.46625468776143,12.991666665499968],[77.4577024406111,12.991666665499968],[77.46030252838571,12.999999998832553]]]}},{"type":"Feature","properties":{"lst_c":30.15,"lst_k":303.3,"lst_day_dn":15165,"qc_day":0,"lst_night_c":20.45,"lst_night_k":293.6,"lst_night_dn":14680,"qc_night":0,"modis_row":840,"modis_col":658,"source_product":"MOD11A2.061","composite_start":"2026-09-14","units":"degC","scale_factor":0.02},"geometry":{"type":"Polygon","coordinates":[[[77.4688550626165,12.999999998832553],[77.47740759684731,12.999999998832553],[77.47480693491177,12.991666665499968],[77.46625468776143,12.991666665499968],[77.4688550626165,12.999999998832553]]]}},{"type":"Feature","properties":{"lst_c":29.97,"lst_k":303.12,"lst_day_dn":15156,"qc_day":0,"lst_night_c":21.65,"lst_night_k":294.8,"lst_night_dn":14740,"qc_night":0,"modis_row":840,"modis_col":659,"source_product":"MOD11A2.061","composite_start":"2026-09-14","units":"degC","scale_factor":0.02},"geometry":{"type":"Polygon","coordinates":[[[77.47740759684731,12.999999998832553],[77.4859601310781,12.999999998832553],[77.4833591820621,12.991666665499968],[77.47480693491177,12.991666665499968],[77.47740759684731,12.999999998832553]]]}},{"type":"Feature","properties":{"lst_c":29.53,"lst_k":302.68,"lst_day_dn":15134,"qc_day":0,"lst_night_c":22.41,"lst_night_k":295.56,"lst_night_dn":14778,"qc_night":0,"modis_row":840,"modis_col":660,"source_product":"MOD11A2.061","composite_start":"2026-09-14","units":"degC","scale_factor":0.02},"geometry":{"type":"Polygon","coordinates":[[[77.4859601310781,12.999999998832553],[77.4945126653089,12.999999998832553],[77.49191142921244,12.991666665499968],[77.4833591820621,12.991666665499968],[77.4859601310781,12.999999998832553]]]}},{"type":"Feature","properties":{"lst_c":30.37,"lst_k":303.52,"lst_day_dn":15176,"qc_day":0,"lst_night_c":22.77,"lst_night_k":295.92,"lst_night_dn":14796,"qc_night":81,"modis_row":840,"modis_col":661,"source_product":"MOD11A2.061","composite_start":"2026-09-14","units":"degC","scale_factor":0.02},"geometry":{"type":"Polygon","coordinates":[[[77.4945126653089,12.999999998832553],[77.5030651995397,12.999999998832553],[77.50046367636277,12.991666665499968],[77.49191142921244,12.991666665499968],[77.4945126653089,12.999999998832553]]]}},{"type":"Feature","properties":{"lst_c":30.73,"lst_k":303.88,"lst_day_dn":15194,"qc_day":81,"lst_night_c":22.73,"lst_night_k":295.88,"lst_night_dn":14794,"qc_night":81,"modis_row":840,"modis_col":662,"source_product":"MOD11A2.061","composite_start":"2026-09-14","units":"degC","scale_factor":0.02},"geometry":{"type":"Polygon","coordinates":[[[77.5030651995397,12.999999998832553],[77.5116177337705,12.999999998832553],[77.50901592351312,12.991666665499968],[77.50046367636277,12.991666665499968],[77.5030651995397,12.999999998832553]]]}},{"type":"Feature","properties":{"lst_c":30.61,"lst_k":303.76,"lst_day_dn":15188,"qc_day":0,"lst_night_c":21.33,"lst_night_k":294.48,"lst_night_dn":14724,"qc_night":65,"modis_row":840,"modis_col":663,"source_product":"MOD11A2.061","composite_start":"2026-09-14","units":"degC","scale_factor":0.02},"geometry":{"type":"Polygon","coordinates":[[[77.5116177337705,12.999999998832553],[77.52017026800131,12.999999998832553],[77.51756817066345,12.991666665499968],[77.50901592351312,12.991666665499968],[77.5116177337705,12.999999998832553]]]}},{"type":"Feature","properties":{"lst_c":30.37,"lst_k":303.52,"lst_day_dn":15176,"qc_day":17,"lst_night_c":22.83,"lst_night_k":295.98,"lst_night_dn":14799,"qc_night":81,"modis_row":840,"modis_col":664,"source_product":"MOD11A2.061","composite_start":"2026-09-14","units":"degC","scale_factor":0.02},"geometry":{"type":"Polygon","coordinates":[[[77.52017026800131,12.999999998832553],[77.52872280223212,12.999999998832553],[77.5261204178138,12.991666665499968],[77.51756817066345,12.991666665499968],[77.52017026800131,12.999999998832553]]]}},{"type":"Feature","properties":{"lst_c":30.33,"lst_k":303.48,"lst_day_dn":15174,"qc_day":81,"lst_night_c":22.93,"lst_night_k":296.08,"lst_night_dn":14804,"qc_night":81,"modis_row":840,"modis_col":665,"source_product":"MOD11A2.061","composite_start":"2026-09-14","units":"degC","scale_factor":0.02},"geometry":{"type":"Polygon","coordinates":[[[77.52872280223212,12.999999998832553],[77.53727533646293,12.999999998832553],[77.53467266496413,12.991666665499968],[77.5261204178138,12.991666665499968],[77.52872280223212,12.999999998832553]]]}},{"type":"Feature","properties":{"lst_c":29.89,"lst_k":303.04,"lst_day_dn":15152,"qc_day":81,"lst_night_c":22.97,"lst_night_k":296.12,"lst_night_dn":14806,"qc_night":81,"modis_row":840,"modis_col":666,"source_product":"MOD11A2.061","composite_start":"2026-09-14","units":"degC","scale_factor":0.02},"geometry":{"type":"Polygon","coordinates":[[[77.53727533646293,12.999999998832553],[77.54582787069373,12.999999998832553],[77.54322491211447,12.991666665499968],[77.53467266496413,12.991666665499968],[77.53727533646293,12.999999998832553]]]}},{"type":"Feature","properties":{"lst_c":29.65,"lst_k":302.8,"lst_day_dn":15140,"qc_day":81,"lst_night_c":23.13,"lst_night_k":296.28,"lst_night_dn":14814,"qc_night":81,"modis_row":840,"modis_col":667,"source_product":"MOD11A2.061","composite_start":"2026-09-14","units":"degC","scale_factor":0.02},"geometry":{"type":"Polygon","coordinates":[[[77.54582787069373,12.999999998832553],[77.55438040492453,12.999999998832553],[77.55177715926482,12.991666665499968],[77.54322491211447,12.991666665499968],[77.54582787069373,12.999999998832553]]]}},{"type":"Feature","properties":{"lst_c":29.81,"lst_k":302.96,"lst_day_dn":15148,"qc_day":81,"lst_night_c":23.07,"lst_night_k":296.22,"lst_night_dn":14811,"qc_night":17,"modis_row":840,"modis_col":668,"source_product":"MOD11A2.061","composite_start":"2026-09-14","units":"degC","scale_factor":0.02},"geometry":{"type":"Polygon","coordinates":[[[77.55438040492453,12.999999998832553],[77.56293293915533,12.999999998832553],[77.56032940641515,12.991666665499968],[77.55177715926482,12.991666665499968],[77.55438040492453,12.999999998832553]]]}},{"type":"Feature","properties":{"lst_c":30.21,"lst_k":303.36,"lst_day_dn":15168,"qc_day":81,"lst_night_c":22.77,"lst_night_k":295.92,"lst_night_dn":14796,"qc_night":17,"modis_row":840,"modis_col":669,"source_product":"MOD11A2.061","composite_start":"2026-09-14","units":"degC","scale_factor":0.02},"geometry":{"type":"Polygon","coordinates":[[[77.56293293915533,12.999999998832553],[77.57148547338615,12.999999998832553],[77.56888165356548,12.991666665499968],[77.56032940641515,12.991666665499968],[77.56293293915533,12.999999998832553]]]}},{"type":"Feature","properties":{"lst_c":30.09,"lst_k":303.24,"lst_day_dn":15162,"qc_day":81,"lst_night_c":22.13,"lst_night_k":295.28,"lst_night_dn":14764,"qc_night":17,"modis_row":840,"modis_col":670,"source_product":"MOD11A2.061","composite_start":"2026-09-14","units":"degC","scale_factor":0.02},"geometry":{"type":"Polygon","coordinates":[[[77.57148547338615,12.999999998832553],[77.58003800761695,12.999999998832553],[77.57743390071583,12.991666665499968],[77.56888165356548,12.991666665499968],[77.57148547338615,12.999999998832553]]]}},{"type":"Feature","properties":{"lst_c":29.67,"lst_k":302.82,"lst_day_dn":15141,"qc_day":81,"lst_night_c":21.99,"lst_night_k":295.14,"lst_night_dn":14757,"qc_night":17,"modis_row":840,"modis_col":671,"source_product":"MOD11A2.061","composite_start":"2026-09-14","units":"degC","scale_factor":0.02},"geometry":{"type":"Polygon","coordinates":[[[77.58003800761695,12.999999998832553],[77.58859054184775,12.999999998832553],[77.58598614786617,12.991666665499968],[77.57743390071583,12.991666665499968],[77.58003800761695,12.999999998832553]]]}},{"type":"Feature","properties":{"lst_c":28.95,"lst_k":302.1,"lst_day_dn":15105,"qc_day":81,"lst_night_c":21.03,"lst_night_k":294.18,"lst_night_dn":14709,"qc_night":81,"modis_row":840,"modis_col":672,"source_product":"MOD11A2.061","composite_start":"2026-09-14","units":"degC","scale_factor":0.02},"geometry":{"type":"Polygon","coordinates":[[[77.58859054184775,12.999999998832553],[77.59714307607855,12.999999998832553],[77.59453839501651,12.991666665499968],[77.58598614786617,12.991666665499968],[77.58859054184775,12.999999998832553]]]}},{"type":"Feature","properties":{"lst_c":29.19,"lst_k":302.34,"lst_day_dn":15117,"qc_day":81,"lst_night_c":21.77,"lst_night_k":294.92,"lst_night_dn":14746,"qc_night":81,"modis_row":840,"modis_col":673,"source_product":"MOD11A2.061","composite_start":"2026-09-14","units":"degC","scale_factor":0.02},"geometry":{"type":"Polygon","coordinates":[[[77.59714307607855,12.999999998832553],[77.60569561030935,12.999999998832553],[77.60309064216685,12.991666665499968],[77.59453839501651,12.991666665499968],[77.59714307607855,12.999999998832553]]]}},{"type":"Feature","properties":{"lst_c":29.11,"lst_k":302.26,"lst_day_dn":15113,"qc_day":81,"lst_night_c":21.99,"lst_night_k":295.14,"lst_night_dn":14757,"qc_night":81,"modis_row":840,"modis_col":674,"source_product":"MOD11A2.061","composite_start":"2026-09-14","units":"degC","scale_factor":0.02},"geometry":{"type":"Polygon","coordinates":[[[77.60569561030935,12.999999998832553],[77.61424814454016,12.999999998832553],[77.61164288931717,12.991666665499968],[77.60309064216685,12.991666665499968],[77.60569561030935,12.999999998832553]]]}},{"type":"Feature","properties":{"lst_c":28.77,"lst_k":301.92,"lst_day_dn":15096,"qc_day":81,"lst_night_c":21.41,"lst_night_k":294.56,"lst_night_dn":14728,"qc_night":81,"modis_row":840,"modis_col":675,"source_product":"MOD11A2.061","composite_start":"2026-09-14","units":"degC","scale_factor":0.02},"geometry":{"type":"Polygon","coordinates":[[[77.61424814454016,12.999999998832553],[77.62280067877094,12.999999998832553],[77.6201951364675,12.991666665499968],[77.61164288931717,12.991666665499968],[77.61424814454016,12.999999998832553]]]}},{"type":"Feature","properties":{"lst_c":28.37,"lst_k":301.52,"lst_day_dn":15076,"qc_day":81,"lst_night_c":20.41,"lst_night_k":293.56,"lst_night_dn":14678,"qc_night":81,"modis_row":840,"modis_col":676,"source_product":"MOD11A2.061","composite_start":"2026-09-14","units":"degC","scale_factor":0.02},"geometry":{"type":"Polygon","coordinates":[[[77.62280067877094,12.999999998832553],[77.63135321300176,12.999999998832553],[77.62874738361785,12.991666665499968],[77.6201951364675,12.991666665499968],[77.62280067877094,12.999999998832553]]]}},{"type":"Feature","properties":{"lst_c":28.29,"lst_k":301.44,"lst_day_dn":15072,"qc_day":17,"lst_night_c":19.79,"lst_night_k":292.94,"lst_night_dn":14647,"qc_night":81,"modis_row":840,"modis_col":677,"source_product":"MOD11A2.061","composite_start":"2026-09-14","units":"degC","scale_factor":0.02},"geometry":{"type":"Polygon","coordinates":[[[77.63135321300176,12.999999998832553],[77.63990574723256,12.999999998832553],[77.63729963076818,12.991666665499968],[77.62874738361785,12.991666665499968],[77.63135321300176,12.999999998832553]]]}},{"type":"Feature","properties":{"lst_c":28.03,"lst_k":301.18,"lst_day_dn":15059,"qc_day":17,"lst_night_c":null,"lst_night_k":null,"lst_night_dn":0,"qc_night":2,"modis_row":840,"modis_col":678,"source_product":"MOD11A2.061","composite_start":"2026-09-14","units":"degC","scale_factor":0.02},"geometry":{"type":"Polygon","coordinates":[[[77.63990574723256,12.999999998832553],[77.64845828146336,12.999999998832553],[77.64585187791852,12.991666665499968],[77.63729963076818,12.991666665499968],[77.63990574723256,12.999999998832553]]]}},{"type":"Feature","properties":{"lst_c":27.91,"lst_k":301.06,"lst_day_dn":15053,"qc_day":0,"lst_night_c":null,"lst_night_k":null,"lst_night_dn":0,"qc_night":2,"modis_row":840,"modis_col":679,"source_product":"MOD11A2.061","composite_start":"2026-09-14","units":"degC","scale_factor":0.02},"geometry":{"type":"Polygon","coordinates":[[[77.64845828146336,12.999999998832553],[77.65701081569418,12.999999998832553],[77.65440412506887,12.991666665499968],[77.64585187791852,12.991666665499968],[77.64845828146336,12.999999998832553]]]}},{"type":"Feature","properties":{"lst_c":27.97,"lst_k":301.12,"lst_day_dn":15056,"qc_day":81,"lst_night_c":null,"lst_night_k":null,"lst_night_dn":0,"qc_night":2,"modis_row":840,"modis_col":680,"source_product":"MOD11A2.061","composite_start":"2026-09-14","units":"degC","scale_factor":0.02},"geometry":{"type":"Polygon","coordinates":[[[77.65701081569418,12.999999998832553],[77.66556334992497,12.999999998832553],[77.66295637221921,12.991666665499968],[77.65440412506887,12.991666665499968],[77.65701081569418,12.999999998832553]]]}},{"type":"Feature","properties":{"lst_c":28.41,"lst_k":301.56,"lst_day_dn":15078,"qc_day":81,"lst_night_c":null,"lst_night_k":null,"lst_night_dn":0,"qc_night":2,"modis_row":840,"modis_col":681,"source_product":"MOD11A2.061","composite_start":"2026-09-14","units":"degC","scale_factor":0.02},"geometry":{"type":"Polygon","coordinates":[[[77.66556334992497,12.999999998832553],[77.67411588415578,12.999999998832553],[77.67150861936953,12.991666665499968],[77.66295637221921,12.991666665499968],[77.66556334992497,12.999999998832553]]]}},{"type":"Feature","properties":{"lst_c":28.47,"lst_k":301.62,"lst_day_dn":15081,"qc_day":81,"lst_night_c":null,"lst_night_k":null,"lst_night_dn":0,"qc_night":2,"modis_row":840,"modis_col":682,"source_product":"MOD11A2.061","composite_start":"2026-09-14","units":"degC","scale_factor":0.02},"geometry":{"type":"Polygon","coordinates":[[[77.67411588415578,12.999999998832553],[77.68266841838658,12.999999998832553],[77.68006086651988,12.991666665499968],[77.67150861936953,12.991666665499968],[77.67411588415578,12.999999998832553]]]}},{"type":"Feature","properties":{"lst_c":28.53,"lst_k":301.68,"lst_day_dn":15084,"qc_day":17,"lst_night_c":null,"lst_night_k":null,"lst_night_dn":0,"qc_night":2,"modis_row":840,"modis_col":683,"source_product":"MOD11A2.061","composite_start":"2026-09-14","units":"degC","scale_factor":0.02},"geometry":{"type":"Polygon","coordinates":[[[77.68266841838658,12.999999998832553],[77.69122095261739,12.999999998832553],[77.68861311367023,12.991666665499968],[77.68006086651988,12.991666665499968],[77.68266841838658,12.999999998832553]]]}},{"type":"Feature","properties":{"lst_c":28.49,"lst_k":301.64,"lst_day_dn":15082,"qc_day":17,"lst_night_c":null,"lst_night_k":null,"lst_night_dn":0,"qc_night":2,"modis_row":840,"modis_col":684,"source_product":"MOD11A2.061","composite_start":"2026-09-14","units":"degC","scale_factor":0.02},"geometry":{"type":"Polygon","coordinates":[[[77.69122095261739,12.999999998832553],[77.69977348684819,12.999999998832553],[77.69716536082056,12.991666665499968],[77.68861311367023,12.991666665499968],[77.69122095261739,12.999999998832553]]]}},{"type":"Feature","properties":{"lst_c":28.35,"lst_k":301.5,"lst_day_dn":15075,"qc_day":0,"lst_night_c":null,"lst_night_k":null,"lst_night_dn":0,"qc_night":2,"modis_row":840,"modis_col":685,"source_product":"MOD11A2.061","composite_start":"2026-09-14","units":"degC","scale_factor":0.02},"geometry":{"type":"Polygon","coordinates":[[[77.69977348684819,12.999999998832553],[77.708326021079,12.999999998832553],[77.7057176079709,12.991666665499968],[77.69716536082056,12.991666665499968],[77.69977348684819,12.999999998832553]]]}},{"type":"Feature","properties":{"lst_c":28.27,"lst_k":301.42,"lst_day_dn":15071,"qc_day":0,"lst_night_c":null,"lst_night_k":null,"lst_night_dn":0,"qc_night":2,"modis_row":840,"modis_col":686,"source_product":"MOD11A2.061","composite_start":"2026-09-14","units":"degC","scale_factor":0.02},"geometry":{"type":"Polygon","coordinates":[[[77.708326021079,12.999999998832553],[77.7168785553098,12.999999998832553],[77.71426985512123,12.991666665499968],[77.7057176079709,12.991666665499968],[77.708326021079,12.999999998832553]]]}},{"type":"Feature","properties":{"lst_c":28.03,"lst_k":301.18,"lst_day_dn":15059,"qc_day":0,"lst_night_c":null,"lst_night_k":null,"lst_night_dn":0,"qc_night":2,"modis_row":840,"modis_col":687,"source_product":"MOD11A2.061","composite_start":"2026-09-14","units":"degC","scale_factor":0.02},"geometry":{"type":"Polygon","coordinates":[[[77.7168785553098,12.999999998832553],[77.7254310895406,12.999999998832553],[77.72282210227158,12.991666665499968],[77.71426985512123,12.991666665499968],[77.7168785553098,12.999999998832553]]]}},{"type":"Feature","properties":{"lst_c":27.73,"lst_k":300.88,"lst_day_dn":15044,"qc_day":0,"lst_night_c":null,"lst_night_k":null,"lst_night_dn":0,"qc_night":2,"modis_row":840,"modis_col":688,"source_product":"MOD11A2.061","composite_start":"2026-09-14","units":"degC","scale_factor":0.02},"geometry":{"type":"Polygon","coordinates":[[[77.7254310895406,12.999999998832553],[77.73398362377141,12.999999998832553],[77.73137434942193,12.991666665499968],[77.72282210227158,12.991666665499968],[77.7254310895406,12.999999998832553]]]}},{"type":"Feature","properties":{"lst_c":27.65,"lst_k":300.8,"lst_day_dn":15040,"qc_day":0,"lst_night_c":null,"lst_night_k":null,"lst_night_dn":0,"qc_night":2,"modis_row":840,"modis_col":689,"source_product":"MOD11A2.061","composite_start":"2026-09-14","units":"degC","scale_factor":0.02},"geometry":{"type":"Polygon","coordinates":[[[77.73398362377141,12.999999998832553],[77.7425361580022,12.999999998832553],[77.73992659657223,12.991666665499968],[77.73137434942193,12.991666665499968],[77.73398362377141,12.999999998832553]]]}},{"type":"Feature","properties":{"lst_c":27.99,"lst_k":301.14,"lst_day_dn":15057,"qc_day":0,"lst_night_c":null,"lst_night_k":null,"lst_night_dn":0,"qc_night":2,"modis_row":840,"modis_col":690,"source_product":"MOD11A2.061","composite_start":"2026-09-14","units":"degC","scale_factor":0.02},"geometry":{"type":"Polygon","coordinates":[[[77.7425361580022,12.999999998832553],[77.75108869223301,12.999999998832553],[77.74847884372258,12.991666665499968],[77.73992659657223,12.991666665499968],[77.7425361580022,12.999999998832553]]]}},{"type":"Feature","properties":{"lst_c":27.97,"lst_k":301.12,"lst_day_dn":15056,"qc_day":0,"lst_night_c":null,"lst_night_k":null,"lst_night_dn":0,"qc_night":2,"modis_row":840,"modis_col":691,"source_product":"MOD11A2.061","composite_start":"2026-09-14","units":"degC","scale_factor":0.02},"geometry":{"type":"Polygon","coordinates":[[[77.75108869223301,12.999999998832553],[77.7596412264638,12.999999998832553],[77.75703109087291,12.991666665499968],[77.74847884372258,12.991666665499968],[77.75108869223301,12.999999998832553]]]}},{"type":"Feature","properties":{"lst_c":27.69,"lst_k":300.84,"lst_day_dn":15042,"qc_day":0,"lst_night_c":null,"lst_night_k":null,"lst_night_dn":0,"qc_night":2,"modis_row":840,"modis_col":692,"source_product":"MOD11A2.061","composite_start":"2026-09-14","units":"degC","scale_factor":0.02},"geometry":{"type":"Polygon","coordinates":[[[77.7596412264638,12.999999998832553],[77.76819376069461,12.999999998832553],[77.76558333802326,12.991666665499968],[77.75703109087291,12.991666665499968],[77.7596412264638,12.999999998832553]]]}},{"type":"Feature","properties":{"lst_c":27.47,"lst_k":300.62,"lst_day_dn":15031,"qc_day":0,"lst_night_c":null,"lst_night_k":null,"lst_night_dn":0,"qc_night":2,"modis_row":840,"modis_col":693,"source_product":"MOD11A2.061","composite_start":"2026-09-14","units":"degC","scale_factor":0.02},"geometry":{"type":"Polygon","coordinates":[[[77.76819376069461,12.999999998832553],[77.77674629492542,12.999999998832553],[77.7741355851736,12.991666665499968],[77.76558333802326,12.991666665499968],[77.76819376069461,12.999999998832553]]]}},{"type":"Feature","properties":{"lst_c":27.49,"lst_k":300.64,"lst_day_dn":15032,"qc_day":0,"lst_night_c":null,"lst_night_k":null,"lst_night_dn":0,"qc_night":2,"modis_row":840,"modis_col":694,"source_product":"MOD11A2.061","composite_start":"2026-09-14","units":"degC","scale_factor":0.02},"geometry":{"type":"Polygon","coordinates":[[[77.77674629492542,12.999999998832553],[77.78529882915622,12.999999998832553],[77.78268783232393,12.991666665499968],[77.7741355851736,12.991666665499968],[77.77674629492542,12.999999998832553]]]}},{"type":"Feature","properties":{"lst_c":27.77,"lst_k":300.92,"lst_day_dn":15046,"qc_day":0,"lst_night_c":null,"lst_night_k":null,"lst_night_dn":0,"qc_night":2,"modis_row":840,"modis_col":695,"source_product":"MOD11A2.061","composite_start":"2026-09-14","units":"degC","scale_factor":0.02},"geometry":{"type":"Polygon","coordinates":[[[77.78529882915622,12.999999998832553],[77.79385136338703,12.999999998832553],[77.79124007947428,12.991666665499968],[77.78268783232393,12.991666665499968],[77.78529882915622,12.999999998832553]]]}},{"type":"Feature","properties":{"lst_c":27.77,"lst_k":300.92,"lst_day_dn":15046,"qc_day":0,"lst_night_c":null,"lst_night_k":null,"lst_night_dn":0,"qc_night":2,"modis_row":840,"modis_col":696,"source_product":"MOD11A2.061","composite_start":"2026-09-14","units":"degC","scale_factor":0.02},"geometry":{"type":"Polygon","coordinates":[[[77.79385136338703,12.999999998832553],[77.80240389761782,12.999999998832553],[77.79979232662461,12.991666665499968],[77.79124007947428,12.991666665499968],[77.79385136338703,12.999999998832553]]]}},{"type":"Feature","properties":{"lst_c":29.91,"lst_k":303.06,"lst_day_dn":15153,"qc_day":0,"lst_night_c":19.49,"lst_night_k":292.64,"lst_night_dn":14632,"qc_night":65,"modis_row":841,"modis_col":653,"source_product":"MOD11A2.061","composite_start":"2026-09-14","units":"degC","scale_factor":0.02},"geometry":{"type":"Polygon","coordinates":[[[77.42349345200975,12.991666665499968],[77.43204569916007,12.991666665499968],[77.4294482850026,12.983333332167382],[77.42089632473255,12.983333332167382],[77.42349345200975,12.991666665499968]]]}},{"type":"Feature","properties":{"lst_c":30.01,"lst_k":303.16,"lst_day_dn":15158,"qc_day":0,"lst_night_c":19.63,"lst_night_k":292.78,"lst_night_dn":14639,"qc_night":65,"modis_row":841,"modis_col":654,"source_product":"MOD11A2.061","composite_start":"2026-09-14","units":"degC","scale_factor":0.02},"geometry":{"type":"Polygon","coordinates":[[[77.43204569916007,12.991666665499968],[77.44059794631042,12.991666665499968],[77.43800024527265,12.983333332167382],[77.4294482850026,12.983333332167382],[77.43204569916007,12.991666665499968]]]}},{"type":"Feature","properties":{"lst_c":30.07,"lst_k":303.22,"lst_day_dn":15161,"qc_day":0,"lst_night_c":19.81,"lst_night_k":292.96,"lst_night_dn":14648,"qc_night":65,"modis_row":841,"modis_col":655,"source_product":"MOD11A2.061","composite_start":"2026-09-14","units":"degC","scale_factor":0.02},"geometry":{"type":"Polygon","coordinates":[[[77.44059794631042,12.991666665499968],[77.44915019346077,12.991666665499968],[77.44655220554269,12.983333332167382],[77.43800024527265,12.983333332167382],[77.44059794631042,12.991666665499968]]]}},{"type":"Feature","properties":{"lst_c":30.95,"lst_k":304.1,"lst_day_dn":15205,"qc_day":0,"lst_night_c":20.09,"lst_night_k":293.24,"lst_night_dn":14662,"qc_night":0,"modis_row":841,"modis_col":656,"source_product":"MOD11A2.061","composite_start":"2026-09-14","units":"degC","scale_factor":0.02},"geometry":{"type":"Polygon","coordinates":[[[77.44915019346077,12.991666665499968],[77.4577024406111,12.991666665499968],[77.45510416581274,12.983333332167382],[77.44655220554269,12.983333332167382],[77.44915019346077,12.991666665499968]]]}},{"type":"Feature","properties":{"lst_c":30.85,"lst_k":304.0,"lst_day_dn":15200,"qc_day":0,"lst_night_c":20.23,"lst_night_k":293.38,"lst_night_dn":14669,"qc_night":0,"modis_row":841,"modis_col":657,"source_product":"MOD11A2.061","composite_start":"2026-09-14","units":"degC","scale_factor":0.02},"geometry":{"type":"Polygon","coordinates":[[[77.4577024406111,12.991666665499968],[77.46625468776143,12.991666665499968],[77.4636561260828,12.983333332167382],[77.45510416581274,12.983333332167382],[77.4577024406111,12.991666665499968]]]}},{"type":"Feature","properties":{"lst_c":30.41,"lst_k":303.56,"lst_day_dn":15178,"qc_day":0,"lst_night_c":20.47,"lst_night_k":293.62,"lst_night_dn":14681,"qc_night":0,"modis_row":841,"modis_col":658,"source_product":"MOD11A2.061","composite_start":"2026-09-14","units":"degC","scale_factor":0.02},"geometry":{"type":"Polygon","coordinates":[[[77.46625468776143,12.991666665499968],[77.47480693491177,12.991666665499968],[77.47220808635284,12.983333332167382],[77.4636561260828,12.983333332167382],[77.46625468776143,12.991666665499968]]]}},{"type":"Feature","properties":{"lst_c":30.03,"lst_k":303.18,"lst_day_dn":15159,"qc_day":0,"lst_night_c":21.09,"lst_night_k":294.24,"lst_night_dn":14712,"qc_night":0,"modis_row":841,"modis_col":659,"source_product":"MOD11A2.061","composite_start":"2026-09-14","units":"degC","scale_factor":0.02},"geometry":{"type":"Polygon","coordinates":[[[77.47480693491177,12.991666665499968],[77.4833591820621,12.991666665499968],[77.48076004662286,12.983333332167382],[77.47220808635284,12.983333332167382],[77.47480693491177,12.991666665499968]]]}},{"type":"Feature","properties":{"lst_c":29.43,"lst_k":302.58,"lst_day_dn":15129,"qc_day":0,"lst_night_c":21.45,"lst_night_k":294.6,"lst_night_dn":14730,"qc_night":0,"modis_row":841,"modis_col":660,"source_product":"MOD11A2.061","composite_start":"2026-09-14","units":"degC","scale_factor":0.02},"geometry":{"type":"Polygon","coordinates":[[[77.4833591820621,12.991666665499968],[77.49191142921244,12.991666665499968],[77.48931200689292,12.983333332167382],[77.48076004662286,12.983333332167382],[77.4833591820621,12.991666665499968]]]}},{"type":"Feature","properties":{"lst_c":29.73,"lst_k":302.88,"lst_day_dn":15144,"qc_day":0,"lst_night_c":21.17,"lst_night_k":294.32,"lst_night_dn":14716,"qc_night":0,"modis_row":841,"modis_col":661,"source_product":"MOD11A2.061","composite_start":"2026-09-14","units":"degC","scale_factor":0.02},"geometry":{"type":"Polygon","coordinates":[[[77.49191142921244,12.991666665499968],[77.50046367636277,12.991666665499968],[77.49786396716297,12.983333332167382],[77.48931200689292,12.983333332167382],[77.49191142921244,12.991666665499968]]]}},{"type":"Feature","properties":{"lst_c":30.37,"lst_k":303.52,"lst_day_dn":15176,"qc_day":17,"lst_night_c":22.15,"lst_night_k":295.3,"lst_night_dn":14765,"qc_night":17,"modis_row":841,"modis_col":662,"source_product":"MOD11A2.061","composite_start":"2026-09-14","units":"degC","scale_factor":0.02},"geometry":{"type":"Polygon","coordinates":[[[77.50046367636277,12.991666665499968],[77.50901592351312,12.991666665499968],[77.50641592743301,12.983333332167382],[77.49786396716297,12.983333332167382],[77.50046367636277,12.991666665499968]]]}},{"type":"Feature","properties":{"lst_c":30.83,"lst_k":303.98,"lst_day_dn":15199,"qc_day":17,"lst_night_c":22.03,"lst_night_k":295.18,"lst_night_dn":14759,"qc_night":17,"modis_row":841,"modis_col":663,"source_product":"MOD11A2.061","composite_start":"2026-09-14","units":"degC","scale_factor":0.02},"geometry":{"type":"Polygon","coordinates":[[[77.50901592351312,12.991666665499968],[77.51756817066345,12.991666665499968],[77.51496788770307,12.983333332167382],[77.50641592743301,12.983333332167382],[77.50901592351312,12.991666665499968]]]}},{"type":"Feature","properties":{"lst_c":30.97,"lst_k":304.12,"lst_day_dn":15206,"qc_day":81,"lst_night_c":22.51,"lst_night_k":295.66,"lst_night_dn":14783,"qc_night":81,"modis_row":841,"modis_col":664,"source_product":"MOD11A2.061","composite_start":"2026-09-14","units":"degC","scale_factor":0.02},"geometry":{"type":"Polygon","coordinates":[[[77.51756817066345,12.991666665499968],[77.5261204178138,12.991666665499968],[77.5235198479731,12.983333332167382],[77.51496788770307,12.983333332167382],[77.51756817066345,12.991666665499968]]]}},{"type":"Feature","properties":{"lst_c":30.87,"lst_k":304.02,"lst_day_dn":15201,"qc_day":17,"lst_night_c":23.33,"lst_night_k":296.48,"lst_night_dn":14824,"qc_night":81,"modis_row":841,"modis_col":665,"source_product":"MOD11A2.061","composite_start":"2026-09-14","units":"degC","scale_factor":0.02},"geometry":{"type":"Polygon","coordinates":[[[77.5261204178138,12.991666665499968],[77.53467266496413,12.991666665499968],[77.53207180824315,12.983333332167382],[77.5235198479731,12.983333332167382],[77.5261204178138,12.991666665499968]]]}},{"type":"Feature","properties":{"lst_c":30.47,"lst_k":303.62,"lst_day_dn":15181,"qc_day":81,"lst_night_c":23.63,"lst_night_k":296.78,"lst_night_dn":14839,"qc_night":81,"modis_row":841,"modis_col":666,"source_product":"MOD11A2.061","composite_start":"2026-09-14","units":"degC","scale_factor":0.02},"geometry":{"type":"Polygon","coordinates":[[[77.53467266496413,12.991666665499968],[77.54322491211447,12.991666665499968],[77.5406237685132,12.983333332167382],[77.53207180824315,12.983333332167382],[77.53467266496413,12.991666665499968]]]}},{"type":"Feature","properties":{"lst_c":29.83,"lst_k":302.98,"lst_day_dn":15149,"qc_day":81,"lst_night_c":23.83,"lst_night_k":296.98,"lst_night_dn":14849,"qc_night":81,"modis_row":841,"modis_col":667,"source_product":"MOD11A2.061","composite_start":"2026-09-14","units":"degC","scale_factor":0.02},"geometry":{"type":"Polygon","coordinates":[[[77.54322491211447,12.991666665499968],[77.55177715926482,12.991666665499968],[77.54917572878324,12.983333332167382],[77.5406237685132,12.983333332167382],[77.54322491211447,12.991666665499968]]]}},{"type":"Feature","properties":{"lst_c":30.09,"lst_k":303.24,"lst_day_dn":15162,"qc_day":81,"lst_night_c":23.55,"lst_night_k":296.7,"lst_night_dn":14835,"qc_night":81,"modis_row":841,"modis_col":668,"source_product":"MOD11A2.061","composite_start":"2026-09-14","units":"degC","scale_factor":0.02},"geometry":{"type":"Polygon","coordinates":[[[77.55177715926482,12.991666665499968],[77.56032940641515,12.991666665499968],[77.5577276890533,12.983333332167382],[77.54917572878324,12.983333332167382],[77.55177715926482,12.991666665499968]]]}},{"type":"Feature","properties":{"lst_c":30.13,"lst_k":303.28,"lst_day_dn":15164,"qc_day":81,"lst_night_c":23.37,"lst_night_k":296.52,"lst_night_dn":14826,"qc_night":17,"modis_row":841,"modis_col":669,"source_product":"MOD11A2.061","composite_start":"2026-09-14","units":"degC","scale_factor":0.02},"geometry":{"type":"Polygon","coordinates":[[[77.56032940641515,12.991666665499968],[77.56888165356548,12.991666665499968],[77.56627964932335,12.983333332167382],[77.5577276890533,12.983333332167382],[77.56032940641515,12.991666665499968]]]}},{"type":"Feature","properties":{"lst_c":30.19,"lst_k":303.34,"lst_day_dn":15167,"qc_day":81,"lst_night_c":22.91,"lst_night_k":296.06,"lst_night_dn":14803,"qc_night":17,"modis_row":841,"modis_col":670,"source_product":"MOD11A2.061","composite_start":"2026-09-14","units":"degC","scale_factor":0.02},"geometry":{"type":"Polygon","coordinates":[[[77.56888165356548,12.991666665499968],[77.57743390071583,12.991666665499968],[77.57483160959339,12.983333332167382],[77.56627964932335,12.983333332167382],[77.56888165356548,12.991666665499968]]]}},{"type":"Feature","properties":{"lst_c":30.09,"lst_k":303.24,"lst_day_dn":15162,"qc_day":81,"lst_night_c":21.81,"lst_night_k":294.96,"lst_night_dn":14748,"qc_night":17,"modis_row":841,"modis_col":671,"source_product":"MOD11A2.061","composite_start":"2026-09-14","units":"degC","scale_factor":0.02},"geometry":{"type":"Polygon","coordinates":[[[77.57743390071583,12.991666665499968],[77.58598614786617,12.991666665499968],[77.58338356986344,12.983333332167382],[77.57483160959339,12.983333332167382],[77.57743390071583,12.991666665499968]]]}},{"type":"Feature","properties":{"lst_c":29.25,"lst_k":302.4,"lst_day_dn":15120,"qc_day":81,"lst_night_c":21.19,"lst_night_k":294.34,"lst_night_dn":14717,"qc_night":17,"modis_row":841,"modis_col":672,"source_product":"MOD11A2.061","composite_start":"2026-09-14","units":"degC","scale_factor":0.02},"geometry":{"type":"Polygon","coordinates":[[[77.58598614786617,12.991666665499968],[77.59453839501651,12.991666665499968],[77.5919355301335,12.983333332167382],[77.58338356986344,12.983333332167382],[77.58598614786617,12.991666665499968]]]}},{"type":"Feature","properties":{"lst_c":28.93,"lst_k":302.08,"lst_day_dn":15104,"qc_day":81,"lst_night_c":21.69,"lst_night_k":294.84,"lst_night_dn":14742,"qc_night":81,"modis_row":841,"modis_col":673,"source_product":"MOD11A2.061","composite_start":"2026-09-14","units":"degC","scale_factor":0.02},"geometry":{"type":"Polygon","coordinates":[[[77.59453839501651,12.991666665499968],[77.60309064216685,12.991666665499968],[77.60048749040354,12.983333332167382],[77.5919355301335,12.983333332167382],[77.59453839501651,12.991666665499968]]]}},{"type":"Feature","properties":{"lst_c":29.17,"lst_k":302.32,"lst_day_dn":15116,"qc_day":81,"lst_night_c":22.65,"lst_night_k":295.8,"lst_night_dn":14790,"qc_night":81,"modis_row":841,"modis_col":674,"source_product":"MOD11A2.061","composite_start":"2026-09-14","units":"degC","scale_factor":0.02},"geometry":{"type":"Polygon","coordinates":[[[77.60309064216685,12.991666665499968],[77.61164288931717,12.991666665499968],[77.60903945067356,12.983333332167382],[77.60048749040354,12.983333332167382],[77.60309064216685,12.991666665499968]]]}},{"type":"Feature","properties":{"lst_c":29.21,"lst_k":302.36,"lst_day_dn":15118,"qc_day":81,"lst_night_c":22.21,"lst_night_k":295.36,"lst_night_dn":14768,"qc_night":81,"modis_row":841,"modis_col":675,"source_product":"MOD11A2.061","composite_start":"2026-09-14","units":"degC","scale_factor":0.02},"geometry":{"type":"Polygon","coordinates":[[[77.61164288931717,12.991666665499968],[77.6201951364675,12.991666665499968],[77.61759141094362,12.983333332167382],[77.60903945067356,12.983333332167382],[77.61164288931717,12.991666665499968]]]}},{"type":"Feature","properties":{"lst_c":28.43,"lst_k":301.58,"lst_day_dn":15079,"qc_day":81,"lst_night_c":20.51,"lst_night_k":293.66,"lst_night_dn":14683,"qc_night":81,"modis_row":841,"modis_col":676,"source_product":"MOD11A2.061","composite_start":"2026-09-14","units":"degC","scale_factor":0.02},"geometry":{"type":"Polygon","coordinates":[[[77.6201951364675,12.991666665499968],[77.62874738361785,12.991666665499968],[77.62614337121367,12.983333332167382],[77.61759141094362,12.983333332167382],[77.6201951364675,12.991666665499968]]]}},{"type":"Feature","properties":{"lst_c":28.31,"lst_k":301.46,"lst_day_dn":15073,"qc_day":81,"lst_night_c":19.31,"lst_night_k":292.46,"lst_night_dn":14623,"qc_night":81,"modis_row":841,"modis_col":677,"source_product":"MOD11A2.061","composite_start":"2026-09-14","units":"degC","scale_factor":0.02},"geometry":{"type":"Polygon","coordinates":[[[77.62874738361785,12.991666665499968],[77.63729963076818,12.991666665499968],[77.63469533148371,12.983333332167382],[77.62614337121367,12.983333332167382],[77.62874738361785,12.991666665499968]]]}},{"type":"Feature","properties":{"lst_c":28.21,"lst_k":301.36,"lst_day_dn":15068,"qc_day":81,"lst_night_c":19.07,"lst_night_k":292.22,"lst_night_dn":14611,"qc_night":81,"modis_row":841,"modis_col":678,"source_product":"MOD11A2.061","composite_start":"2026-09-14","units":"degC","scale_factor":0.02},"geometry":{"type":"Polygon","coordinates":[[[77.63729963076818,12.991666665499968],[77.64585187791852,12.991666665499968],[77.64324729175377,12.983333332167382],[77.63469533148371,12.983333332167382],[77.63729963076818,12.991666665499968]]]}},{"type":"Feature","properties":{"lst_c":28.05,"lst_k":301.2,"lst_day_dn":15060,"qc_day":81,"lst_night_c":null,"lst_night_k":null,"lst_night_dn":0,"qc_night":2,"modis_row":841,"modis_col":679,"source_product":"MOD11A2.061","composite_start":"2026-09-14","units":"degC","scale_factor":0.02},"geometry":{"type":"Polygon","coordinates":[[[77.64585187791852,12.991666665499968],[77.65440412506887,12.991666665499968],[77.6517992520238,12.983333332167382],[77.64324729175377,12.983333332167382],[77.64585187791852,12.991666665499968]]]}},{"type":"Feature","properties":{"lst_c":27.81,"lst_k":300.96,"lst_day_dn":15048,"qc_day":17,"lst_night_c":null,"lst_night_k":null,"lst_night_dn":0,"qc_night":2,"modis_row":841,"modis_col":680,"source_product":"MOD11A2.061","composite_start":"2026-09-14","units":"degC","scale_factor":0.02},"geometry":{"type":"Polygon","coordinates":[[[77.65440412506887,12.991666665499968],[77.66295637221921,12.991666665499968],[77.66035121229385,12.983333332167382],[77.6517992520238,12.983333332167382],[77.65440412506887,12.991666665499968]]]}},{"type":"Feature","properties":{"lst_c":27.99,"lst_k":301.14,"lst_day_dn":15057,"qc_day":17,"lst_night_c":null,"lst_night_k":null,"lst_night_dn":0,"qc_night":2,"modis_row":841,"modis_col":681,"source_product":"MOD11A2.061","composite_start":"2026-09-14","units":"degC","scale_factor":0.02},"geometry":{"type":"Polygon","coordinates":[[[77.66295637221921,12.991666665499968],[77.67150861936953,12.991666665499968],[77.6689031725639,12.983333332167382],[77.66035121229385,12.983333332167382],[77.66295637221921,12.991666665499968]]]}},{"type":"Feature","properties":{"lst_c":28.19,"lst_k":301.34,"lst_day_dn":15067,"qc_day":81,"lst_night_c":null,"lst_night_k":null,"lst_night_dn":0,"qc_night":2,"modis_row":841,"modis_col":682,"source_product":"MOD11A2.061","composite_start":"2026-09-14","units":"degC","scale_factor":0.02},"geometry":{"type":"Polygon","coordinates":[[[77.67150861936953,12.991666665499968],[77.68006086651988,12.991666665499968],[77.67745513283394,12.983333332167382],[77.6689031725639,12.983333332167382],[77.67150861936953,12.991666665499968]]]}},{"type":"Feature","properties":{"lst_c":28.11,"lst_k":301.26,"lst_day_dn":15063,"qc_day":17,"lst_night_c":null,"lst_night_k":null,"lst_night_dn":0,"qc_night":2,"modis_row":841,"modis_col":683,"source_product":"MOD11A2.061","composite_start":"2026-09-14","units":"degC","scale_factor":0.02},"geometry":{"type":"Polygon","coordinates":[[[77.68006086651988,12.991666665499968],[77.68861311367023,12.991666665499968],[77.686007093104,12.983333332167382],[77.67745513283394,12.983333332167382],[77.68006086651988,12.991666665499968]]]}},{"type":"Feature","properties":{"lst_c":27.91,"lst_k":301.06,"lst_day_dn":15053,"qc_day":0,"lst_night_c":null,"lst_night_k":null,"lst_night_dn":0,"qc_night":2,"modis_row":841,"modis_col":684,"source_product":"MOD11A2.061","composite_start":"2026-09-14","units":"degC","scale_factor":0.02},"geometry":{"type":"Polygon","coordinates":[[[77.68861311367023,12.991666665499968],[77.69716536082056,12.991666665499968],[77.69455905337405,12.983333332167382],[77.686007093104,12.983333332167382],[77.68861311367023,12.991666665499968]]]}},{"type":"Feature","properties":{"lst_c":27.73,"lst_k":300.88,"lst_day_dn":15044,"qc_day":0,"lst_night_c":null,"lst_night_k":null,"lst_night_dn":0,"qc_night":2,"modis_row":841,"modis_col":685,"source_product":"MOD11A2.061","composite_start":"2026-09-14","units":"degC","scale_factor":0.02},"geometry":{"type":"Polygon","coordinates":[[[77.69716536082056,12.991666665499968],[77.7057176079709,12.991666665499968],[77.70311101364409,12.983333332167382],[77.69455905337405,12.983333332167382],[77.69716536082056,12.991666665499968]]]}},{"type":"Feature","properties":{"lst_c":27.77,"lst_k":300.92,"lst_day_dn":15046,"qc_day":0,"lst_night_c":null,"lst_night_k":null,"lst_night_dn":0,"qc_night":2,"modis_row":841,"modis_col":686,"source_product":"MOD11A2.061","composite_start":"2026-09-14","units":"degC","scale_factor":0.02},"geometry":{"type":"Polygon","coordinates":[[[77.7057176079709,12.991666665499968],[77.71426985512123,12.991666665499968],[77.71166297391414,12.983333332167382],[77.70311101364409,12.983333332167382],[77.7057176079709,12.991666665499968]]]}},{"type":"Feature","properties":{"lst_c":27.81,"lst_k":300.96,"lst_day_dn":15048,"qc_day":0,"lst_night_c":null,"lst_night_k":null,"lst_night_dn":0,"qc_night":2,"modis_row":841,"modis_col":687,"source_product":"MOD11A2.061","composite_start":"2026-09-14","units":"degC","scale_factor":0.02},"geometry":{"type":"Polygon","coordinates":[[[77.71426985512123,12.991666665499968],[77.72282210227158,12.991666665499968],[77.7202149341842,12.983333332167382],[77.71166297391414,12.983333332167382],[77.71426985512123,12.991666665499968]]]}},{"type":"Feature","properties":{"lst_c":27.55,"lst_k":300.7,"lst_day_dn":15035,"qc_day":0,"lst_night_c":null,"lst_night_k":null,"lst_night_dn":0,"qc_night":2,"modis_row":841,"modis_col":688,"source_product":"MOD11A2.061","composite_start":"2026-09-14","units":"degC","scale_factor":0.02},"geometry":{"type":"Polygon","coordinates":[[[77.72282210227158,12.991666665499968],[77.73137434942193,12.991666665499968],[77.72876689445424,12.983333332167382],[77.7202149341842,12.983333332167382],[77.72282210227158,12.991666665499968]]]}},{"type":"Feature","properties":{"lst_c":27.65,"lst_k":300.8,"lst_day_dn":15040,"qc_day":0,"lst_night_c":null,"lst_night_k":null,"lst_night_dn":0,"qc_night":2,"modis_row":841,"modis_col":689,"source_product":"MOD11A2.061","composite_start":"2026-09-14","units":"degC","scale_factor":0.02},"geometry":{"type":"Polygon","coordinates":[[[77.73137434942193,12.991666665499968],[77.73992659657223,12.991666665499968],[77.73731885472426,12.983333332167382],[77.72876689445424,12.983333332167382],[77.73137434942193,12.991666665499968]]]}},{"type":"Feature","properties":{"lst_c":27.93,"lst_k":301.08,"lst_day_dn":15054,"qc_day":0,"lst_night_c":null,"lst_night_k":null,"lst_night_dn":0,"qc_night":2,"modis_row":841,"modis_col":690,"source_product":"MOD11A2.061","composite_start":"2026-09-14","units":"degC","scale_factor":0.02},"geometry":{"type":"Polygon","coordinates":[[[77.73992659657223,12.991666665499968],[77.74847884372258,12.991666665499968],[77.74587081499432,12.983333332167382],[77.73731885472426,12.983333332167382],[77.73992659657223,12.991666665499968]]]}},{"type":"Feature","properties":{"lst_c":28.31,"lst_k":301.46,"lst_day_dn":15073,"qc_day":0,"lst_night_c":null,"lst_night_k":null,"lst_night_dn":0,"qc_night":2,"modis_row":841,"modis_col":691,"source_product":"MOD11A2.061","composite_start":"2026-09-14","units":"degC","scale_factor":0.02},"geometry":{"type":"Polygon","coordinates":[[[77.74847884372258,12.991666665499968],[77.75703109087291,12.991666665499968],[77.75442277526436,12.983333332167382],[77.74587081499432,12.983333332167382],[77.74847884372258,12.991666665499968]]]}},{"type":"Feature","properties":{"lst_c":28.25,"lst_k":301.4,"lst_day_dn":15070,"qc_day":0,"lst_night_c":null,"lst_night_k":null,"lst_night_dn":0,"qc_night":2,"modis_row":841,"modis_col":692,"source_product":"MOD11A2.061","composite_start":"2026-09-14","units":"degC","scale_factor":0.02},"geometry":{"type":"Polygon","coordinates":[[[77.75703109087291,12.991666665499968],[77.76558333802326,12.991666665499968],[77.76297473553441,12.983333332167382],[77.75442277526436,12.983333332167382],[77.75703109087291,12.991666665499968]]]}},{"type":"Feature","properties":{"lst_c":28.31,"lst_k":301.46,"lst_day_dn":15073,"qc_day":0,"lst_night_c":null,"lst_night_k":null,"lst_night_dn":0,"qc_night":2,"modis_row":841,"modis_col":693,"source_product":"MOD11A2.061","composite_start":"2026-09-14","units":"degC","scale_factor":0.02},"geometry":{"type":"Polygon","coordinates":[[[77.76558333802326,12.991666665499968],[77.7741355851736,12.991666665499968],[77.77152669580447,12.983333332167382],[77.76297473553441,12.983333332167382],[77.76558333802326,12.991666665499968]]]}},{"type":"Feature","properties":{"lst_c":28.17,"lst_k":301.32,"lst_day_dn":15066,"qc_day":0,"lst_night_c":null,"lst_night_k":null,"lst_night_dn":0,"qc_night":2,"modis_row":841,"modis_col":694,"source_product":"MOD11A2.061","composite_start":"2026-09-14","units":"degC","scale_factor":0.02},"geometry":{"type":"Polygon","coordinates":[[[77.7741355851736,12.991666665499968],[77.78268783232393,12.991666665499968],[77.78007865607451,12.983333332167382],[77.77152669580447,12.983333332167382],[77.7741355851736,12.991666665499968]]]}},{"type":"Feature","properties":{"lst_c":28.01,"lst_k":301.16,"lst_day_dn":15058,"qc_day":0,"lst_night_c":null,"lst_night_k":null,"lst_night_dn":0,"qc_night":2,"modis_row":841,"modis_col":695,"source_product":"MOD11A2.061","composite_start":"2026-09-14","units":"degC","scale_factor":0.02},"geometry":{"type":"Polygon","coordinates":[[[77.78268783232393,12.991666665499968],[77.79124007947428,12.991666665499968],[77.78863061634455,12.983333332167382],[77.78007865607451,12.983333332167382],[77.78268783232393,12.991666665499968]]]}},{"type":"Feature","properties":{"lst_c":28.03,"lst_k":301.18,"lst_day_dn":15059,"qc_day":0,"lst_night_c":null,"lst_night_k":null,"lst_night_dn":0,"qc_night":2,"modis_row":841,"modis_col":696,"source_product":"MOD11A2.061","composite_start":"2026-09-14","units":"degC","scale_factor":0.02},"geometry":{"type":"Polygon","coordinates":[[[77.79124007947428,12.991666665499968],[77.79979232662461,12.991666665499968],[77.7971825766146,12.983333332167382],[77.78863061634455,12.983333332167382],[77.79124007947428,12.991666665499968]]]}},{"type":"Feature","properties":{"lst_c":29.87,"lst_k":303.02,"lst_day_dn":15151,"qc_day":0,"lst_night_c":19.51,"lst_night_k":292.66,"lst_night_dn":14633,"qc_night":65,"modis_row":842,"modis_col":653,"source_product":"MOD11A2.061","composite_start":"2026-09-14","units":"degC","scale_factor":0.02},"geometry":{"type":"Polygon","coordinates":[[[77.42089632473255,12.983333332167382],[77.4294482850026,12.983333332167382],[77.42685268292857,12.974999998834797],[77.41830100933868,12.974999998834797],[77.42089632473255,12.983333332167382]]]}},{"type":"Feature","properties":{"lst_c":30.15,"lst_k":303.3,"lst_day_dn":15165,"qc_day":0,"lst_night_c":19.55,"lst_night_k":292.7,"lst_night_dn":14635,"qc_night":65,"modis_row":842,"modis_col":654,"source_product":"MOD11A2.061","composite_start":"2026-09-14","units":"degC","scale_factor":0.02},"geometry":{"type":"Polygon","coordinates":[[[77.4294482850026,12.983333332167382],[77.43800024527265,12.983333332167382],[77.43540435651846,12.974999998834797],[77.42685268292857,12.974999998834797],[77.4294482850026,12.983333332167382]]]}},{"type":"Feature","properties":{"lst_c":30.53,"lst_k":303.68,"lst_day_dn":15184,"qc_day":0,"lst_night_c":19.45,"lst_night_k":292.6,"lst_night_dn":14630,"qc_night":65,"modis_row":842,"modis_col":655,"source_product":"MOD11A2.061","composite_start":"2026-09-14","units":"degC","scale_factor":0.02},"geometry":{"type":"Polygon","coordinates":[[[77.43800024527265,12.983333332167382],[77.44655220554269,12.983333332167382],[77.44395603010837,12.974999998834797],[77.43540435651846,12.974999998834797],[77.43800024527265,12.983333332167382]]]}},{"type":"Feature","properties":{"lst_c":30.91,"lst_k":304.06,"lst_day_dn":15203,"qc_day":0,"lst_night_c":19.43,"lst_night_k":292.58,"lst_night_dn":14629,"qc_night":65,"modis_row":842,"modis_col":656,"source_product":"MOD11A2.061","composite_start":"2026-09-14","units":"degC","scale_factor":0.02},"geometry":{"type":"Polygon","coordinates":[[[77.44655220554269,12.983333332167382],[77.45510416581274,12.983333332167382],[77.45250770369826,12.974999998834797],[77.44395603010837,12.974999998834797],[77.44655220554269,12.983333332167382]]]}},{"type":"Feature","properties":{"lst_c":31.11,"lst_k":304.26,"lst_day_dn":15213,"qc_day":0,"lst_night_c":19.67,"lst_night_k":292.82,"lst_night_dn":14641,"qc_night":65,"modis_row":842,"modis_col":657,"source_product":"MOD11A2.061","composite_start":"2026-09-14","units":"degC","scale_factor":0.02},"geometry":{"type":"Polygon","coordinates":[[[77.45510416581274,12.983333332167382],[77.4636561260828,12.983333332167382],[77.46105937728817,12.974999998834797],[77.45250770369826,12.974999998834797],[77.45510416581274,12.983333332167382]]]}},{"type":"Feature","properties":{"lst_c":30.75,"lst_k":303.9,"lst_day_dn":15195,"qc_day":0,"lst_night_c":20.15,"lst_night_k":293.3,"lst_night_dn":14665,"qc_night":0,"modis_row":842,"modis_col":658,"source_product":"MOD11A2.061","composite_start":"2026-09-14","units":"degC","scale_factor":0.02},"geometry":{"type":"Polygon","coordinates":[[[77.4636561260828,12.983333332167382],[77.47220808635284,12.983333332167382],[77.46961105087807,12.974999998834797],[77.46105937728817,12.974999998834797],[77.4636561260828,12.983333332167382]]]}},{"type":"Feature","properties":{"lst_c":30.19,"lst_k":303.34,"lst_day_dn":15167,"qc_day":0,"lst_night_c":20.79,"lst_night_k":293.94,"lst_night_dn":14697,"qc_night":0,"modis_row":842,"modis_col":659,"source_product":"MOD11A2.061","composite_start":"2026-09-14","units":"degC","scale_factor":0.02},"geometry":{"type":"Polygon","coordinates":[[[77.47220808635284,12.983333332167382],[77.48076004662286,12.983333332167382],[77.47816272446794,12.974999998834797],[77.46961105087807,12.974999998834797],[77.47220808635284,12.983333332167382]]]}},{"type":"Feature","properties":{"lst_c":29.59,"lst_k":302.74,"lst_day_dn":15137,"qc_day":0,"lst_night_c":21.15,"lst_night_k":294.3,"lst_night_dn":14715,"qc_night":0,"modis_row":842,"modis_col":660,"source_product":"MOD11A2.061","composite_start":"2026-09-14","units":"degC","scale_factor":0.02},"geometry":{"type":"Polygon","coordinates":[[[77.48076004662286,12.983333332167382],[77.48931200689292,12.983333332167382],[77.48671439805784,12.974999998834797],[77.47816272446794,12.974999998834797],[77.48076004662286,12.983333332167382]]]}},{"type":"Feature","properties":{"lst_c":29.25,"lst_k":302.4,"lst_day_dn":15120,"qc_day":0,"lst_night_c":21.31,"lst_night_k":294.46,"lst_night_dn":14723,"qc_night":0,"modis_row":842,"modis_col":661,"source_product":"MOD11A2.061","composite_start":"2026-09-14","units":"degC","scale_factor":0.02},"geometry":{"type":"Polygon","coordinates":[[[77.48931200689292,12.983333332167382],[77.49786396716297,12.983333332167382],[77.49526607164775,12.974999998834797],[77.48671439805784,12.974999998834797],[77.48931200689292,12.983333332167382]]]}},{"type":"Feature","properties":{"lst_c":29.11,"lst_k":302.26,"lst_day_dn":15113,"qc_day":0,"lst_night_c":22.05,"lst_night_k":295.2,"lst_night_dn":14760,"qc_night":0,"modis_row":842,"modis_col":662,"source_product":"MOD11A2.061","composite_start":"2026-09-14","units":"degC","scale_factor":0.02},"geometry":{"type":"Polygon","coordinates":[[[77.49786396716297,12.983333332167382],[77.50641592743301,12.983333332167382],[77.50381774523764,12.974999998834797],[77.49526607164775,12.974999998834797],[77.49786396716297,12.983333332167382]]]}},{"type":"Feature","properties":{"lst_c":29.43,"lst_k":302.58,"lst_day_dn":15129,"qc_day":17,"lst_night_c":22.83,"lst_night_k":295.98,"lst_night_dn":14799,"qc_night":17,"modis_row":842,"modis_col":663,"source_product":"MOD11A2.061","composite_start":"2026-09-14","units":"degC","scale_factor":0.02},"geometry":{"type":"Polygon","coordinates":[[[77.50641592743301,12.983333332167382],[77.51496788770307,12.983333332167382],[77.51236941882753,12.974999998834797],[77.50381774523764,12.974999998834797],[77.50641592743301,12.983333332167382]]]}},{"type":"Feature","properties":{"lst_c":30.27,"lst_k":303.42,"lst_day_dn":15171,"qc_day":17,"lst_night_c":22.73,"lst_night_k":295.88,"lst_night_dn":14794,"qc_night":81,"modis_row":842,"modis_col":664,"source_product":"MOD11A2.061","composite_start":"2026-09-14","units":"degC","scale_factor":0.02},"geometry":{"type":"Polygon","coordinates":[[[77.51496788770307,12.983333332167382],[77.5235198479731,12.983333332167382],[77.52092109241742,12.974999998834797],[77.51236941882753,12.974999998834797],[77.51496788770307,12.983333332167382]]]}},{"type":"Feature","properties":{"lst_c":30.49,"lst_k":303.64,"lst_day_dn":15182,"qc_day":81,"lst_night_c":23.67,"lst_night_k":296.82,"lst_night_dn":14841,"qc_night":81,"modis_row":842,"modis_col":665,"source_product":"MOD11A2.061","composite_start":"2026-09-14","units":"degC","scale_factor":0.02},"geometry":{"type":"Polygon","coordinates":[[[77.5235198479731,12.983333332167382],[77.53207180824315,12.983333332167382],[77.52947276600733,12.974999998834797],[77.52092109241742,12.974999998834797],[77.5235198479731,12.983333332167382]]]}},{"type":"Feature","properties":{"lst_c":30.43,"lst_k":303.58,"lst_day_dn":15179,"qc_day":81,"lst_night_c":24.21,"lst_night_k":297.36,"lst_night_dn":14868,"qc_night":81,"modis_row":842,"modis_col":666,"source_product":"MOD11A2.061","composite_start":"2026-09-14","units":"degC","scale_factor":0.02},"geometry":{"type":"Polygon","coordinates":[[[77.53207180824315,12.983333332167382],[77.5406237685132,12.983333332167382],[77.53802443959724,12.974999998834797],[77.52947276600733,12.974999998834797],[77.53207180824315,12.983333332167382]]]}},{"type":"Feature","properties":{"lst_c":29.93,"lst_k":303.08,"lst_day_dn":15154,"qc_day":81,"lst_night_c":24.37,"lst_night_k":297.52,"lst_night_dn":14876,"qc_night":81,"modis_row":842,"modis_col":667,"source_product":"MOD11A2.061","composite_start":"2026-09-14","units":"degC","scale_factor":0.02},"geometry":{"type":"Polygon","coordinates":[[[77.5406237685132,12.983333332167382],[77.54917572878324,12.983333332167382],[77.54657611318713,12.974999998834797],[77.53802443959724,12.974999998834797],[77.5406237685132,12.983333332167382]]]}},{"type":"Feature","properties":{"lst_c":30.31,"lst_k":303.46,"lst_day_dn":15173,"qc_day":81,"lst_night_c":24.23,"lst_night_k":297.38,"lst_night_dn":14869,"qc_night":81,"modis_row":842,"modis_col":668,"source_product":"MOD11A2.061","composite_start":"2026-09-14","units":"degC","scale_factor":0.02},"geometry":{"type":"Polygon","coordinates":[[[77.54917572878324,12.983333332167382],[77.5577276890533,12.983333332167382],[77.55512778677704,12.974999998834797],[77.54657611318713,12.974999998834797],[77.54917572878324,12.983333332167382]]]}},{"type":"Feature","properties":{"lst_c":30.17,"lst_k":303.32,"lst_day_dn":15166,"qc_day":81,"lst_night_c":23.75,"lst_night_k":296.9,"lst_night_dn":14845,"qc_night":81,"modis_row":842,"modis_col":669,"source_product":"MOD11A2.061","composite_start":"2026-09-14","units":"degC","scale_factor":0.02},"geometry":{"type":"Polygon","coordinates":[[[77.5577276890533,12.983333332167382],[77.56627964932335,12.983333332167382],[77.56367946036693,12.974999998834797],[77.55512778677704,12.974999998834797],[77.5577276890533,12.983333332167382]]]}},{"type":"Feature","properties":{"lst_c":30.13,"lst_k":303.28,"lst_day_dn":15164,"qc_day":81,"lst_night_c":23.15,"lst_night_k":296.3,"lst_night_dn":14815,"qc_night":81,"modis_row":842,"modis_col":670,"source_product":"MOD11A2.061","composite_start":"2026-09-14","units":"degC","scale_factor":0.02},"geometry":{"type":"Polygon","coordinates":[[[77.56627964932335,12.983333332167382],[77.57483160959339,12.983333332167382],[77.57223113395682,12.974999998834797],[77.56367946036693,12.974999998834797],[77.56627964932335,12.983333332167382]]]}},{"type":"Feature","properties":{"lst_c":30.35,"lst_k":303.5,"lst_day_dn":15175,"qc_day":81,"lst_night_c":22.95,"lst_night_k":296.1,"lst_night_dn":14805,"qc_night":81,"modis_row":842,"modis_col":671,"source_product":"MOD11A2.061","composite_start":"2026-09-14","units":"degC","scale_factor":0.02},"geometry":{"type":"Polygon","coordinates":[[[77.57483160959339,12.983333332167382],[77.58338356986344,12.983333332167382],[77.58078280754673,12.974999998834797],[77.57223113395682,12.974999998834797],[77.57483160959339,12.983333332167382]]]}},{"type":"Feature","properties":{"lst_c":29.61,"lst_k":302.76,"lst_day_dn":15138,"qc_day":81,"lst_night_c":21.29,"lst_night_k":294.44,"lst_night_dn":14722,"qc_night":17,"modis_row":842,"modis_col":672,"source_product":"MOD11A2.061","composite_start":"2026-09-14","units":"degC","scale_factor":0.02},"geometry":{"type":"Polygon","coordinates":[[[77.58338356986344,12.983333332167382],[77.5919355301335,12.983333332167382],[77.58933448113662,12.974999998834797],[77.58078280754673,12.974999998834797],[77.58338356986344,12.983333332167382]]]}},{"type":"Feature","properties":{"lst_c":28.83,"lst_k":301.98,"lst_day_dn":15099,"qc_day":81,"lst_night_c":20.81,"lst_night_k":293.96,"lst_night_dn":14698,"qc_night":17,"modis_row":842,"modis_col":673,"source_product":"MOD11A2.061","composite_start":"2026-09-14","units":"degC","scale_factor":0.02},"geometry":{"type":"Polygon","coordinates":[[[77.5919355301335,12.983333332167382],[77.60048749040354,12.983333332167382],[77.59788615472652,12.974999998834797],[77.58933448113662,12.974999998834797],[77.5919355301335,12.983333332167382]]]}},{"type":"Feature","properties":{"lst_c":28.75,"lst_k":301.9,"lst_day_dn":15095,"qc_day":81,"lst_night_c":22.55,"lst_night_k":295.7,"lst_night_dn":14785,"qc_night":81,"modis_row":842,"modis_col":674,"source_product":"MOD11A2.061","composite_start":"2026-09-14","units":"degC","scale_factor":0.02},"geometry":{"type":"Polygon","coordinates":[[[77.60048749040354,12.983333332167382],[77.60903945067356,12.983333332167382],[77.6064378283164,12.974999998834797],[77.59788615472652,12.974999998834797],[77.60048749040354,12.983333332167382]]]}},{"type":"Feature","properties":{"lst_c":29.31,"lst_k":302.46,"lst_day_dn":15123,"qc_day":81,"lst_night_c":22.47,"lst_night_k":295.62,"lst_night_dn":14781,"qc_night":81,"modis_row":842,"modis_col":675,"source_product":"MOD11A2.061","composite_start":"2026-09-14","units":"degC","scale_factor":0.02},"geometry":{"type":"Polygon","coordinates":[[[77.60903945067356,12.983333332167382],[77.61759141094362,12.983333332167382],[77.6149895019063,12.974999998834797],[77.6064378283164,12.974999998834797],[77.60903945067356,12.983333332167382]]]}},{"type":"Feature","properties":{"lst_c":28.41,"lst_k":301.56,"lst_day_dn":15078,"qc_day":81,"lst_night_c":21.79,"lst_night_k":294.94,"lst_night_dn":14747,"qc_night":81,"modis_row":842,"modis_col":676,"source_product":"MOD11A2.061","composite_start":"2026-09-14","units":"degC","scale_factor":0.02},"geometry":{"type":"Polygon","coordinates":[[[77.61759141094362,12.983333332167382],[77.62614337121367,12.983333332167382],[77.6235411754962,12.974999998834797],[77.6149895019063,12.974999998834797],[77.61759141094362,12.983333332167382]]]}},{"type":"Feature","properties":{"lst_c":28.61,"lst_k":301.76,"lst_day_dn":15088,"qc_day":81,"lst_night_c":21.41,"lst_night_k":294.56,"lst_night_dn":14728,"qc_night":81,"modis_row":842,"modis_col":677,"source_product":"MOD11A2.061","composite_start":"2026-09-14","units":"degC","scale_factor":0.02},"geometry":{"type":"Polygon","coordinates":[[[77.62614337121367,12.983333332167382],[77.63469533148371,12.983333332167382],[77.63209284908609,12.974999998834797],[77.6235411754962,12.974999998834797],[77.62614337121367,12.983333332167382]]]}},{"type":"Feature","properties":{"lst_c":28.57,"lst_k":301.72,"lst_day_dn":15086,"qc_day":81,"lst_night_c":21.55,"lst_night_k":294.7,"lst_night_dn":14735,"qc_night":81,"modis_row":842,"modis_col":678,"source_product":"MOD11A2.061","composite_start":"2026-09-14","units":"degC","scale_factor":0.02},"geometry":{"type":"Polygon","coordinates":[[[77.63469533148371,12.983333332167382],[77.64324729175377,12.983333332167382],[77.64064452267598,12.974999998834797],[77.63209284908609,12.974999998834797],[77.63469533148371,12.983333332167382]]]}},{"type":"Feature","properties":{"lst_c":28.39,"lst_k":301.54,"lst_day_dn":15077,"qc_day":81,"lst_night_c":null,"lst_night_k":null,"lst_night_dn":0,"qc_night":2,"modis_row":842,"modis_col":679,"source_product":"MOD11A2.061","composite_start":"2026-09-14","units":"degC","scale_factor":0.02},"geometry":{"type":"Polygon","coordinates":[[[77.64324729175377,12.983333332167382],[77.6517992520238,12.983333332167382],[77.64919619626589,12.974999998834797],[77.64064452267598,12.974999998834797],[77.64324729175377,12.983333332167382]]]}},{"type":"Feature","properties":{"lst_c":28.01,"lst_k":301.16,"lst_day_dn":15058,"qc_day":0,"lst_night_c":null,"lst_night_k":null,"lst_night_dn":0,"qc_night":2,"modis_row":842,"modis_col":680,"source_product":"MOD11A2.061","composite_start":"2026-09-14","units":"degC","scale_factor":0.02},"geometry":{"type":"Polygon","coordinates":[[[77.6517992520238,12.983333332167382],[77.66035121229385,12.983333332167382],[77.6577478698558,12.974999998834797],[77.64919619626589,12.974999998834797],[77.6517992520238,12.983333332167382]]]}},{"type":"Feature","properties":{"lst_c":28.29,"lst_k":301.44,"lst_day_dn":15072,"qc_day":0,"lst_night_c":null,"lst_night_k":null,"lst_night_dn":0,"qc_night":2,"modis_row":842,"modis_col":681,"source_product":"MOD11A2.061","composite_start":"2026-09-14","units":"degC","scale_factor":0.02},"geometry":{"type":"Polygon","coordinates":[[[77.66035121229385,12.983333332167382],[77.6689031725639,12.983333332167382],[77.66629954344569,12.974999998834797],[77.6577478698558,12.974999998834797],[77.66035121229385,12.983333332167382]]]}},{"type":"Feature","properties":{"lst_c":28.33,"lst_k":301.48,"lst_day_dn":15074,"qc_day":17,"lst_night_c":null,"lst_night_k":null,"lst_night_dn":0,"qc_night":2,"modis_row":842,"modis_col":682,"source_product":"MOD11A2.061","composite_start":"2026-09-14","units":"degC","scale_factor":0.02},"geometry":{"type":"Polygon","coordinates":[[[77.6689031725639,12.983333332167382],[77.67745513283394,12.983333332167382],[77.6748512170356,12.974999998834797],[77.66629954344569,12.974999998834797],[77.6689031725639,12.983333332167382]]]}},{"type":"Feature","properties":{"lst_c":28.45,"lst_k":301.6,"lst_day_dn":15080,"qc_day":17,"lst_night_c":null,"lst_night_k":null,"lst_night_dn":0,"qc_night":2,"modis_row":842,"modis_col":683,"source_product":"MOD11A2.061","composite_start":"2026-09-14","units":"degC","scale_factor":0.02},"geometry":{"type":"Polygon","coordinates":[[[77.67745513283394,12.983333332167382],[77.686007093104,12.983333332167382],[77.68340289062549,12.974999998834797],[77.6748512170356,12.974999998834797],[77.67745513283394,12.983333332167382]]]}},{"type":"Feature","properties":{"lst_c":27.27,"lst_k":300.42,"lst_day_dn":15021,"qc_day":0,"lst_night_c":null,"lst_night_k":null,"lst_night_dn":0,"qc_night":2,"modis_row":842,"modis_col":684,"source_product":"MOD11A2.061","composite_start":"2026-09-14","units":"degC","scale_factor":0.02},"geometry":{"type":"Polygon","coordinates":[[[77.686007093104,12.983333332167382],[77.69455905337405,12.983333332167382],[77.69195456421538,12.974999998834797],[77.68340289062549,12.974999998834797],[77.686007093104,12.983333332167382]]]}},{"type":"Feature","properties":{"lst_c":27.73,"lst_k":300.88,"lst_day_dn":15044,"qc_day":0,"lst_night_c":null,"lst_night_k":null,"lst_night_dn":0,"qc_night":2,"modis_row":842,"modis_col":685,"source_product":"MOD11A2.061","composite_start":"2026-09-14","units":"degC","scale_factor":0.02},"geometry":{"type":"Polygon","coordinates":[[[77.69455905337405,12.983333332167382],[77.70311101364409,12.983333332167382],[77.70050623780529,12.974999998834797],[77.69195456421538,12.974999998834797],[77.69455905337405,12.983333332167382]]]}},{"type":"Feature","properties":{"lst_c":27.83,"lst_k":300.98,"lst_day_dn":15049,"qc_day":0,"lst_night_c":null,"lst_night_k":null,"lst_night_dn":0,"qc_night":2,"modis_row":842,"modis_col":686,"source_product":"MOD11A2.061","composite_start":"2026-09-14","units":"degC","scale_factor":0.02},"geometry":{"type":"Polygon","coordinates":[[[77.70311101364409,12.983333332167382],[77.71166297391414,12.983333332167382],[77.70905791139518,12.974999998834797],[77.70050623780529,12.974999998834797],[77.70311101364409,12.983333332167382]]]}},{"type":"Feature","properties":{"lst_c":27.79,"lst_k":300.94,"lst_day_dn":15047,"qc_day":0,"lst_night_c":null,"lst_night_k":null,"lst_night_dn":0,"qc_night":2,"modis_row":842,"modis_col":687,"source_product":"MOD11A2.061","composite_start":"2026-09-14","units":"degC","scale_factor":0.02},"geometry":{"type":"Polygon","coordinates":[[[77.71166297391414,12.983333332167382],[77.7202149341842,12.983333332167382],[77.71760958498508,12.974999998834797],[77.70905791139518,12.974999998834797],[77.71166297391414,12.983333332167382]]]}},{"type":"Feature","properties":{"lst_c":27.75,"lst_k":300.9,"lst_day_dn":15045,"qc_day":0,"lst_night_c":null,"lst_night_k":null,"lst_night_dn":0,"qc_night":2,"modis_row":842,"modis_col":688,"source_product":"MOD11A2.061","composite_start":"2026-09-14","units":"degC","scale_factor":0.02},"geometry":{"type":"Polygon","coordinates":[[[77.7202149341842,12.983333332167382],[77.72876689445424,12.983333332167382],[77.72616125857498,12.974999998834797],[77.71760958498508,12.974999998834797],[77.7202149341842,12.983333332167382]]]}},{"type":"Feature","properties":{"lst_c":27.79,"lst_k":300.94,"lst_day_dn":15047,"qc_day":0,"lst_night_c":null,"lst_night_k":null,"lst_night_dn":0,"qc_night":2,"modis_row":842,"modis_col":689,"source_product":"MOD11A2.061","composite_start":"2026-09-14","units":"degC","scale_factor":0.02},"geometry":{"type":"Polygon","coordinates":[[[77.72876689445424,12.983333332167382],[77.73731885472426,12.983333332167382],[77.73471293216485,12.974999998834797],[77.72616125857498,12.974999998834797],[77.72876689445424,12.983333332167382]]]}},{"type":"Feature","properties":{"lst_c":27.63,"lst_k":300.78,"lst_day_dn":15039,"qc_day":0,"lst_night_c":null,"lst_night_k":null,"lst_night_dn":0,"qc_night":2,"modis_row":842,"modis_col":690,"source_product":"MOD11A2.061","composite_start":"2026-09-14","units":"degC","scale_factor":0.02},"geometry":{"type":"Polygon","coordinates":[[[77.73731885472426,12.983333332167382],[77.74587081499432,12.983333332167382],[77.74326460575476,12.974999998834797],[77.73471293216485,12.974999998834797],[77.73731885472426,12.983333332167382]]]}},{"type":"Feature","properties":{"lst_c":27.37,"lst_k":300.52,"lst_day_dn":15026,"qc_day":0,"lst_night_c":null,"lst_night_k":null,"lst_night_dn":0,"qc_night":2,"modis_row":842,"modis_col":691,"source_product":"MOD11A2.061","composite_start":"2026-09-14","units":"degC","scale_factor":0.02},"geometry":{"type":"Polygon","coordinates":[[[77.74587081499432,12.983333332167382],[77.75442277526436,12.983333332167382],[77.75181627934467,12.974999998834797],[77.74326460575476,12.974999998834797],[77.74587081499432,12.983333332167382]]]}},{"type":"Feature","properties":{"lst_c":27.35,"lst_k":300.5,"lst_day_dn":15025,"qc_day":0,"lst_night_c":null,"lst_night_k":null,"lst_night_dn":0,"qc_night":2,"modis_row":842,"modis_col":692,"source_product":"MOD11A2.061","composite_start":"2026-09-14","units":"degC","scale_factor":0.02},"geometry":{"type":"Polygon","coordinates":[[[77.75442277526436,12.983333332167382],[77.76297473553441,12.983333332167382],[77.76036795293454,12.974999998834797],[77.75181627934467,12.974999998834797],[77.75442277526436,12.983333332167382]]]}},{"type":"Feature","properties":{"lst_c":27.53,"lst_k":300.68,"lst_day_dn":15034,"qc_day":0,"lst_night_c":null,"lst_night_k":null,"lst_night_dn":0,"qc_night":2,"modis_row":842,"modis_col":693,"source_product":"MOD11A2.061","composite_start":"2026-09-14","units":"degC","scale_factor":0.02},"geometry":{"type":"Polygon","coordinates":[[[77.76297473553441,12.983333332167382],[77.77152669580447,12.983333332167382],[77.76891962652445,12.974999998834797],[77.76036795293454,12.974999998834797],[77.76297473553441,12.983333332167382]]]}},{"type":"Feature","properties":{"lst_c":27.69,"lst_k":300.84,"lst_day_dn":15042,"qc_day":0,"lst_night_c":null,"lst_night_k":null,"lst_night_dn":0,"qc_night":2,"modis_row":842,"modis_col":694,"source_product":"MOD11A2.061","composite_start":"2026-09-14","units":"degC","scale_factor":0.02},"geometry":{"type":"Polygon","coordinates":[[[77.77152669580447,12.983333332167382],[77.78007865607451,12.983333332167382],[77.77747130011436,12.974999998834797],[77.76891962652445,12.974999998834797],[77.77152669580447,12.983333332167382]]]}},{"type":"Feature","properties":{"lst_c":27.73,"lst_k":300.88,"lst_day_dn":15044,"qc_day":0,"lst_night_c":null,"lst_night_k":null,"lst_night_dn":0,"qc_night":2,"modis_row":842,"modis_col":695,"source_product":"MOD11A2.061","composite_start":"2026-09-14","units":"degC","scale_factor":0.02},"geometry":{"type":"Polygon","coordinates":[[[77.78007865607451,12.983333332167382],[77.78863061634455,12.983333332167382],[77.78602297370425,12.974999998834797],[77.77747130011436,12.974999998834797],[77.78007865607451,12.983333332167382]]]}},{"type":"Feature","properties":{"lst_c":27.87,"lst_k":301.02,"lst_day_dn":15051,"qc_day":0,"lst_night_c":null,"lst_night_k":null,"lst_night_dn":0,"qc_night":2,"modis_row":842,"modis_col":696,"source_product":"MOD11A2.061","composite_start":"2026-09-14","units":"degC","scale_factor":0.02},"geometry":{"type":"Polygon","coordinates":[[[77.78863061634455,12.983333332167382],[77.7971825766146,12.983333332167382],[77.79457464729416,12.974999998834797],[77.78602297370425,12.974999998834797],[77.78863061634455,12.983333332167382]]]}},{"type":"Feature","properties":{"lst_c":29.65,"lst_k":302.8,"lst_day_dn":15140,"qc_day":0,"lst_night_c":19.49,"lst_night_k":292.64,"lst_night_dn":14632,"qc_night":65,"modis_row":843,"modis_col":653,"source_product":"MOD11A2.061","composite_start":"2026-09-14","units":"degC","scale_factor":0.02},"geometry":{"type":"Polygon","coordinates":[[[77.41830100933868,12.974999998834797],[77.42685268292857,12.974999998834797],[77.42425889264598,12.966666665502213],[77.41570750553612,12.966666665502213],[77.41830100933868,12.974999998834797]]]}},{"type":"Feature","properties":{"lst_c":29.59,"lst_k":302.74,"lst_day_dn":15137,"qc_day":0,"lst_night_c":19.69,"lst_night_k":292.84,"lst_night_dn":14642,"qc_night":65,"modis_row":843,"modis_col":654,"source_product":"MOD11A2.061","composite_start":"2026-09-14","units":"degC","scale_factor":0.02},"geometry":{"type":"Polygon","coordinates":[[[77.42685268292857,12.974999998834797],[77.43540435651846,12.974999998834797],[77.43281027975584,12.966666665502213],[77.42425889264598,12.966666665502213],[77.42685268292857,12.974999998834797]]]}},{"type":"Feature","properties":{"lst_c":30.09,"lst_k":303.24,"lst_day_dn":15162,"qc_day":0,"lst_night_c":19.41,"lst_night_k":292.56,"lst_night_dn":14628,"qc_night":65,"modis_row":843,"modis_col":655,"source_product":"MOD11A2.061","composite_start":"2026-09-14","units":"degC","scale_factor":0.02},"geometry":{"type":"Polygon","coordinates":[[[77.43540435651846,12.974999998834797],[77.44395603010837,12.974999998834797],[77.44136166686569,12.966666665502213],[77.43281027975584,12.966666665502213],[77.43540435651846,12.974999998834797]]]}},{"type":"Feature","properties":{"lst_c":30.67,"lst_k":303.82,"lst_day_dn":15191,"qc_day":0,"lst_night_c":19.87,"lst_night_k":293.02,"lst_night_dn":14651,"qc_night":65,"modis_row":843,"modis_col":656,"source_product":"MOD11A2.061","composite_start":"2026-09-14","units":"degC","scale_factor":0.02},"geometry":{"type":"Polygon","coordinates":[[[77.44395603010837,12.974999998834797],[77.45250770369826,12.974999998834797],[77.44991305397555,12.966666665502213],[77.44136166686569,12.966666665502213],[77.44395603010837,12.974999998834797]]]}},{"type":"Feature","properties":{"lst_c":31.09,"lst_k":304.24,"lst_day_dn":15212,"qc_day":0,"lst_night_c":19.85,"lst_night_k":293.0,"lst_night_dn":14650,"qc_night":65,"modis_row":843,"modis_col":657,"source_product":"MOD11A2.061","composite_start":"2026-09-14","units":"degC","scale_factor":0.02},"geometry":{"type":"Polygon","coordinates":[[[77.45250770369826,12.974999998834797],[77.46105937728817,12.974999998834797],[77.4584644410854,12.966666665502213],[77.44991305397555,12.966666665502213],[77.45250770369826,12.974999998834797]]]}},{"type":"Feature","properties":{"lst_c":30.73,"lst_k":303.88,"lst_day_dn":15194,"qc_day":0,"lst_night_c":19.89,"lst_night_k":293.04,"lst_night_dn":14652,"qc_night":0,"modis_row":843,"modis_col":658,"source_product":"MOD11A2.061","composite_start":"2026-09-14","units":"degC","scale_factor":0.02},"geometry":{"type":"Polygon","coordinates":[[[77.46105937728817,12.974999998834797],[77.46961105087807,12.974999998834797],[77.46701582819526,12.966666665502213],[77.4584644410854,12.966666665502213],[77.46105937728817,12.974999998834797]]]}},{"type":"Feature","properties":{"lst_c":30.57,"lst_k":303.72,"lst_day_dn":15186,"qc_day":0,"lst_night_c":20.63,"lst_night_k":293.78,"lst_night_dn":14689,"qc_night":0,"modis_row":843,"modis_col":659,"source_product":"MOD11A2.061","composite_start":"2026-09-14","units":"degC","scale_factor":0.02},"geometry":{"type":"Polygon","coordinates":[[[77.46961105087807,12.974999998834797],[77.47816272446794,12.974999998834797],[77.4755672153051,12.966666665502213],[77.46701582819526,12.966666665502213],[77.46961105087807,12.974999998834797]]]}},{"type":"Feature","properties":{"lst_c":30.03,"lst_k":303.18,"lst_day_dn":15159,"qc_day":0,"lst_night_c":21.69,"lst_night_k":294.84,"lst_night_dn":14742,"qc_night":65,"modis_row":843,"modis_col":660,"source_product":"MOD11A2.061","composite_start":"2026-09-14","units":"degC","scale_factor":0.02},"geometry":{"type":"Polygon","coordinates":[[[77.47816272446794,12.974999998834797],[77.48671439805784,12.974999998834797],[77.48411860241495,12.966666665502213],[77.4755672153051,12.966666665502213],[77.47816272446794,12.974999998834797]]]}},{"type":"Feature","properties":{"lst_c":29.65,"lst_k":302.8,"lst_day_dn":15140,"qc_day":0,"lst_night_c":21.33,"lst_night_k":294.48,"lst_night_dn":14724,"qc_night":65,"modis_row":843,"modis_col":661,"source_product":"MOD11A2.061","composite_start":"2026-09-14","units":"degC","scale_factor":0.02},"geometry":{"type":"Polygon","coordinates":[[[77.48671439805784,12.974999998834797],[77.49526607164775,12.974999998834797],[77.49266998952481,12.966666665502213],[77.48411860241495,12.966666665502213],[77.48671439805784,12.974999998834797]]]}},{"type":"Feature","properties":{"lst_c":29.75,"lst_k":302.9,"lst_day_dn":15145,"qc_day":0,"lst_night_c":22.27,"lst_night_k":295.42,"lst_night_dn":14771,"qc_night":65,"modis_row":843,"modis_col":662,"source_product":"MOD11A2.061","composite_start":"2026-09-14","units":"degC","scale_factor":0.02},"geometry":{"type":"Polygon","coordinates":[[[77.49526607164775,12.974999998834797],[77.50381774523764,12.974999998834797],[77.50122137663467,12.966666665502213],[77.49266998952481,12.966666665502213],[77.49526607164775,12.974999998834797]]]}},{"type":"Feature","properties":{"lst_c":29.47,"lst_k":302.62,"lst_day_dn":15131,"qc_day":0,"lst_night_c":22.71,"lst_night_k":295.86,"lst_night_dn":14793,"qc_night":0,"modis_row":843,"modis_col":663,"source_product":"MOD11A2.061","composite_start":"2026-09-14","units":"degC","scale_factor":0.02},"geometry":{"type":"Polygon","coordinates":[[[77.50381774523764,12.974999998834797],[77.51236941882753,12.974999998834797],[77.50977276374454,12.966666665502213],[77.50122137663467,12.966666665502213],[77.50381774523764,12.974999998834797]]]}},{"type":"Feature","properties":{"lst_c":29.59,"lst_k":302.74,"lst_day_dn":15137,"qc_day":0,"lst_night_c":22.95,"lst_night_k":296.1,"lst_night_dn":14805,"qc_night":0,"modis_row":843,"modis_col":664,"source_product":"MOD11A2.061","composite_start":"2026-09-14","units":"degC","scale_factor":0.02},"geometry":{"type":"Polygon","coordinates":[[[77.51236941882753,12.974999998834797],[77.52092109241742,12.974999998834797],[77.5183241508544,12.966666665502213],[77.50977276374454,12.966666665502213],[77.51236941882753,12.974999998834797]]]}},{"type":"Feature","properties":{"lst_c":29.85,"lst_k":303.0,"lst_day_dn":15150,"qc_day":17,"lst_night_c":23.53,"lst_night_k":296.68,"lst_night_dn":14834,"qc_night":81,"modis_row":843,"modis_col":665,"source_product":"MOD11A2.061","composite_start":"2026-09-14","units":"degC","scale_factor":0.02},"geometry":{"type":"Polygon","coordinates":[[[77.52092109241742,12.974999998834797],[77.52947276600733,12.974999998834797],[77.52687553796426,12.966666665502213],[77.5183241508544,12.966666665502213],[77.52092109241742,12.974999998834797]]]}},{"type":"Feature","properties":{"lst_c":29.91,"lst_k":303.06,"lst_day_dn":15153,"qc_day":81,"lst_night_c":23.81,"lst_night_k":296.96,"lst_night_dn":14848,"qc_night":81,"modis_row":843,"modis_col":666,"source_product":"MOD11A2.061","composite_start":"2026-09-14","units":"degC","scale_factor":0.02},"geometry":{"type":"Polygon","coordinates":[[[77.52947276600733,12.974999998834797],[77.53802443959724,12.974999998834797],[77.53542692507412,12.966666665502213],[77.52687553796426,12.966666665502213],[77.52947276600733,12.974999998834797]]]}},{"type":"Feature","properties":{"lst_c":29.47,"lst_k":302.62,"lst_day_dn":15131,"qc_day":81,"lst_night_c":23.93,"lst_night_k":297.08,"lst_night_dn":14854,"qc_night":81,"modis_row":843,"modis_col":667,"source_product":"MOD11A2.061","composite_start":"2026-09-14","units":"degC","scale_factor":0.02},"geometry":{"type":"Polygon","coordinates":[[[77.53802443959724,12.974999998834797],[77.54657611318713,12.974999998834797],[77.54397831218398,12.966666665502213],[77.53542692507412,12.966666665502213],[77.53802443959724,12.974999998834797]]]}},{"type":"Feature","properties":{"lst_c":30.01,"lst_k":303.16,"lst_day_dn":15158,"qc_day":81,"lst_night_c":24.13,"lst_night_k":297.28,"lst_night_dn":14864,"qc_night":81,"modis_row":843,"modis_col":668,"source_product":"MOD11A2.061","composite_start":"2026-09-14","units":"degC","scale_factor":0.02},"geometry":{"type":"Polygon","coordinates":[[[77.54657611318713,12.974999998834797],[77.55512778677704,12.974999998834797],[77.55252969929383,12.966666665502213],[77.54397831218398,12.966666665502213],[77.54657611318713,12.974999998834797]]]}},{"type":"Feature","properties":{"lst_c":30.27,"lst_k":303.42,"lst_day_dn":15171,"qc_day":81,"lst_night_c":24.23,"lst_night_k":297.38,"lst_night_dn":14869,"qc_night":81,"modis_row":843,"modis_col":669,"source_product":"MOD11A2.061","composite_start":"2026-09-14","units":"degC","scale_factor":0.02},"geometry":{"type":"Polygon","coordinates":[[[77.55512778677704,12.974999998834797],[77.56367946036693,12.974999998834797],[77.56108108640369,12.966666665502213],[77.55252969929383,12.966666665502213],[77.55512778677704,12.974999998834797]]]}},{"type":"Feature","properties":{"lst_c":30.31,"lst_k":303.46,"lst_day_dn":15173,"qc_day":81,"lst_night_c":23.55,"lst_night_k":296.7,"lst_night_dn":14835,"qc_night":81,"modis_row":843,"modis_col":670,"source_product":"MOD11A2.061","composite_start":"2026-09-14","units":"degC","scale_factor":0.02},"geometry":{"type":"Polygon","coordinates":[[[77.56367946036693,12.974999998834797],[77.57223113395682,12.974999998834797],[77.56963247351354,12.966666665502213],[77.56108108640369,12.966666665502213],[77.56367946036693,12.974999998834797]]]}},{"type":"Feature","properties":{"lst_c":30.51,"lst_k":303.66,"lst_day_dn":15183,"qc_day":81,"lst_night_c":23.87,"lst_night_k":297.02,"lst_night_dn":14851,"qc_night":81,"modis_row":843,"modis_col":671,"source_product":"MOD11A2.061","composite_start":"2026-09-14","units":"degC","scale_factor":0.02},"geometry":{"type":"Polygon","coordinates":[[[77.57223113395682,12.974999998834797],[77.58078280754673,12.974999998834797],[77.5781838606234,12.966666665502213],[77.56963247351354,12.966666665502213],[77.57223113395682,12.974999998834797]]]}},{"type":"Feature","properties":{"lst_c":30.25,"lst_k":303.4,"lst_day_dn":15170,"qc_day":81,"lst_night_c":23.19,"lst_night_k":296.34,"lst_night_dn":14817,"qc_night":81,"modis_row":843,"modis_col":672,"source_product":"MOD11A2.061","composite_start":"2026-09-14","units":"degC","scale_factor":0.02},"geometry":{"type":"Polygon","coordinates":[[[77.58078280754673,12.974999998834797],[77.58933448113662,12.974999998834797],[77.58673524773326,12.966666665502213],[77.5781838606234,12.966666665502213],[77.58078280754673,12.974999998834797]]]}},{"type":"Feature","properties":{"lst_c":29.41,"lst_k":302.56,"lst_day_dn":15128,"qc_day":81,"lst_night_c":22.09,"lst_night_k":295.24,"lst_night_dn":14762,"qc_night":17,"modis_row":843,"modis_col":673,"source_product":"MOD11A2.061","composite_start":"2026-09-14","units":"degC","scale_factor":0.02},"geometry":{"type":"Polygon","coordinates":[[[77.58933448113662,12.974999998834797],[77.59788615472652,12.974999998834797],[77.59528663484312,12.966666665502213],[77.58673524773326,12.966666665502213],[77.58933448113662,12.974999998834797]]]}},{"type":"Feature","properties":{"lst_c":28.57,"lst_k":301.72,"lst_day_dn":15086,"qc_day":81,"lst_night_c":21.89,"lst_night_k":295.04,"lst_night_dn":14752,"qc_night":81,"modis_row":843,"modis_col":674,"source_product":"MOD11A2.061","composite_start":"2026-09-14","units":"degC","scale_factor":0.02},"geometry":{"type":"Polygon","coordinates":[[[77.59788615472652,12.974999998834797],[77.6064378283164,12.974999998834797],[77.60383802195295,12.966666665502213],[77.59528663484312,12.966666665502213],[77.59788615472652,12.974999998834797]]]}},{"type":"Feature","properties":{"lst_c":28.55,"lst_k":301.7,"lst_day_dn":15085,"qc_day":81,"lst_night_c":22.43,"lst_night_k":295.58,"lst_night_dn":14779,"qc_night":81,"modis_row":843,"modis_col":675,"source_product":"MOD11A2.061","composite_start":"2026-09-14","units":"degC","scale_factor":0.02},"geometry":{"type":"Polygon","coordinates":[[[77.6064378283164,12.974999998834797],[77.6149895019063,12.974999998834797],[77.61238940906281,12.966666665502213],[77.60383802195295,12.966666665502213],[77.6064378283164,12.974999998834797]]]}},{"type":"Feature","properties":{"lst_c":28.09,"lst_k":301.24,"lst_day_dn":15062,"qc_day":81,"lst_night_c":22.17,"lst_night_k":295.32,"lst_night_dn":14766,"qc_night":81,"modis_row":843,"modis_col":676,"source_product":"MOD11A2.061","composite_start":"2026-09-14","units":"degC","scale_factor":0.02},"geometry":{"type":"Polygon","coordinates":[[[77.6149895019063,12.974999998834797],[77.6235411754962,12.974999998834797],[77.62094079617268,12.966666665502213],[77.61238940906281,12.966666665502213],[77.6149895019063,12.974999998834797]]]}},{"type":"Feature","properties":{"lst_c":28.07,"lst_k":301.22,"lst_day_dn":15061,"qc_day":81,"lst_night_c":22.21,"lst_night_k":295.36,"lst_night_dn":14768,"qc_night":81,"modis_row":843,"modis_col":677,"source_product":"MOD11A2.061","composite_start":"2026-09-14","units":"degC","scale_factor":0.02},"geometry":{"type":"Polygon","coordinates":[[[77.6235411754962,12.974999998834797],[77.63209284908609,12.974999998834797],[77.62949218328254,12.966666665502213],[77.62094079617268,12.966666665502213],[77.6235411754962,12.974999998834797]]]}},{"type":"Feature","properties":{"lst_c":28.27,"lst_k":301.42,"lst_day_dn":15071,"qc_day":81,"lst_night_c":22.17,"lst_night_k":295.32,"lst_night_dn":14766,"qc_night":81,"modis_row":843,"modis_col":678,"source_product":"MOD11A2.061","composite_start":"2026-09-14","units":"degC","scale_factor":0.02},"geometry":{"type":"Polygon","coordinates":[[[77.63209284908609,12.974999998834797],[77.64064452267598,12.974999998834797],[77.6380435703924,12.966666665502213],[77.62949218328254,12.966666665502213],[77.63209284908609,12.974999998834797]]]}},{"type":"Feature","properties":{"lst_c":28.47,"lst_k":301.62,"lst_day_dn":15081,"qc_day":81,"lst_night_c":20.83,"lst_night_k":293.98,"lst_night_dn":14699,"qc_night":81,"modis_row":843,"modis_col":679,"source_product":"MOD11A2.061","composite_start":"2026-09-14","units":"degC","scale_factor":0.02},"geometry":{"type":"Polygon","coordinates":[[[77.64064452267598,12.974999998834797],[77.64919619626589,12.974999998834797],[77.64659495750226,12.966666665502213],[77.6380435703924,12.966666665502213],[77.64064452267598,12.974999998834797]]]}},{"type":"Feature","properties":{"lst_c":28.17,"lst_k":301.32,"lst_day_dn":15066,"qc_day":81,"lst_night_c":20.61,"lst_night_k":293.76,"lst_night_dn":14688,"qc_night":81,"modis_row":843,"modis_col":680,"source_product":"MOD11A2.061","composite_start":"2026-09-14","units":"degC","scale_factor":0.02},"geometry":{"type":"Polygon","coordinates":[[[77.64919619626589,12.974999998834797],[77.6577478698558,12.974999998834797],[77.65514634461212,12.966666665502213],[77.64659495750226,12.966666665502213],[77.64919619626589,12.974999998834797]]]}},{"type":"Feature","properties":{"lst_c":28.61,"lst_k":301.76,"lst_day_dn":15088,"qc_day":81,"lst_night_c":null,"lst_night_k":null,"lst_night_dn":0,"qc_night":2,"modis_row":843,"modis_col":681,"source_product":"MOD11A2.061","composite_start":"2026-09-14","units":"degC","scale_factor":0.02},"geometry":{"type":"Polygon","coordinates":[[[77.6577478698558,12.974999998834797],[77.66629954344569,12.974999998834797],[77.66369773172197,12.966666665502213],[77.65514634461212,12.966666665502213],[77.6577478698558,12.974999998834797]]]}},{"type":"Feature","properties":{"lst_c":28.97,"lst_k":302.12,"lst_day_dn":15106,"qc_day":17,"lst_night_c":null,"lst_night_k":null,"lst_night_dn":0,"qc_night":2,"modis_row":843,"modis_col":682,"source_product":"MOD11A2.061","composite_start":"2026-09-14","units":"degC","scale_factor":0.02},"geometry":{"type":"Polygon","coordinates":[[[77.66629954344569,12.974999998834797],[77.6748512170356,12.974999998834797],[77.67224911883183,12.966666665502213],[77.66369773172197,12.966666665502213],[77.66629954344569,12.974999998834797]]]}},{"type":"Feature","properties":{"lst_c":28.59,"lst_k":301.74,"lst_day_dn":15087,"qc_day":17,"lst_night_c":null,"lst_night_k":null,"lst_night_dn":0,"qc_night":2,"modis_row":843,"modis_col":683,"source_product":"MOD11A2.061","composite_start":"2026-09-14","units":"degC","scale_factor":0.02},"geometry":{"type":"Polygon","coordinates":[[[77.6748512170356,12.974999998834797],[77.68340289062549,12.974999998834797],[77.68080050594169,12.966666665502213],[77.67224911883183,12.966666665502213],[77.6748512170356,12.974999998834797]]]}},{"type":"Feature","properties":{"lst_c":28.19,"lst_k":301.34,"lst_day_dn":15067,"qc_day":17,"lst_night_c":null,"lst_night_k":null,"lst_night_dn":0,"qc_night":2,"modis_row":843,"modis_col":684,"source_product":"MOD11A2.061","composite_start":"2026-09-14","units":"degC","scale_factor":0.02},"geometry":{"type":"Polygon","coordinates":[[[77.68340289062549,12.974999998834797],[77.69195456421538,12.974999998834797],[77.68935189305154,12.966666665502213],[77.68080050594169,12.966666665502213],[77.68340289062549,12.974999998834797]]]}},{"type":"Feature","properties":{"lst_c":27.81,"lst_k":300.96,"lst_day_dn":15048,"qc_day":0,"lst_night_c":null,"lst_night_k":null,"lst_night_dn":0,"qc_night":2,"modis_row":843,"modis_col":685,"source_product":"MOD11A2.061","composite_start":"2026-09-14","units":"degC","scale_factor":0.02},"geometry":{"type":"Polygon","coordinates":[[[77.69195456421538,12.974999998834797],[77.70050623780529,12.974999998834797],[77.6979032801614,12.966666665502213],[77.68935189305154,12.966666665502213],[77.69195456421538,12.974999998834797]]]}},{"type":"Feature","properties":{"lst_c":27.69,"lst_k":300.84,"lst_day_dn":15042,"qc_day":0,"lst_night_c":null,"lst_night_k":null,"lst_night_dn":0,"qc_night":2,"modis_row":843,"modis_col":686,"source_product":"MOD11A2.061","composite_start":"2026-09-14","units":"degC","scale_factor":0.02},"geometry":{"type":"Polygon","coordinates":[[[77.70050623780529,12.974999998834797],[77.70905791139518,12.974999998834797],[77.70645466727126,12.966666665502213],[77.6979032801614,12.966666665502213],[77.70050623780529,12.974999998834797]]]}},{"type":"Feature","properties":{"lst_c":27.69,"lst_k":300.84,"lst_day_dn":15042,"qc_day":0,"lst_night_c":null,"lst_night_k":null,"lst_night_dn":0,"qc_night":2,"modis_row":843,"modis_col":687,"source_product":"MOD11A2.061","composite_start":"2026-09-14","units":"degC","scale_factor":0.02},"geometry":{"type":"Polygon","coordinates":[[[77.70905791139518,12.974999998834797],[77.71760958498508,12.974999998834797],[77.71500605438112,12.966666665502213],[77.70645466727126,12.966666665502213],[77.70905791139518,12.974999998834797]]]}},{"type":"Feature","properties":{"lst_c":27.81,"lst_k":300.96,"lst_day_dn":15048,"qc_day":0,"lst_night_c":null,"lst_night_k":null,"lst_night_dn":0,"qc_night":2,"modis_row":843,"modis_col":688,"source_product":"MOD11A2.061","composite_start":"2026-09-14","units":"degC","scale_factor":0.02},"geometry":{"type":"Polygon","coordinates":[[[77.71760958498508,12.974999998834797],[77.72616125857498,12.974999998834797],[77.72355744149098,12.966666665502213],[77.71500605438112,12.966666665502213],[77.71760958498508,12.974999998834797]]]}},{"type":"Feature","properties":{"lst_c":27.95,"lst_k":301.1,"lst_day_dn":15055,"qc_day":0,"lst_night_c":null,"lst_night_k":null,"lst_night_dn":0,"qc_night":2,"modis_row":843,"modis_col":689,"source_product":"MOD11A2.061","composite_start":"2026-09-14","units":"degC","scale_factor":0.02},"geometry":{"type":"Polygon","coordinates":[[[77.72616125857498,12.974999998834797],[77.73471293216485,12.974999998834797],[77.73210882860081,12.966666665502213],[77.72355744149098,12.966666665502213],[77.72616125857498,12.974999998834797]]]}},{"type":"Feature","properties":{"lst_c":28.03,"lst_k":301.18,"lst_day_dn":15059,"qc_day":0,"lst_night_c":null,"lst_night_k":null,"lst_night_dn":0,"qc_night":2,"modis_row":843,"modis_col":690,"source_product":"MOD11A2.061","composite_start":"2026-09-14","units":"degC","scale_factor":0.02},"geometry":{"type":"Polygon","coordinates":[[[77.73471293216485,12.974999998834797],[77.74326460575476,12.974999998834797],[77.74066021571068,12.966666665502213],[77.73210882860081,12.966666665502213],[77.73471293216485,12.974999998834797]]]}},{"type":"Feature","properties":{"lst_c":27.79,"lst_k":300.94,"lst_day_dn":15047,"qc_day":0,"lst_night_c":null,"lst_night_k":null,"lst_night_dn":0,"qc_night":2,"modis_row":843,"modis_col":691,"source_product":"MOD11A2.061","composite_start":"2026-09-14","units":"degC","scale_factor":0.02},"geometry":{"type":"Polygon","coordinates":[[[77.74326460575476,12.974999998834797],[77.75181627934467,12.974999998834797],[77.74921160282054,12.966666665502213],[77.74066021571068,12.966666665502213],[77.74326460575476,12.974999998834797]]]}},{"type":"Feature","properties":{"lst_c":27.63,"lst_k":300.78,"lst_day_dn":15039,"qc_day":0,"lst_night_c":null,"lst_night_k":null,"lst_night_dn":0,"qc_night":2,"modis_row":843,"modis_col":692,"source_product":"MOD11A2.061","composite_start":"2026-09-14","units":"degC","scale_factor":0.02},"geometry":{"type":"Polygon","coordinates":[[[77.75181627934467,12.974999998834797],[77.76036795293454,12.974999998834797],[77.7577629899304,12.966666665502213],[77.74921160282054,12.966666665502213],[77.75181627934467,12.974999998834797]]]}},{"type":"Feature","properties":{"lst_c":27.63,"lst_k":300.78,"lst_day_dn":15039,"qc_day":0,"lst_night_c":null,"lst_night_k":null,"lst_night_dn":0,"qc_night":2,"modis_row":843,"modis_col":693,"source_product":"MOD11A2.061","composite_start":"2026-09-14","units":"degC","scale_factor":0.02},"geometry":{"type":"Polygon","coordinates":[[[77.76036795293454,12.974999998834797],[77.76891962652445,12.974999998834797],[77.76631437704026,12.966666665502213],[77.7577629899304,12.966666665502213],[77.76036795293454,12.974999998834797]]]}},{"type":"Feature","properties":{"lst_c":27.61,"lst_k":300.76,"lst_day_dn":15038,"qc_day":0,"lst_night_c":null,"lst_night_k":null,"lst_night_dn":0,"qc_night":2,"modis_row":843,"modis_col":694,"source_product":"MOD11A2.061","composite_start":"2026-09-14","units":"degC","scale_factor":0.02},"geometry":{"type":"Polygon","coordinates":[[[77.76891962652445,12.974999998834797],[77.77747130011436,12.974999998834797],[77.7748657641501,12.966666665502213],[77.76631437704026,12.966666665502213],[77.76891962652445,12.974999998834797]]]}},{"type":"Feature","properties":{"lst_c":27.41,"lst_k":300.56,"lst_day_dn":15028,"qc_day":0,"lst_night_c":null,"lst_night_k":null,"lst_night_dn":0,"qc_night":2,"modis_row":843,"modis_col":695,"source_product":"MOD11A2.061","composite_start":"2026-09-14","units":"degC","scale_factor":0.02},"geometry":{"type":"Polygon","coordinates":[[[77.77747130011436,12.974999998834797],[77.78602297370425,12.974999998834797],[77.78341715125997,12.966666665502213],[77.7748657641501,12.966666665502213],[77.77747130011436,12.974999998834797]]]}},{"type":"Feature","properties":{"lst_c":27.33,"lst_k":300.48,"lst_day_dn":15024,"qc_day":0,"lst_night_c":null,"lst_night_k":null,"lst_night_dn":0,"qc_night":2,"modis_row":843,"modis_col":696,"source_product":"MOD11A2.061","composite_start":"2026-09-14","units":"degC","scale_factor":0.02},"geometry":{"type":"Polygon","coordinates":[[[77.78602297370425,12.974999998834797],[77.79457464729416,12.974999998834797],[77.79196853836983,12.966666665502213],[77.78341715125997,12.966666665502213],[77.78602297370425,12.974999998834797]]]}},{"type":"Feature","properties":{"lst_c":28.37,"lst_k":301.52,"lst_day_dn":15076,"qc_day":0,"lst_night_c":19.69,"lst_night_k":292.84,"lst_night_dn":14642,"qc_night":65,"modis_row":844,"modis_col":653,"source_product":"MOD11A2.061","composite_start":"2026-09-14","units":"degC","scale_factor":0.02},"geometry":{"type":"Polygon","coordinates":[[[77.41570750553612,12.966666665502213],[77.42425889264598,12.966666665502213],[77.42166691386298,12.958333332169627],[77.41311581303307,12.958333332169627],[77.41570750553612,12.966666665502213]]]}},{"type":"Feature","properties":{"lst_c":27.99,"lst_k":301.14,"lst_day_dn":15057,"qc_day":0,"lst_night_c":null,"lst_night_k":null,"lst_night_dn":0,"qc_night":2,"modis_row":844,"modis_col":654,"source_product":"MOD11A2.061","composite_start":"2026-09-14","units":"degC","scale_factor":0.02},"geometry":{"type":"Polygon","coordinates":[[[77.42425889264598,12.966666665502213],[77.43281027975584,12.966666665502213],[77.43021801469288,12.958333332169627],[77.42166691386298,12.958333332169627],[77.42425889264598,12.966666665502213]]]}},{"type":"Feature","properties":{"lst_c":28.75,"lst_k":301.9,"lst_day_dn":15095,"qc_day":0,"lst_night_c":null,"lst_night_k":null,"lst_night_dn":0,"qc_night":2,"modis_row":844,"modis_col":655,"source_product":"MOD11A2.061","composite_start":"2026-09-14","units":"degC","scale_factor":0.02},"geometry":{"type":"Polygon","coordinates":[[[77.43281027975584,12.966666665502213],[77.44136166686569,12.966666665502213],[77.43876911552277,12.958333332169627],[77.43021801469288,12.958333332169627],[77.43281027975584,12.966666665502213]]]}},{"type":"Feature","properties":{"lst_c":29.97,"lst_k":303.12,"lst_day_dn":15156,"qc_day":0,"lst_night_c":20.11,"lst_night_k":293.26,"lst_night_dn":14663,"qc_night":65,"modis_row":844,"modis_col":656,"source_product":"MOD11A2.061","composite_start":"2026-09-14","units":"degC","scale_factor":0.02},"geometry":{"type":"Polygon","coordinates":[[[77.44136166686569,12.966666665502213],[77.44991305397555,12.966666665502213],[77.44732021635267,12.958333332169627],[77.43876911552277,12.958333332169627],[77.44136166686569,12.966666665502213]]]}},{"type":"Feature","properties":{"lst_c":30.81,"lst_k":303.96,"lst_day_dn":15198,"qc_day":0,"lst_night_c":20.05,"lst_night_k":293.2,"lst_night_dn":14660,"qc_night":65,"modis_row":844,"modis_col":657,"source_product":"MOD11A2.061","composite_start":"2026-09-14","units":"degC","scale_factor":0.02},"geometry":{"type":"Polygon","coordinates":[[[77.44991305397555,12.966666665502213],[77.4584644410854,12.966666665502213],[77.45587131718256,12.958333332169627],[77.44732021635267,12.958333332169627],[77.44991305397555,12.966666665502213]]]}},{"type":"Feature","properties":{"lst_c":30.41,"lst_k":303.56,"lst_day_dn":15178,"qc_day":0,"lst_night_c":19.85,"lst_night_k":293.0,"lst_night_dn":14650,"qc_night":65,"modis_row":844,"modis_col":658,"source_product":"MOD11A2.061","composite_start":"2026-09-14","units":"degC","scale_factor":0.02},"geometry":{"type":"Polygon","coordinates":[[[77.4584644410854,12.966666665502213],[77.46701582819526,12.966666665502213],[77.46442241801246,12.958333332169627],[77.45587131718256,12.958333332169627],[77.4584644410854,12.966666665502213]]]}},{"type":"Feature","properties":{"lst_c":30.45,"lst_k":303.6,"lst_day_dn":15180,"qc_day":0,"lst_night_c":19.87,"lst_night_k":293.02,"lst_night_dn":14651,"qc_night":0,"modis_row":844,"modis_col":659,"source_product":"MOD11A2.061","composite_start":"2026-09-14","units":"degC","scale_factor":0.02},"geometry":{"type":"Polygon","coordinates":[[[77.46701582819526,12.966666665502213],[77.4755672153051,12.966666665502213],[77.47297351884234,12.958333332169627],[77.46442241801246,12.958333332169627],[77.46701582819526,12.966666665502213]]]}},{"type":"Feature","properties":{"lst_c":30.11,"lst_k":303.26,"lst_day_dn":15163,"qc_day":0,"lst_night_c":21.47,"lst_night_k":294.62,"lst_night_dn":14731,"qc_night":65,"modis_row":844,"modis_col":660,"source_product":"MOD11A2.061","composite_start":"2026-09-14","units":"degC","scale_factor":0.02},"geometry":{"type":"Polygon","coordinates":[[[77.4755672153051,12.966666665502213],[77.48411860241495,12.966666665502213],[77.48152461967223,12.958333332169627],[77.47297351884234,12.958333332169627],[77.4755672153051,12.966666665502213]]]}},{"type":"Feature","properties":{"lst_c":29.41,"lst_k":302.56,"lst_day_dn":15128,"qc_day":0,"lst_night_c":20.91,"lst_night_k":294.06,"lst_night_dn":14703,"qc_night":65,"modis_row":844,"modis_col":661,"source_product":"MOD11A2.061","composite_start":"2026-09-14","units":"degC","scale_factor":0.02},"geometry":{"type":"Polygon","coordinates":[[[77.48411860241495,12.966666665502213],[77.49266998952481,12.966666665502213],[77.49007572050212,12.958333332169627],[77.48152461967223,12.958333332169627],[77.48411860241495,12.966666665502213]]]}},{"type":"Feature","properties":{"lst_c":29.31,"lst_k":302.46,"lst_day_dn":15123,"qc_day":0,"lst_night_c":21.63,"lst_night_k":294.78,"lst_night_dn":14739,"qc_night":65,"modis_row":844,"modis_col":662,"source_product":"MOD11A2.061","composite_start":"2026-09-14","units":"degC","scale_factor":0.02},"geometry":{"type":"Polygon","coordinates":[[[77.49266998952481,12.966666665502213],[77.50122137663467,12.966666665502213],[77.49862682133201,12.958333332169627],[77.49007572050212,12.958333332169627],[77.49266998952481,12.966666665502213]]]}},{"type":"Feature","properties":{"lst_c":29.19,"lst_k":302.34,"lst_day_dn":15117,"qc_day":0,"lst_night_c":22.27,"lst_night_k":295.42,"lst_night_dn":14771,"qc_night":65,"modis_row":844,"modis_col":663,"source_product":"MOD11A2.061","composite_start":"2026-09-14","units":"degC","scale_factor":0.02},"geometry":{"type":"Polygon","coordinates":[[[77.50122137663467,12.966666665502213],[77.50977276374454,12.966666665502213],[77.50717792216192,12.958333332169627],[77.49862682133201,12.958333332169627],[77.50122137663467,12.966666665502213]]]}},{"type":"Feature","properties":{"lst_c":29.23,"lst_k":302.38,"lst_day_dn":15119,"qc_day":0,"lst_night_c":22.89,"lst_night_k":296.04,"lst_night_dn":14802,"qc_night":81,"modis_row":844,"modis_col":664,"source_product":"MOD11A2.061","composite_start":"2026-09-14","units":"degC","scale_factor":0.02},"geometry":{"type":"Polygon","coordinates":[[[77.50977276374454,12.966666665502213],[77.5183241508544,12.966666665502213],[77.51572902299182,12.958333332169627],[77.50717792216192,12.958333332169627],[77.50977276374454,12.966666665502213]]]}},{"type":"Feature","properties":{"lst_c":29.37,"lst_k":302.52,"lst_day_dn":15126,"qc_day":0,"lst_night_c":23.65,"lst_night_k":296.8,"lst_night_dn":14840,"qc_night":81,"modis_row":844,"modis_col":665,"source_product":"MOD11A2.061","composite_start":"2026-09-14","units":"degC","scale_factor":0.02},"geometry":{"type":"Polygon","coordinates":[[[77.5183241508544,12.966666665502213],[77.52687553796426,12.966666665502213],[77.52428012382171,12.958333332169627],[77.51572902299182,12.958333332169627],[77.5183241508544,12.966666665502213]]]}},{"type":"Feature","properties":{"lst_c":29.81,"lst_k":302.96,"lst_day_dn":15148,"qc_day":81,"lst_night_c":23.99,"lst_night_k":297.14,"lst_night_dn":14857,"qc_night":81,"modis_row":844,"modis_col":666,"source_product":"MOD11A2.061","composite_start":"2026-09-14","units":"degC","scale_factor":0.02},"geometry":{"type":"Polygon","coordinates":[[[77.52687553796426,12.966666665502213],[77.53542692507412,12.966666665502213],[77.5328312246516,12.958333332169627],[77.52428012382171,12.958333332169627],[77.52687553796426,12.966666665502213]]]}},{"type":"Feature","properties":{"lst_c":29.95,"lst_k":303.1,"lst_day_dn":15155,"qc_day":81,"lst_night_c":23.99,"lst_night_k":297.14,"lst_night_dn":14857,"qc_night":81,"modis_row":844,"modis_col":667,"source_product":"MOD11A2.061","composite_start":"2026-09-14","units":"degC","scale_factor":0.02},"geometry":{"type":"Polygon","coordinates":[[[77.53542692507412,12.966666665502213],[77.54397831218398,12.966666665502213],[77.5413823254815,12.958333332169627],[77.5328312246516,12.958333332169627],[77.53542692507412,12.966666665502213]]]}},{"type":"Feature","properties":{"lst_c":30.33,"lst_k":303.48,"lst_day_dn":15174,"qc_day":81,"lst_night_c":23.95,"lst_night_k":297.1,"lst_night_dn":14855,"qc_night":81,"modis_row":844,"modis_col":668,"source_product":"MOD11A2.061","composite_start":"2026-09-14","units":"degC","scale_factor":0.02},"geometry":{"type":"Polygon","coordinates":[[[77.54397831218398,12.966666665502213],[77.55252969929383,12.966666665502213],[77.5499334263114,12.958333332169627],[77.5413823254815,12.958333332169627],[77.54397831218398,12.966666665502213]]]}},{"type":"Feature","properties":{"lst_c":30.41,"lst_k":303.56,"lst_day_dn":15178,"qc_day":81,"lst_night_c":24.07,"lst_night_k":297.22,"lst_night_dn":14861,"qc_night":81,"modis_row":844,"modis_col":669,"source_product":"MOD11A2.061","composite_start":"2026-09-14","units":"degC","scale_factor":0.02},"geometry":{"type":"Polygon","coordinates":[[[77.55252969929383,12.966666665502213],[77.56108108640369,12.966666665502213],[77.55848452714129,12.958333332169627],[77.5499334263114,12.958333332169627],[77.55252969929383,12.966666665502213]]]}},{"type":"Feature","properties":{"lst_c":30.11,"lst_k":303.26,"lst_day_dn":15163,"qc_day":81,"lst_night_c":24.07,"lst_night_k":297.22,"lst_night_dn":14861,"qc_night":81,"modis_row":844,"modis_col":670,"source_product":"MOD11A2.061","composite_start":"2026-09-14","units":"degC","scale_factor":0.02},"geometry":{"type":"Polygon","coordinates":[[[77.56108108640369,12.966666665502213],[77.56963247351354,12.966666665502213],[77.5670356279712,12.958333332169627],[77.55848452714129,12.958333332169627],[77.56108108640369,12.966666665502213]]]}},{"type":"Feature","properties":{"lst_c":30.25,"lst_k":303.4,"lst_day_dn":15170,"qc_day":81,"lst_night_c":23.83,"lst_night_k":296.98,"lst_night_dn":14849,"qc_night":81,"modis_row":844,"modis_col":671,"source_product":"MOD11A2.061","composite_start":"2026-09-14","units":"degC","scale_factor":0.02},"geometry":{"type":"Polygon","coordinates":[[[77.56963247351354,12.966666665502213],[77.5781838606234,12.966666665502213],[77.57558672880107,12.958333332169627],[77.5670356279712,12.958333332169627],[77.56963247351354,12.966666665502213]]]}},{"type":"Feature","properties":{"lst_c":30.47,"lst_k":303.62,"lst_day_dn":15181,"qc_day":81,"lst_night_c":23.39,"lst_night_k":296.54,"lst_night_dn":14827,"qc_night":81,"modis_row":844,"modis_col":672,"source_product":"MOD11A2.061","composite_start":"2026-09-14","units":"degC","scale_factor":0.02},"geometry":{"type":"Polygon","coordinates":[[[77.5781838606234,12.966666665502213],[77.58673524773326,12.966666665502213],[77.58413782963098,12.958333332169627],[77.57558672880107,12.958333332169627],[77.5781838606234,12.966666665502213]]]}},{"type":"Feature","properties":{"lst_c":30.23,"lst_k":303.38,"lst_day_dn":15169,"qc_day":81,"lst_night_c":23.07,"lst_night_k":296.22,"lst_night_dn":14811,"qc_night":81,"modis_row":844,"modis_col":673,"source_product":"MOD11A2.061","composite_start":"2026-09-14","units":"degC","scale_factor":0.02},"geometry":{"type":"Polygon","coordinates":[[[77.58673524773326,12.966666665502213],[77.59528663484312,12.966666665502213],[77.59268893046087,12.958333332169627],[77.58413782963098,12.958333332169627],[77.58673524773326,12.966666665502213]]]}},{"type":"Feature","properties":{"lst_c":29.61,"lst_k":302.76,"lst_day_dn":15138,"qc_day":81,"lst_night_c":22.91,"lst_night_k":296.06,"lst_night_dn":14803,"qc_night":81,"modis_row":844,"modis_col":674,"source_product":"MOD11A2.061","composite_start":"2026-09-14","units":"degC","scale_factor":0.02},"geometry":{"type":"Polygon","coordinates":[[[77.59528663484312,12.966666665502213],[77.60383802195295,12.966666665502213],[77.60124003129076,12.958333332169627],[77.59268893046087,12.958333332169627],[77.59528663484312,12.966666665502213]]]}},{"type":"Feature","properties":{"lst_c":28.51,"lst_k":301.66,"lst_day_dn":15083,"qc_day":81,"lst_night_c":22.55,"lst_night_k":295.7,"lst_night_dn":14785,"qc_night":81,"modis_row":844,"modis_col":675,"source_product":"MOD11A2.061","composite_start":"2026-09-14","units":"degC","scale_factor":0.02},"geometry":{"type":"Polygon","coordinates":[[[77.60383802195295,12.966666665502213],[77.61238940906281,12.966666665502213],[77.60979113212065,12.958333332169627],[77.60124003129076,12.958333332169627],[77.60383802195295,12.966666665502213]]]}},{"type":"Feature","properties":{"lst_c":28.53,"lst_k":301.68,"lst_day_dn":15084,"qc_day":81,"lst_night_c":22.15,"lst_night_k":295.3,"lst_night_dn":14765,"qc_night":81,"modis_row":844,"modis_col":676,"source_product":"MOD11A2.061","composite_start":"2026-09-14","units":"degC","scale_factor":0.02},"geometry":{"type":"Polygon","coordinates":[[[77.61238940906281,12.966666665502213],[77.62094079617268,12.966666665502213],[77.61834223295054,12.958333332169627],[77.60979113212065,12.958333332169627],[77.61238940906281,12.966666665502213]]]}},{"type":"Feature","properties":{"lst_c":28.33,"lst_k":301.48,"lst_day_dn":15074,"qc_day":81,"lst_night_c":21.73,"lst_night_k":294.88,"lst_night_dn":14744,"qc_night":17,"modis_row":844,"modis_col":677,"source_product":"MOD11A2.061","composite_start":"2026-09-14","units":"degC","scale_factor":0.02},"geometry":{"type":"Polygon","coordinates":[[[77.62094079617268,12.966666665502213],[77.62949218328254,12.966666665502213],[77.62689333378043,12.958333332169627],[77.61834223295054,12.958333332169627],[77.62094079617268,12.966666665502213]]]}},{"type":"Feature","properties":{"lst_c":28.11,"lst_k":301.26,"lst_day_dn":15063,"qc_day":81,"lst_night_c":21.73,"lst_night_k":294.88,"lst_night_dn":14744,"qc_night":65,"modis_row":844,"modis_col":678,"source_product":"MOD11A2.061","composite_start":"2026-09-14","units":"degC","scale_factor":0.02},"geometry":{"type":"Polygon","coordinates":[[[77.62949218328254,12.966666665502213],[77.6380435703924,12.966666665502213],[77.63544443461033,12.958333332169627],[77.62689333378043,12.958333332169627],[77.62949218328254,12.966666665502213]]]}},{"type":"Feature","properties":{"lst_c":28.33,"lst_k":301.48,"lst_day_dn":15074,"qc_day":81,"lst_night_c":21.83,"lst_night_k":294.98,"lst_night_dn":14749,"qc_night":81,"modis_row":844,"modis_col":679,"source_product":"MOD11A2.061","composite_start":"2026-09-14","units":"degC","scale_factor":0.02},"geometry":{"type":"Polygon","coordinates":[[[77.6380435703924,12.966666665502213],[77.64659495750226,12.966666665502213],[77.64399553544023,12.958333332169627],[77.63544443461033,12.958333332169627],[77.6380435703924,12.966666665502213]]]}},{"type":"Feature","properties":{"lst_c":28.23,"lst_k":301.38,"lst_day_dn":15069,"qc_day":81,"lst_night_c":21.71,"lst_night_k":294.86,"lst_night_dn":14743,"qc_night":81,"modis_row":844,"modis_col":680,"source_product":"MOD11A2.061","composite_start":"2026-09-14","units":"degC","scale_factor":0.02},"geometry":{"type":"Polygon","coordinates":[[[77.64659495750226,12.966666665502213],[77.65514634461212,12.966666665502213],[77.65254663627013,12.958333332169627],[77.64399553544023,12.958333332169627],[77.64659495750226,12.966666665502213]]]}},{"type":"Feature","properties":{"lst_c":28.27,"lst_k":301.42,"lst_day_dn":15071,"qc_day":81,"lst_night_c":null,"lst_night_k":null,"lst_night_dn":0,"qc_night":2,"modis_row":844,"modis_col":681,"source_product":"MOD11A2.061","composite_start":"2026-09-14","units":"degC","scale_factor":0.02},"geometry":{"type":"Polygon","coordinates":[[[77.65514634461212,12.966666665502213],[77.66369773172197,12.966666665502213],[77.66109773710001,12.958333332169627],[77.65254663627013,12.958333332169627],[77.65514634461212,12.966666665502213]]]}},{"type":"Feature","properties":{"lst_c":28.35,"lst_k":301.5,"lst_day_dn":15075,"qc_day":81,"lst_night_c":null,"lst_night_k":null,"lst_night_dn":0,"qc_night":2,"modis_row":844,"modis_col":682,"source_product":"MOD11A2.061","composite_start":"2026-09-14","units":"degC","scale_factor":0.02},"geometry":{"type":"Polygon","coordinates":[[[77.66369773172197,12.966666665502213],[77.67224911883183,12.966666665502213],[77.66964883792991,12.958333332169627],[77.66109773710001,12.958333332169627],[77.66369773172197,12.966666665502213]]]}},{"type":"Feature","properties":{"lst_c":28.45,"lst_k":301.6,"lst_day_dn":15080,"qc_day":17,"lst_night_c":null,"lst_night_k":null,"lst_night_dn":0,"qc_night":2,"modis_row":844,"modis_col":683,"source_product":"MOD11A2.061","composite_start":"2026-09-14","units":"degC","scale_factor":0.02},"geometry":{"type":"Polygon","coordinates":[[[77.67224911883183,12.966666665502213],[77.68080050594169,12.966666665502213],[77.6781999387598,12.958333332169627],[77.66964883792991,12.958333332169627],[77.67224911883183,12.966666665502213]]]}},{"type":"Feature","properties":{"lst_c":27.85,"lst_k":301.0,"lst_day_dn":15050,"qc_day":17,"lst_night_c":null,"lst_night_k":null,"lst_night_dn":0,"qc_night":2,"modis_row":844,"modis_col":684,"source_product":"MOD11A2.061","composite_start":"2026-09-14","units":"degC","scale_factor":0.02},"geometry":{"type":"Polygon","coordinates":[[[77.68080050594169,12.966666665502213],[77.68935189305154,12.966666665502213],[77.68675103958971,12.958333332169627],[77.6781999387598,12.958333332169627],[77.68080050594169,12.966666665502213]]]}},{"type":"Feature","properties":{"lst_c":27.59,"lst_k":300.74,"lst_day_dn":15037,"qc_day":0,"lst_night_c":null,"lst_night_k":null,"lst_night_dn":0,"qc_night":2,"modis_row":844,"modis_col":685,"source_product":"MOD11A2.061","composite_start":"2026-09-14","units":"degC","scale_factor":0.02},"geometry":{"type":"Polygon","coordinates":[[[77.68935189305154,12.966666665502213],[77.6979032801614,12.966666665502213],[77.6953021404196,12.958333332169627],[77.68675103958971,12.958333332169627],[77.68935189305154,12.966666665502213]]]}},{"type":"Feature","properties":{"lst_c":27.45,"lst_k":300.6,"lst_day_dn":15030,"qc_day":0,"lst_night_c":null,"lst_night_k":null,"lst_night_dn":0,"qc_night":2,"modis_row":844,"modis_col":686,"source_product":"MOD11A2.061","composite_start":"2026-09-14","units":"degC","scale_factor":0.02},"geometry":{"type":"Polygon","coordinates":[[[77.6979032801614,12.966666665502213],[77.70645466727126,12.966666665502213],[77.70385324124949,12.958333332169627],[77.6953021404196,12.958333332169627],[77.6979032801614,12.966666665502213]]]}},{"type":"Feature","properties":{"lst_c":27.57,"lst_k":300.72,"lst_day_dn":15036,"qc_day":0,"lst_night_c":null,"lst_night_k":null,"lst_night_dn":0,"qc_night":2,"modis_row":844,"modis_col":687,"source_product":"MOD11A2.061","composite_start":"2026-09-14","units":"degC","scale_factor":0.02},"geometry":{"type":"Polygon","coordinates":[[[77.70645466727126,12.966666665502213],[77.71500605438112,12.966666665502213],[77.7124043420794,12.958333332169627],[77.70385324124949,12.958333332169627],[77.70645466727126,12.966666665502213]]]}},{"type":"Feature","properties":{"lst_c":27.51,"lst_k":300.66,"lst_day_dn":15033,"qc_day":0,"lst_night_c":null,"lst_night_k":null,"lst_night_dn":0,"qc_night":2,"modis_row":844,"modis_col":688,"source_product":"MOD11A2.061","composite_start":"2026-09-14","units":"degC","scale_factor":0.02},"geometry":{"type":"Polygon","coordinates":[[[77.71500605438112,12.966666665502213],[77.72355744149098,12.966666665502213],[77.72095544290929,12.958333332169627],[77.7124043420794,12.958333332169627],[77.71500605438112,12.966666665502213]]]}},{"type":"Feature","properties":{"lst_c":27.45,"lst_k":300.6,"lst_day_dn":15030,"qc_day":0,"lst_night_c":null,"lst_night_k":null,"lst_night_dn":0,"qc_night":2,"modis_row":844,"modis_col":689,"source_product":"MOD11A2.061","composite_start":"2026-09-14","units":"degC","scale_factor":0.02},"geometry":{"type":"Polygon","coordinates":[[[77.72355744149098,12.966666665502213],[77.73210882860081,12.966666665502213],[77.72950654373916,12.958333332169627],[77.72095544290929,12.958333332169627],[77.72355744149098,12.966666665502213]]]}},{"type":"Feature","properties":{"lst_c":27.41,"lst_k":300.56,"lst_day_dn":15028,"qc_day":0,"lst_night_c":null,"lst_night_k":null,"lst_night_dn":0,"qc_night":2,"modis_row":844,"modis_col":690,"source_product":"MOD11A2.061","composite_start":"2026-09-14","units":"degC","scale_factor":0.02},"geometry":{"type":"Polygon","coordinates":[[[77.73210882860081,12.966666665502213],[77.74066021571068,12.966666665502213],[77.73805764456907,12.958333332169627],[77.72950654373916,12.958333332169627],[77.73210882860081,12.966666665502213]]]}},{"type":"Feature","properties":{"lst_c":27.59,"lst_k":300.74,"lst_day_dn":15037,"qc_day":0,"lst_night_c":null,"lst_night_k":null,"lst_night_dn":0,"qc_night":2,"modis_row":844,"modis_col":691,"source_product":"MOD11A2.061","composite_start":"2026-09-14","units":"degC","scale_factor":0.02},"geometry":{"type":"Polygon","coordinates":[[[77.74066021571068,12.966666665502213],[77.74921160282054,12.966666665502213],[77.74660874539894,12.958333332169627],[77.73805764456907,12.958333332169627],[77.74066021571068,12.966666665502213]]]}},{"type":"Feature","properties":{"lst_c":27.65,"lst_k":300.8,"lst_day_dn":15040,"qc_day":0,"lst_night_c":null,"lst_night_k":null,"lst_night_dn":0,"qc_night":2,"modis_row":844,"modis_col":692,"source_product":"MOD11A2.061","composite_start":"2026-09-14","units":"degC","scale_factor":0.02},"geometry":{"type":"Polygon","coordinates":[[[77.74921160282054,12.966666665502213],[77.7577629899304,12.966666665502213],[77.75515984622885,12.958333332169627],[77.74660874539894,12.958333332169627],[77.74921160282054,12.966666665502213]]]}},{"type":"Feature","properties":{"lst_c":27.59,"lst_k":300.74,"lst_day_dn":15037,"qc_day":0,"lst_night_c":null,"lst_night_k":null,"lst_night_dn":0,"qc_night":2,"modis_row":844,"modis_col":693,"source_product":"MOD11A2.061","composite_start":"2026-09-14","units":"degC","scale_factor":0.02},"geometry":{"type":"Polygon","coordinates":[[[77.7577629899304,12.966666665502213],[77.76631437704026,12.966666665502213],[77.76371094705874,12.958333332169627],[77.75515984622885,12.958333332169627],[77.7577629899304,12.966666665502213]]]}},{"type":"Feature","properties":{"lst_c":27.53,"lst_k":300.68,"lst_day_dn":15034,"qc_day":0,"lst_night_c":null,"lst_night_k":null,"lst_night_dn":0,"qc_night":2,"modis_row":844,"modis_col":694,"source_product":"MOD11A2.061","composite_start":"2026-09-14","units":"degC","scale_factor":0.02},"geometry":{"type":"Polygon","coordinates":[[[77.76631437704026,12.966666665502213],[77.7748657641501,12.966666665502213],[77.77226204788865,12.958333332169627],[77.76371094705874,12.958333332169627],[77.76631437704026,12.966666665502213]]]}},{"type":"Feature","properties":{"lst_c":27.35,"lst_k":300.5,"lst_day_dn":15025,"qc_day":0,"lst_night_c":null,"lst_night_k":null,"lst_night_dn":0,"qc_night":2,"modis_row":844,"modis_col":695,"source_product":"MOD11A2.061","composite_start":"2026-09-14","units":"degC","scale_factor":0.02},"geometry":{"type":"Polygon","coordinates":[[[77.7748657641501,12.966666665502213],[77.78341715125997,12.966666665502213],[77.78081314871854,12.958333332169627],[77.77226204788865,12.958333332169627],[77.7748657641501,12.966666665502213]]]}},{"type":"Feature","properties":{"lst_c":27.03,"lst_k":300.18,"lst_day_dn":15009,"qc_day":0,"lst_night_c":null,"lst_night_k":null,"lst_night_dn":0,"qc_night":2,"modis_row":844,"modis_col":696,"source_product":"MOD11A2.061","composite_start":"2026-09-14","units":"degC","scale_factor":0.02},"geometry":{"type":"Polygon","coordinates":[[[77.78341715125997,12.966666665502213],[77.79196853836983,12.966666665502213],[77.78936424954843,12.958333332169627],[77.78081314871854,12.958333332169627],[77.78341715125997,12.966666665502213]]]}},{"type":"Feature","properties":{"lst_c":28.05,"lst_k":301.2,"lst_day_dn":15060,"qc_day":0,"lst_night_c":19.51,"lst_night_k":292.66,"lst_night_dn":14633,"qc_night":65,"modis_row":845,"modis_col":653,"source_product":"MOD11A2.061","composite_start":"2026-09-14","units":"degC","scale_factor":0.02},"geometry":{"type":"Polygon","coordinates":[[[77.41311581303307,12.958333332169627],[77.42166691386298,12.958333332169627],[77.41907674628801,12.949999998837042],[77.41052593153803,12.949999998837042],[77.41311581303307,12.958333332169627]]]}},{"type":"Feature","properties":{"lst_c":27.89,"lst_k":301.04,"lst_day_dn":15052,"qc_day":0,"lst_night_c":null,"lst_night_k":null,"lst_night_dn":0,"qc_night":2,"modis_row":845,"modis_col":654,"source_product":"MOD11A2.061","composite_start":"2026-09-14","units":"degC","scale_factor":0.02},"geometry":{"type":"Polygon","coordinates":[[[77.42166691386298,12.958333332169627],[77.43021801469288,12.958333332169627],[77.427627561038,12.949999998837042],[77.41907674628801,12.949999998837042],[77.42166691386298,12.958333332169627]]]}},{"type":"Feature","properties":{"lst_c":28.17,"lst_k":301.32,"lst_day_dn":15066,"qc_day":0,"lst_night_c":null,"lst_night_k":null,"lst_night_dn":0,"qc_night":2,"modis_row":845,"modis_col":655,"source_product":"MOD11A2.061","composite_start":"2026-09-14","units":"degC","scale_factor":0.02},"geometry":{"type":"Polygon","coordinates":[[[77.43021801469288,12.958333332169627],[77.43876911552277,12.958333332169627],[77.43617837578797,12.949999998837042],[77.427627561038,12.949999998837042],[77.43021801469288,12.958333332169627]]]}},{"type":"Feature","properties":{"lst_c":29.83,"lst_k":302.98,"lst_day_dn":15149,"qc_day":0,"lst_night_c":19.75,"lst_night_k":292.9,"lst_night_dn":14645,"qc_night":65,"modis_row":845,"modis_col":656,"source_product":"MOD11A2.061","composite_start":"2026-09-14","units":"degC","scale_factor":0.02},"geometry":{"type":"Polygon","coordinates":[[[77.43876911552277,12.958333332169627],[77.44732021635267,12.958333332169627],[77.44472919053796,12.949999998837042],[77.43617837578797,12.949999998837042],[77.43876911552277,12.958333332169627]]]}},{"type":"Feature","properties":{"lst_c":30.49,"lst_k":303.64,"lst_day_dn":15182,"qc_day":0,"lst_night_c":19.97,"lst_night_k":293.12,"lst_night_dn":14656,"qc_night":65,"modis_row":845,"modis_col":657,"source_product":"MOD11A2.061","composite_start":"2026-09-14","units":"degC","scale_factor":0.02},"geometry":{"type":"Polygon","coordinates":[[[77.44732021635267,12.958333332169627],[77.45587131718256,12.958333332169627],[77.45328000528792,12.949999998837042],[77.44472919053796,12.949999998837042],[77.44732021635267,12.958333332169627]]]}},{"type":"Feature","properties":{"lst_c":29.97,"lst_k":303.12,"lst_day_dn":15156,"qc_day":0,"lst_night_c":20.75,"lst_night_k":293.9,"lst_night_dn":14695,"qc_night":65,"modis_row":845,"modis_col":658,"source_product":"MOD11A2.061","composite_start":"2026-09-14","units":"degC","scale_factor":0.02},"geometry":{"type":"Polygon","coordinates":[[[77.45587131718256,12.958333332169627],[77.46442241801246,12.958333332169627],[77.4618308200379,12.949999998837042],[77.45328000528792,12.949999998837042],[77.45587131718256,12.958333332169627]]]}},{"type":"Feature","properties":{"lst_c":29.15,"lst_k":302.3,"lst_day_dn":15115,"qc_day":0,"lst_night_c":20.23,"lst_night_k":293.38,"lst_night_dn":14669,"qc_night":65,"modis_row":845,"modis_col":659,"source_product":"MOD11A2.061","composite_start":"2026-09-14","units":"degC","scale_factor":0.02},"geometry":{"type":"Polygon","coordinates":[[[77.46442241801246,12.958333332169627],[77.47297351884234,12.958333332169627],[77.47038163478786,12.949999998837042],[77.4618308200379,12.949999998837042],[77.46442241801246,12.958333332169627]]]}},{"type":"Feature","properties":{"lst_c":29.09,"lst_k":302.24,"lst_day_dn":15112,"qc_day":0,"lst_night_c":20.03,"lst_night_k":293.18,"lst_night_dn":14659,"qc_night":65,"modis_row":845,"modis_col":660,"source_product":"MOD11A2.061","composite_start":"2026-09-14","units":"degC","scale_factor":0.02},"geometry":{"type":"Polygon","coordinates":[[[77.47297351884234,12.958333332169627],[77.48152461967223,12.958333332169627],[77.47893244953785,12.949999998837042],[77.47038163478786,12.949999998837042],[77.47297351884234,12.958333332169627]]]}},{"type":"Feature","properties":{"lst_c":29.03,"lst_k":302.18,"lst_day_dn":15109,"qc_day":0,"lst_night_c":20.87,"lst_night_k":294.02,"lst_night_dn":14701,"qc_night":65,"modis_row":845,"modis_col":661,"source_product":"MOD11A2.061","composite_start":"2026-09-14","units":"degC","scale_factor":0.02},"geometry":{"type":"Polygon","coordinates":[[[77.48152461967223,12.958333332169627],[77.49007572050212,12.958333332169627],[77.48748326428782,12.949999998837042],[77.47893244953785,12.949999998837042],[77.48152461967223,12.958333332169627]]]}},{"type":"Feature","properties":{"lst_c":28.97,"lst_k":302.12,"lst_day_dn":15106,"qc_day":0,"lst_night_c":21.67,"lst_night_k":294.82,"lst_night_dn":14741,"qc_night":65,"modis_row":845,"modis_col":662,"source_product":"MOD11A2.061","composite_start":"2026-09-14","units":"degC","scale_factor":0.02},"geometry":{"type":"Polygon","coordinates":[[[77.49007572050212,12.958333332169627],[77.49862682133201,12.958333332169627],[77.4960340790378,12.949999998837042],[77.48748326428782,12.949999998837042],[77.49007572050212,12.958333332169627]]]}},{"type":"Feature","properties":{"lst_c":28.67,"lst_k":301.82,"lst_day_dn":15091,"qc_day":0,"lst_night_c":21.37,"lst_night_k":294.52,"lst_night_dn":14726,"qc_night":65,"modis_row":845,"modis_col":663,"source_product":"MOD11A2.061","composite_start":"2026-09-14","units":"degC","scale_factor":0.02},"geometry":{"type":"Polygon","coordinates":[[[77.49862682133201,12.958333332169627],[77.50717792216192,12.958333332169627],[77.50458489378777,12.949999998837042],[77.4960340790378,12.949999998837042],[77.49862682133201,12.958333332169627]]]}},{"type":"Feature","properties":{"lst_c":28.59,"lst_k":301.74,"lst_day_dn":15087,"qc_day":0,"lst_night_c":22.61,"lst_night_k":295.76,"lst_night_dn":14788,"qc_night":65,"modis_row":845,"modis_col":664,"source_product":"MOD11A2.061","composite_start":"2026-09-14","units":"degC","scale_factor":0.02},"geometry":{"type":"Polygon","coordinates":[[[77.50717792216192,12.958333332169627],[77.51572902299182,12.958333332169627],[77.51313570853776,12.949999998837042],[77.50458489378777,12.949999998837042],[77.50717792216192,12.958333332169627]]]}},{"type":"Feature","properties":{"lst_c":28.89,"lst_k":302.04,"lst_day_dn":15102,"qc_day":17,"lst_night_c":23.23,"lst_night_k":296.38,"lst_night_dn":14819,"qc_night":81,"modis_row":845,"modis_col":665,"source_product":"MOD11A2.061","composite_start":"2026-09-14","units":"degC","scale_factor":0.02},"geometry":{"type":"Polygon","coordinates":[[[77.51572902299182,12.958333332169627],[77.52428012382171,12.958333332169627],[77.52168652328773,12.949999998837042],[77.51313570853776,12.949999998837042],[77.51572902299182,12.958333332169627]]]}},{"type":"Feature","properties":{"lst_c":29.55,"lst_k":302.7,"lst_day_dn":15135,"qc_day":81,"lst_night_c":23.67,"lst_night_k":296.82,"lst_night_dn":14841,"qc_night":81,"modis_row":845,"modis_col":666,"source_product":"MOD11A2.061","composite_start":"2026-09-14","units":"degC","scale_factor":0.02},"geometry":{"type":"Polygon","coordinates":[[[77.52428012382171,12.958333332169627],[77.5328312246516,12.958333332169627],[77.53023733803771,12.949999998837042],[77.52168652328773,12.949999998837042],[77.52428012382171,12.958333332169627]]]}},{"type":"Feature","properties":{"lst_c":30.19,"lst_k":303.34,"lst_day_dn":15167,"qc_day":81,"lst_night_c":23.83,"lst_night_k":296.98,"lst_night_dn":14849,"qc_night":81,"modis_row":845,"modis_col":667,"source_product":"MOD11A2.061","composite_start":"2026-09-14","units":"degC","scale_factor":0.02},"geometry":{"type":"Polygon","coordinates":[[[77.5328312246516,12.958333332169627],[77.5413823254815,12.958333332169627],[77.53878815278769,12.949999998837042],[77.53023733803771,12.949999998837042],[77.5328312246516,12.958333332169627]]]}},{"type":"Feature","properties":{"lst_c":30.45,"lst_k":303.6,"lst_day_dn":15180,"qc_day":81,"lst_night_c":23.85,"lst_night_k":297.0,"lst_night_dn":14850,"qc_night":81,"modis_row":845,"modis_col":668,"source_product":"MOD11A2.061","composite_start":"2026-09-14","units":"degC","scale_factor":0.02},"geometry":{"type":"Polygon","coordinates":[[[77.5413823254815,12.958333332169627],[77.5499334263114,12.958333332169627],[77.54733896753767,12.949999998837042],[77.53878815278769,12.949999998837042],[77.5413823254815,12.958333332169627]]]}},{"type":"Feature","properties":{"lst_c":30.51,"lst_k":303.66,"lst_day_dn":15183,"qc_day":81,"lst_night_c":24.19,"lst_night_k":297.34,"lst_night_dn":14867,"qc_night":81,"modis_row":845,"modis_col":669,"source_product":"MOD11A2.061","composite_start":"2026-09-14","units":"degC","scale_factor":0.02},"geometry":{"type":"Polygon","coordinates":[[[77.5499334263114,12.958333332169627],[77.55848452714129,12.958333332169627],[77.55588978228764,12.949999998837042],[77.54733896753767,12.949999998837042],[77.5499334263114,12.958333332169627]]]}},{"type":"Feature","properties":{"lst_c":29.97,"lst_k":303.12,"lst_day_dn":15156,"qc_day":81,"lst_night_c":24.43,"lst_night_k":297.58,"lst_night_dn":14879,"qc_night":81,"modis_row":845,"modis_col":670,"source_product":"MOD11A2.061","composite_start":"2026-09-14","units":"degC","scale_factor":0.02},"geometry":{"type":"Polygon","coordinates":[[[77.55848452714129,12.958333332169627],[77.5670356279712,12.958333332169627],[77.56444059703762,12.949999998837042],[77.55588978228764,12.949999998837042],[77.55848452714129,12.958333332169627]]]}},{"type":"Feature","properties":{"lst_c":29.63,"lst_k":302.78,"lst_day_dn":15139,"qc_day":81,"lst_night_c":23.87,"lst_night_k":297.02,"lst_night_dn":14851,"qc_night":81,"modis_row":845,"modis_col":671,"source_product":"MOD11A2.061","composite_start":"2026-09-14","units":"degC","scale_factor":0.02},"geometry":{"type":"Polygon","coordinates":[[[77.5670356279712,12.958333332169627],[77.57558672880107,12.958333332169627],[77.5729914117876,12.949999998837042],[77.56444059703762,12.949999998837042],[77.5670356279712,12.958333332169627]]]}},{"type":"Feature","properties":{"lst_c":29.89,"lst_k":303.04,"lst_day_dn":15152,"qc_day":81,"lst_night_c":23.55,"lst_night_k":296.7,"lst_night_dn":14835,"qc_night":81,"modis_row":845,"modis_col":672,"source_product":"MOD11A2.061","composite_start":"2026-09-14","units":"degC","scale_factor":0.02},"geometry":{"type":"Polygon","coordinates":[[[77.57558672880107,12.958333332169627],[77.58413782963098,12.958333332169627],[77.58154222653758,12.949999998837042],[77.5729914117876,12.949999998837042],[77.57558672880107,12.958333332169627]]]}},{"type":"Feature","properties":{"lst_c":30.13,"lst_k":303.28,"lst_day_dn":15164,"qc_day":81,"lst_night_c":23.05,"lst_night_k":296.2,"lst_night_dn":14810,"qc_night":81,"modis_row":845,"modis_col":673,"source_product":"MOD11A2.061","composite_start":"2026-09-14","units":"degC","scale_factor":0.02},"geometry":{"type":"Polygon","coordinates":[[[77.58413782963098,12.958333332169627],[77.59268893046087,12.958333332169627],[77.59009304128755,12.949999998837042],[77.58154222653758,12.949999998837042],[77.58413782963098,12.958333332169627]]]}},{"type":"Feature","properties":{"lst_c":29.63,"lst_k":302.78,"lst_day_dn":15139,"qc_day":81,"lst_night_c":23.07,"lst_night_k":296.22,"lst_night_dn":14811,"qc_night":81,"modis_row":845,"modis_col":674,"source_product":"MOD11A2.061","composite_start":"2026-09-14","units":"degC","scale_factor":0.02},"geometry":{"type":"Polygon","coordinates":[[[77.59268893046087,12.958333332169627],[77.60124003129076,12.958333332169627],[77.59864385603751,12.949999998837042],[77.59009304128755,12.949999998837042],[77.59268893046087,12.958333332169627]]]}},{"type":"Feature","properties":{"lst_c":29.11,"lst_k":302.26,"lst_day_dn":15113,"qc_day":81,"lst_night_c":23.01,"lst_night_k":296.16,"lst_night_dn":14808,"qc_night":81,"modis_row":845,"modis_col":675,"source_product":"MOD11A2.061","composite_start":"2026-09-14","units":"degC","scale_factor":0.02},"geometry":{"type":"Polygon","coordinates":[[[77.60124003129076,12.958333332169627],[77.60979113212065,12.958333332169627],[77.6071946707875,12.949999998837042],[77.59864385603751,12.949999998837042],[77.60124003129076,12.958333332169627]]]}},{"type":"Feature","properties":{"lst_c":28.71,"lst_k":301.86,"lst_day_dn":15093,"qc_day":81,"lst_night_c":22.71,"lst_night_k":295.86,"lst_night_dn":14793,"qc_night":81,"modis_row":845,"modis_col":676,"source_product":"MOD11A2.061","composite_start":"2026-09-14","units":"degC","scale_factor":0.02},"geometry":{"type":"Polygon","coordinates":[[[77.60979113212065,12.958333332169627],[77.61834223295054,12.958333332169627],[77.61574548553747,12.949999998837042],[77.6071946707875,12.949999998837042],[77.60979113212065,12.958333332169627]]]}},{"type":"Feature","properties":{"lst_c":28.45,"lst_k":301.6,"lst_day_dn":15080,"qc_day":81,"lst_night_c":21.85,"lst_night_k":295.0,"lst_night_dn":14750,"qc_night":0,"modis_row":845,"modis_col":677,"source_product":"MOD11A2.061","composite_start":"2026-09-14","units":"degC","scale_factor":0.02},"geometry":{"type":"Polygon","coordinates":[[[77.61834223295054,12.958333332169627],[77.62689333378043,12.958333332169627],[77.62429630028745,12.949999998837042],[77.61574548553747,12.949999998837042],[77.61834223295054,12.958333332169627]]]}},{"type":"Feature","properties":{"lst_c":28.21,"lst_k":301.36,"lst_day_dn":15068,"qc_day":81,"lst_night_c":20.55,"lst_night_k":293.7,"lst_night_dn":14685,"qc_night":0,"modis_row":845,"modis_col":678,"source_product":"MOD11A2.061","composite_start":"2026-09-14","units":"degC","scale_factor":0.02},"geometry":{"type":"Polygon","coordinates":[[[77.62689333378043,12.958333332169627],[77.63544443461033,12.958333332169627],[77.63284711503742,12.949999998837042],[77.62429630028745,12.949999998837042],[77.62689333378043,12.958333332169627]]]}},{"type":"Feature","properties":{"lst_c":27.85,"lst_k":301.0,"lst_day_dn":15050,"qc_day":81,"lst_night_c":21.09,"lst_night_k":294.24,"lst_night_dn":14712,"qc_night":65,"modis_row":845,"modis_col":679,"source_product":"MOD11A2.061","composite_start":"2026-09-14","units":"degC","scale_factor":0.02},"geometry":{"type":"Polygon","coordinates":[[[77.63544443461033,12.958333332169627],[77.64399553544023,12.958333332169627],[77.6413979297874,12.949999998837042],[77.63284711503742,12.949999998837042],[77.63544443461033,12.958333332169627]]]}},{"type":"Feature","properties":{"lst_c":28.13,"lst_k":301.28,"lst_day_dn":15064,"qc_day":0,"lst_night_c":20.87,"lst_night_k":294.02,"lst_night_dn":14701,"qc_night":65,"modis_row":845,"modis_col":680,"source_product":"MOD11A2.061","composite_start":"2026-09-14","units":"degC","scale_factor":0.02},"geometry":{"type":"Polygon","coordinates":[[[77.64399553544023,12.958333332169627],[77.65254663627013,12.958333332169627],[77.64994874453738,12.949999998837042],[77.6413979297874,12.949999998837042],[77.64399553544023,12.958333332169627]]]}},{"type":"Feature","properties":{"lst_c":28.57,"lst_k":301.72,"lst_day_dn":15086,"qc_day":17,"lst_night_c":19.99,"lst_night_k":293.14,"lst_night_dn":14657,"qc_night":65,"modis_row":845,"modis_col":681,"source_product":"MOD11A2.061","composite_start":"2026-09-14","units":"degC","scale_factor":0.02},"geometry":{"type":"Polygon","coordinates":[[[77.65254663627013,12.958333332169627],[77.66109773710001,12.958333332169627],[77.65849955928736,12.949999998837042],[77.64994874453738,12.949999998837042],[77.65254663627013,12.958333332169627]]]}},{"type":"Feature","properties":{"lst_c":29.07,"lst_k":302.22,"lst_day_dn":15111,"qc_day":17,"lst_night_c":null,"lst_night_k":null,"lst_night_dn":0,"qc_night":2,"modis_row":845,"modis_col":682,"source_product":"MOD11A2.061","composite_start":"2026-09-14","units":"degC","scale_factor":0.02},"geometry":{"type":"Polygon","coordinates":[[[77.66109773710001,12.958333332169627],[77.66964883792991,12.958333332169627],[77.66705037403733,12.949999998837042],[77.65849955928736,12.949999998837042],[77.66109773710001,12.958333332169627]]]}},{"type":"Feature","properties":{"lst_c":29.61,"lst_k":302.76,"lst_day_dn":15138,"qc_day":17,"lst_night_c":null,"lst_night_k":null,"lst_night_dn":0,"qc_night":2,"modis_row":845,"modis_col":683,"source_product":"MOD11A2.061","composite_start":"2026-09-14","units":"degC","scale_factor":0.02},"geometry":{"type":"Polygon","coordinates":[[[77.66964883792991,12.958333332169627],[77.6781999387598,12.958333332169627],[77.67560118878731,12.949999998837042],[77.66705037403733,12.949999998837042],[77.66964883792991,12.958333332169627]]]}},{"type":"Feature","properties":{"lst_c":28.75,"lst_k":301.9,"lst_day_dn":15095,"qc_day":17,"lst_night_c":null,"lst_night_k":null,"lst_night_dn":0,"qc_night":2,"modis_row":845,"modis_col":684,"source_product":"MOD11A2.061","composite_start":"2026-09-14","units":"degC","scale_factor":0.02},"geometry":{"type":"Polygon","coordinates":[[[77.6781999387598,12.958333332169627],[77.68675103958971,12.958333332169627],[77.68415200353729,12.949999998837042],[77.67560118878731,12.949999998837042],[77.6781999387598,12.958333332169627]]]}},{"type":"Feature","properties":{"lst_c":27.97,"lst_k":301.12,"lst_day_dn":15056,"qc_day":0,"lst_night_c":null,"lst_night_k":null,"lst_night_dn":0,"qc_night":2,"modis_row":845,"modis_col":685,"source_product":"MOD11A2.061","composite_start":"2026-09-14","units":"degC","scale_factor":0.02},"geometry":{"type":"Polygon","coordinates":[[[77.68675103958971,12.958333332169627],[77.6953021404196,12.958333332169627],[77.69270281828727,12.949999998837042],[77.68415200353729,12.949999998837042],[77.68675103958971,12.958333332169627]]]}},{"type":"Feature","properties":{"lst_c":27.45,"lst_k":300.6,"lst_day_dn":15030,"qc_day":0,"lst_night_c":null,"lst_night_k":null,"lst_night_dn":0,"qc_night":2,"modis_row":845,"modis_col":686,"source_product":"MOD11A2.061","composite_start":"2026-09-14","units":"degC","scale_factor":0.02},"geometry":{"type":"Polygon","coordinates":[[[77.6953021404196,12.958333332169627],[77.70385324124949,12.958333332169627],[77.70125363303724,12.949999998837042],[77.69270281828727,12.949999998837042],[77.6953021404196,12.958333332169627]]]}},{"type":"Feature","properties":{"lst_c":27.59,"lst_k":300.74,"lst_day_dn":15037,"qc_day":0,"lst_night_c":null,"lst_night_k":null,"lst_night_dn":0,"qc_night":2,"modis_row":845,"modis_col":687,"source_product":"MOD11A2.061","composite_start":"2026-09-14","units":"degC","scale_factor":0.02},"geometry":{"type":"Polygon","coordinates":[[[77.70385324124949,12.958333332169627],[77.7124043420794,12.958333332169627],[77.70980444778723,12.949999998837042],[77.70125363303724,12.949999998837042],[77.70385324124949,12.958333332169627]]]}},{"type":"Feature","properties":{"lst_c":27.39,"lst_k":300.54,"lst_day_dn":15027,"qc_day":0,"lst_night_c":null,"lst_night_k":null,"lst_night_dn":0,"qc_night":2,"modis_row":845,"modis_col":688,"source_product":"MOD11A2.061","composite_start":"2026-09-14","units":"degC","scale_factor":0.02},"geometry":{"type":"Polygon","coordinates":[[[77.7124043420794,12.958333332169627],[77.72095544290929,12.958333332169627],[77.7183552625372,12.949999998837042],[77.70980444778723,12.949999998837042],[77.7124043420794,12.958333332169627]]]}},{"type":"Feature","properties":{"lst_c":27.21,"lst_k":300.36,"lst_day_dn":15018,"qc_day":0,"lst_night_c":null,"lst_night_k":null,"lst_night_dn":0,"qc_night":2,"modis_row":845,"modis_col":689,"source_product":"MOD11A2.061","composite_start":"2026-09-14","units":"degC","scale_factor":0.02},"geometry":{"type":"Polygon","coordinates":[[[77.72095544290929,12.958333332169627],[77.72950654373916,12.958333332169627],[77.72690607728717,12.949999998837042],[77.7183552625372,12.949999998837042],[77.72095544290929,12.958333332169627]]]}},{"type":"Feature","properties":{"lst_c":27.01,"lst_k":300.16,"lst_day_dn":15008,"qc_day":0,"lst_night_c":null,"lst_night_k":null,"lst_night_dn":0,"qc_night":2,"modis_row":845,"modis_col":690,"source_product":"MOD11A2.061","composite_start":"2026-09-14","units":"degC","scale_factor":0.02},"geometry":{"type":"Polygon","coordinates":[[[77.72950654373916,12.958333332169627],[77.73805764456907,12.958333332169627],[77.73545689203713,12.949999998837042],[77.72690607728717,12.949999998837042],[77.72950654373916,12.958333332169627]]]}},{"type":"Feature","properties":{"lst_c":26.59,"lst_k":299.74,"lst_day_dn":14987,"qc_day":0,"lst_night_c":null,"lst_night_k":null,"lst_night_dn":0,"qc_night":2,"modis_row":845,"modis_col":691,"source_product":"MOD11A2.061","composite_start":"2026-09-14","units":"degC","scale_factor":0.02},"geometry":{"type":"Polygon","coordinates":[[[77.73805764456907,12.958333332169627],[77.74660874539894,12.958333332169627],[77.74400770678712,12.949999998837042],[77.73545689203713,12.949999998837042],[77.73805764456907,12.958333332169627]]]}},{"type":"Feature","properties":{"lst_c":26.95,"lst_k":300.1,"lst_day_dn":15005,"qc_day":0,"lst_night_c":null,"lst_night_k":null,"lst_night_dn":0,"qc_night":2,"modis_row":845,"modis_col":692,"source_product":"MOD11A2.061","composite_start":"2026-09-14","units":"degC","scale_factor":0.02},"geometry":{"type":"Polygon","coordinates":[[[77.74660874539894,12.958333332169627],[77.75515984622885,12.958333332169627],[77.7525585215371,12.949999998837042],[77.74400770678712,12.949999998837042],[77.74660874539894,12.958333332169627]]]}},{"type":"Feature","properties":{"lst_c":27.25,"lst_k":300.4,"lst_day_dn":15020,"qc_day":0,"lst_night_c":null,"lst_night_k":null,"lst_night_dn":0,"qc_night":2,"modis_row":845,"modis_col":693,"source_product":"MOD11A2.061","composite_start":"2026-09-14","units":"degC","scale_factor":0.02},"geometry":{"type":"Polygon","coordinates":[[[77.75515984622885,12.958333332169627],[77.76371094705874,12.958333332169627],[77.76110933628708,12.949999998837042],[77.7525585215371,12.949999998837042],[77.75515984622885,12.958333332169627]]]}},{"type":"Feature","properties":{"lst_c":27.29,"lst_k":300.44,"lst_day_dn":15022,"qc_day":0,"lst_night_c":null,"lst_night_k":null,"lst_night_dn":0,"qc_night":2,"modis_row":845,"modis_col":694,"source_product":"MOD11A2.061","composite_start":"2026-09-14","units":"degC","scale_factor":0.02},"geometry":{"type":"Polygon","coordinates":[[[77.76371094705874,12.958333332169627],[77.77226204788865,12.958333332169627],[77.76966015103704,12.949999998837042],[77.76110933628708,12.949999998837042],[77.76371094705874,12.958333332169627]]]}},{"type":"Feature","properties":{"lst_c":27.63,"lst_k":300.78,"lst_day_dn":15039,"qc_day":0,"lst_night_c":null,"lst_night_k":null,"lst_night_dn":0,"qc_night":2,"modis_row":845,"modis_col":695,"source_product":"MOD11A2.061","composite_start":"2026-09-14","units":"degC","scale_factor":0.02},"geometry":{"type":"Polygon","coordinates":[[[77.77226204788865,12.958333332169627],[77.78081314871854,12.958333332169627],[77.77821096578703,12.949999998837042],[77.76966015103704,12.949999998837042],[77.77226204788865,12.958333332169627]]]}},{"type":"Feature","properties":{"lst_c":27.45,"lst_k":300.6,"lst_day_dn":15030,"qc_day":0,"lst_night_c":null,"lst_night_k":null,"lst_night_dn":0,"qc_night":2,"modis_row":845,"modis_col":696,"source_product":"MOD11A2.061","composite_start":"2026-09-14","units":"degC","scale_factor":0.02},"geometry":{"type":"Polygon","coordinates":[[[77.78081314871854,12.958333332169627],[77.78936424954843,12.958333332169627],[77.786761780537,12.949999998837042],[77.77821096578703,12.949999998837042],[77.78081314871854,12.958333332169627]]]}},{"type":"Feature","properties":{"lst_c":27.75,"lst_k":300.9,"lst_day_dn":15045,"qc_day":0,"lst_night_c":19.61,"lst_night_k":292.76,"lst_night_dn":14638,"qc_night":65,"modis_row":846,"modis_col":653,"source_product":"MOD11A2.061","composite_start":"2026-09-14","units":"degC","scale_factor":0.02},"geometry":{"type":"Polygon","coordinates":[[[77.41052593153803,12.949999998837042],[77.41907674628801,12.949999998837042],[77.41648838962972,12.941666665504458],[77.40793786075965,12.941666665504458],[77.41052593153803,12.949999998837042]]]}},{"type":"Feature","properties":{"lst_c":27.41,"lst_k":300.56,"lst_day_dn":15028,"qc_day":0,"lst_night_c":19.63,"lst_night_k":292.78,"lst_night_dn":14639,"qc_night":65,"modis_row":846,"modis_col":654,"source_product":"MOD11A2.061","composite_start":"2026-09-14","units":"degC","scale_factor":0.02},"geometry":{"type":"Polygon","coordinates":[[[77.41907674628801,12.949999998837042],[77.427627561038,12.949999998837042],[77.4250389184998,12.941666665504458],[77.41648838962972,12.941666665504458],[77.41907674628801,12.949999998837042]]]}},{"type":"Feature","properties":{"lst_c":28.33,"lst_k":301.48,"lst_day_dn":15074,"qc_day":0,"lst_night_c":null,"lst_night_k":null,"lst_night_dn":0,"qc_night":2,"modis_row":846,"modis_col":655,"source_product":"MOD11A2.061","composite_start":"2026-09-14","units":"degC","scale_factor":0.02},"geometry":{"type":"Polygon","coordinates":[[[77.427627561038,12.949999998837042],[77.43617837578797,12.949999998837042],[77.43358944736985,12.941666665504458],[77.4250389184998,12.941666665504458],[77.427627561038,12.949999998837042]]]}},{"type":"Feature","properties":{"lst_c":29.89,"lst_k":303.04,"lst_day_dn":15152,"qc_day":0,"lst_night_c":19.75,"lst_night_k":292.9,"lst_night_dn":14645,"qc_night":65,"modis_row":846,"modis_col":656,"source_product":"MOD11A2.061","composite_start":"2026-09-14","units":"degC","scale_factor":0.02},"geometry":{"type":"Polygon","coordinates":[[[77.43617837578797,12.949999998837042],[77.44472919053796,12.949999998837042],[77.44213997623994,12.941666665504458],[77.43358944736985,12.941666665504458],[77.43617837578797,12.949999998837042]]]}},{"type":"Feature","properties":{"lst_c":30.65,"lst_k":303.8,"lst_day_dn":15190,"qc_day":0,"lst_night_c":19.67,"lst_night_k":292.82,"lst_night_dn":14641,"qc_night":65,"modis_row":846,"modis_col":657,"source_product":"MOD11A2.061","composite_start":"2026-09-14","units":"degC","scale_factor":0.02},"geometry":{"type":"Polygon","coordinates":[[[77.44472919053796,12.949999998837042],[77.45328000528792,12.949999998837042],[77.45069050511002,12.941666665504458],[77.44213997623994,12.941666665504458],[77.44472919053796,12.949999998837042]]]}},{"type":"Feature","properties":{"lst_c":30.55,"lst_k":303.7,"lst_day_dn":15185,"qc_day":0,"lst_night_c":19.79,"lst_night_k":292.94,"lst_night_dn":14647,"qc_night":65,"modis_row":846,"modis_col":658,"source_product":"MOD11A2.061","composite_start":"2026-09-14","units":"degC","scale_factor":0.02},"geometry":{"type":"Polygon","coordinates":[[[77.45328000528792,12.949999998837042],[77.4618308200379,12.949999998837042],[77.45924103398008,12.941666665504458],[77.45069050511002,12.941666665504458],[77.45328000528792,12.949999998837042]]]}},{"type":"Feature","properties":{"lst_c":29.47,"lst_k":302.62,"lst_day_dn":15131,"qc_day":0,"lst_night_c":19.99,"lst_night_k":293.14,"lst_night_dn":14657,"qc_night":65,"modis_row":846,"modis_col":659,"source_product":"MOD11A2.061","composite_start":"2026-09-14","units":"degC","scale_factor":0.02},"geometry":{"type":"Polygon","coordinates":[[[77.4618308200379,12.949999998837042],[77.47038163478786,12.949999998837042],[77.46779156285014,12.941666665504458],[77.45924103398008,12.941666665504458],[77.4618308200379,12.949999998837042]]]}},{"type":"Feature","properties":{"lst_c":29.23,"lst_k":302.38,"lst_day_dn":15119,"qc_day":0,"lst_night_c":19.75,"lst_night_k":292.9,"lst_night_dn":14645,"qc_night":65,"modis_row":846,"modis_col":660,"source_product":"MOD11A2.061","composite_start":"2026-09-14","units":"degC","scale_factor":0.02},"geometry":{"type":"Polygon","coordinates":[[[77.47038163478786,12.949999998837042],[77.47893244953785,12.949999998837042],[77.47634209172021,12.941666665504458],[77.46779156285014,12.941666665504458],[77.47038163478786,12.949999998837042]]]}},{"type":"Feature","properties":{"lst_c":29.03,"lst_k":302.18,"lst_day_dn":15109,"qc_day":0,"lst_night_c":20.49,"lst_night_k":293.64,"lst_night_dn":14682,"qc_night":65,"modis_row":846,"modis_col":661,"source_product":"MOD11A2.061","composite_start":"2026-09-14","units":"degC","scale_factor":0.02},"geometry":{"type":"Polygon","coordinates":[[[77.47893244953785,12.949999998837042],[77.48748326428782,12.949999998837042],[77.48489262059029,12.941666665504458],[77.47634209172021,12.941666665504458],[77.47893244953785,12.949999998837042]]]}},{"type":"Feature","properties":{"lst_c":28.79,"lst_k":301.94,"lst_day_dn":15097,"qc_day":0,"lst_night_c":21.81,"lst_night_k":294.96,"lst_night_dn":14748,"qc_night":65,"modis_row":846,"modis_col":662,"source_product":"MOD11A2.061","composite_start":"2026-09-14","units":"degC","scale_factor":0.02},"geometry":{"type":"Polygon","coordinates":[[[77.48748326428782,12.949999998837042],[77.4960340790378,12.949999998837042],[77.49344314946036,12.941666665504458],[77.48489262059029,12.941666665504458],[77.48748326428782,12.949999998837042]]]}},{"type":"Feature","properties":{"lst_c":28.55,"lst_k":301.7,"lst_day_dn":15085,"qc_day":0,"lst_night_c":20.87,"lst_night_k":294.02,"lst_night_dn":14701,"qc_night":65,"modis_row":846,"modis_col":663,"source_product":"MOD11A2.061","composite_start":"2026-09-14","units":"degC","scale_factor":0.02},"geometry":{"type":"Polygon","coordinates":[[[77.4960340790378,12.949999998837042],[77.50458489378777,12.949999998837042],[77.50199367833042,12.941666665504458],[77.49344314946036,12.941666665504458],[77.4960340790378,12.949999998837042]]]}},{"type":"Feature","properties":{"lst_c":27.61,"lst_k":300.76,"lst_day_dn":15038,"qc_day":0,"lst_night_c":20.47,"lst_night_k":293.62,"lst_night_dn":14681,"qc_night":65,"modis_row":846,"modis_col":664,"source_product":"MOD11A2.061","composite_start":"2026-09-14","units":"degC","scale_factor":0.02},"geometry":{"type":"Polygon","coordinates":[[[77.50458489378777,12.949999998837042],[77.51313570853776,12.949999998837042],[77.51054420720051,12.941666665504458],[77.50199367833042,12.941666665504458],[77.50458489378777,12.949999998837042]]]}},{"type":"Feature","properties":{"lst_c":27.51,"lst_k":300.66,"lst_day_dn":15033,"qc_day":17,"lst_night_c":23.15,"lst_night_k":296.3,"lst_night_dn":14815,"qc_night":65,"modis_row":846,"modis_col":665,"source_product":"MOD11A2.061","composite_start":"2026-09-14","units":"degC","scale_factor":0.02},"geometry":{"type":"Polygon","coordinates":[[[77.51313570853776,12.949999998837042],[77.52168652328773,12.949999998837042],[77.51909473607058,12.941666665504458],[77.51054420720051,12.941666665504458],[77.51313570853776,12.949999998837042]]]}},{"type":"Feature","properties":{"lst_c":28.17,"lst_k":301.32,"lst_day_dn":15066,"qc_day":17,"lst_night_c":23.35,"lst_night_k":296.5,"lst_night_dn":14825,"qc_night":81,"modis_row":846,"modis_col":666,"source_product":"MOD11A2.061","composite_start":"2026-09-14","units":"degC","scale_factor":0.02},"geometry":{"type":"Polygon","coordinates":[[[77.52168652328773,12.949999998837042],[77.53023733803771,12.949999998837042],[77.52764526494065,12.941666665504458],[77.51909473607058,12.941666665504458],[77.52168652328773,12.949999998837042]]]}},{"type":"Feature","properties":{"lst_c":29.51,"lst_k":302.66,"lst_day_dn":15133,"qc_day":81,"lst_night_c":23.71,"lst_night_k":296.86,"lst_night_dn":14843,"qc_night":81,"modis_row":846,"modis_col":667,"source_product":"MOD11A2.061","composite_start":"2026-09-14","units":"degC","scale_factor":0.02},"geometry":{"type":"Polygon","coordinates":[[[77.53023733803771,12.949999998837042],[77.53878815278769,12.949999998837042],[77.53619579381073,12.941666665504458],[77.52764526494065,12.941666665504458],[77.53023733803771,12.949999998837042]]]}},{"type":"Feature","properties":{"lst_c":29.95,"lst_k":303.1,"lst_day_dn":15155,"qc_day":81,"lst_night_c":23.93,"lst_night_k":297.08,"lst_night_dn":14854,"qc_night":81,"modis_row":846,"modis_col":668,"source_product":"MOD11A2.061","composite_start":"2026-09-14","units":"degC","scale_factor":0.02},"geometry":{"type":"Polygon","coordinates":[[[77.53878815278769,12.949999998837042],[77.54733896753767,12.949999998837042],[77.5447463226808,12.941666665504458],[77.53619579381073,12.941666665504458],[77.53878815278769,12.949999998837042]]]}},{"type":"Feature","properties":{"lst_c":29.77,"lst_k":302.92,"lst_day_dn":15146,"qc_day":81,"lst_night_c":25.17,"lst_night_k":298.32,"lst_night_dn":14916,"qc_night":81,"modis_row":846,"modis_col":669,"source_product":"MOD11A2.061","composite_start":"2026-09-14","units":"degC","scale_factor":0.02},"geometry":{"type":"Polygon","coordinates":[[[77.54733896753767,12.949999998837042],[77.55588978228764,12.949999998837042],[77.55329685155087,12.941666665504458],[77.5447463226808,12.941666665504458],[77.54733896753767,12.949999998837042]]]}},{"type":"Feature","properties":{"lst_c":29.69,"lst_k":302.84,"lst_day_dn":15142,"qc_day":81,"lst_night_c":24.55,"lst_night_k":297.7,"lst_night_dn":14885,"qc_night":81,"modis_row":846,"modis_col":670,"source_product":"MOD11A2.061","composite_start":"2026-09-14","units":"degC","scale_factor":0.02},"geometry":{"type":"Polygon","coordinates":[[[77.55588978228764,12.949999998837042],[77.56444059703762,12.949999998837042],[77.56184738042094,12.941666665504458],[77.55329685155087,12.941666665504458],[77.55588978228764,12.949999998837042]]]}},{"type":"Feature","properties":{"lst_c":29.29,"lst_k":302.44,"lst_day_dn":15122,"qc_day":81,"lst_night_c":23.93,"lst_night_k":297.08,"lst_night_dn":14854,"qc_night":81,"modis_row":846,"modis_col":671,"source_product":"MOD11A2.061","composite_start":"2026-09-14","units":"degC","scale_factor":0.02},"geometry":{"type":"Polygon","coordinates":[[[77.56444059703762,12.949999998837042],[77.5729914117876,12.949999998837042],[77.57039790929102,12.941666665504458],[77.56184738042094,12.941666665504458],[77.56444059703762,12.949999998837042]]]}},{"type":"Feature","properties":{"lst_c":28.99,"lst_k":302.14,"lst_day_dn":15107,"qc_day":81,"lst_night_c":23.43,"lst_night_k":296.58,"lst_night_dn":14829,"qc_night":81,"modis_row":846,"modis_col":672,"source_product":"MOD11A2.061","composite_start":"2026-09-14","units":"degC","scale_factor":0.02},"geometry":{"type":"Polygon","coordinates":[[[77.5729914117876,12.949999998837042],[77.58154222653758,12.949999998837042],[77.57894843816108,12.941666665504458],[77.57039790929102,12.941666665504458],[77.5729914117876,12.949999998837042]]]}},{"type":"Feature","properties":{"lst_c":28.99,"lst_k":302.14,"lst_day_dn":15107,"qc_day":81,"lst_night_c":23.33,"lst_night_k":296.48,"lst_night_dn":14824,"qc_night":81,"modis_row":846,"modis_col":673,"source_product":"MOD11A2.061","composite_start":"2026-09-14","units":"degC","scale_factor":0.02},"geometry":{"type":"Polygon","coordinates":[[[77.58154222653758,12.949999998837042],[77.59009304128755,12.949999998837042],[77.58749896703117,12.941666665504458],[77.57894843816108,12.941666665504458],[77.58154222653758,12.949999998837042]]]}},{"type":"Feature","properties":{"lst_c":28.57,"lst_k":301.72,"lst_day_dn":15086,"qc_day":81,"lst_night_c":23.31,"lst_night_k":296.46,"lst_night_dn":14823,"qc_night":81,"modis_row":846,"modis_col":674,"source_product":"MOD11A2.061","composite_start":"2026-09-14","units":"degC","scale_factor":0.02},"geometry":{"type":"Polygon","coordinates":[[[77.59009304128755,12.949999998837042],[77.59864385603751,12.949999998837042],[77.59604949590121,12.941666665504458],[77.58749896703117,12.941666665504458],[77.59009304128755,12.949999998837042]]]}},{"type":"Feature","properties":{"lst_c":29.11,"lst_k":302.26,"lst_day_dn":15113,"qc_day":81,"lst_night_c":23.11,"lst_night_k":296.26,"lst_night_dn":14813,"qc_night":81,"modis_row":846,"modis_col":675,"source_product":"MOD11A2.061","composite_start":"2026-09-14","units":"degC","scale_factor":0.02},"geometry":{"type":"Polygon","coordinates":[[[77.59864385603751,12.949999998837042],[77.6071946707875,12.949999998837042],[77.6046000247713,12.941666665504458],[77.59604949590121,12.941666665504458],[77.59864385603751,12.949999998837042]]]}},{"type":"Feature","properties":{"lst_c":28.89,"lst_k":302.04,"lst_day_dn":15102,"qc_day":81,"lst_night_c":22.55,"lst_night_k":295.7,"lst_night_dn":14785,"qc_night":81,"modis_row":846,"modis_col":676,"source_product":"MOD11A2.061","composite_start":"2026-09-14","units":"degC","scale_factor":0.02},"geometry":{"type":"Polygon","coordinates":[[[77.6071946707875,12.949999998837042],[77.61574548553747,12.949999998837042],[77.61315055364136,12.941666665504458],[77.6046000247713,12.941666665504458],[77.6071946707875,12.949999998837042]]]}},{"type":"Feature","properties":{"lst_c":28.43,"lst_k":301.58,"lst_day_dn":15079,"qc_day":81,"lst_night_c":22.19,"lst_night_k":295.34,"lst_night_dn":14767,"qc_night":81,"modis_row":846,"modis_col":677,"source_product":"MOD11A2.061","composite_start":"2026-09-14","units":"degC","scale_factor":0.02},"geometry":{"type":"Polygon","coordinates":[[[77.61574548553747,12.949999998837042],[77.62429630028745,12.949999998837042],[77.62170108251144,12.941666665504458],[77.61315055364136,12.941666665504458],[77.61574548553747,12.949999998837042]]]}},{"type":"Feature","properties":{"lst_c":28.55,"lst_k":301.7,"lst_day_dn":15085,"qc_day":0,"lst_night_c":21.09,"lst_night_k":294.24,"lst_night_dn":14712,"qc_night":0,"modis_row":846,"modis_col":678,"source_product":"MOD11A2.061","composite_start":"2026-09-14","units":"degC","scale_factor":0.02},"geometry":{"type":"Polygon","coordinates":[[[77.62429630028745,12.949999998837042],[77.63284711503742,12.949999998837042],[77.63025161138151,12.941666665504458],[77.62170108251144,12.941666665504458],[77.62429630028745,12.949999998837042]]]}},{"type":"Feature","properties":{"lst_c":27.47,"lst_k":300.62,"lst_day_dn":15031,"qc_day":0,"lst_night_c":20.27,"lst_night_k":293.42,"lst_night_dn":14671,"qc_night":0,"modis_row":846,"modis_col":679,"source_product":"MOD11A2.061","composite_start":"2026-09-14","units":"degC","scale_factor":0.02},"geometry":{"type":"Polygon","coordinates":[[[77.63284711503742,12.949999998837042],[77.6413979297874,12.949999998837042],[77.63880214025158,12.941666665504458],[77.63025161138151,12.941666665504458],[77.63284711503742,12.949999998837042]]]}},{"type":"Feature","properties":{"lst_c":27.17,"lst_k":300.32,"lst_day_dn":15016,"qc_day":0,"lst_night_c":19.85,"lst_night_k":293.0,"lst_night_dn":14650,"qc_night":65,"modis_row":846,"modis_col":680,"source_product":"MOD11A2.061","composite_start":"2026-09-14","units":"degC","scale_factor":0.02},"geometry":{"type":"Polygon","coordinates":[[[77.6413979297874,12.949999998837042],[77.64994874453738,12.949999998837042],[77.64735266912164,12.941666665504458],[77.63880214025158,12.941666665504458],[77.6413979297874,12.949999998837042]]]}},{"type":"Feature","properties":{"lst_c":27.15,"lst_k":300.3,"lst_day_dn":15015,"qc_day":0,"lst_night_c":19.39,"lst_night_k":292.54,"lst_night_dn":14627,"qc_night":65,"modis_row":846,"modis_col":681,"source_product":"MOD11A2.061","composite_start":"2026-09-14","units":"degC","scale_factor":0.02},"geometry":{"type":"Polygon","coordinates":[[[77.64994874453738,12.949999998837042],[77.65849955928736,12.949999998837042],[77.65590319799173,12.941666665504458],[77.64735266912164,12.941666665504458],[77.64994874453738,12.949999998837042]]]}},{"type":"Feature","properties":{"lst_c":26.83,"lst_k":299.98,"lst_day_dn":14999,"qc_day":17,"lst_night_c":17.83,"lst_night_k":290.98,"lst_night_dn":14549,"qc_night":65,"modis_row":846,"modis_col":682,"source_product":"MOD11A2.061","composite_start":"2026-09-14","units":"degC","scale_factor":0.02},"geometry":{"type":"Polygon","coordinates":[[[77.65849955928736,12.949999998837042],[77.66705037403733,12.949999998837042],[77.6644537268618,12.941666665504458],[77.65590319799173,12.941666665504458],[77.65849955928736,12.949999998837042]]]}},{"type":"Feature","properties":{"lst_c":27.15,"lst_k":300.3,"lst_day_dn":15015,"qc_day":17,"lst_night_c":16.83,"lst_night_k":289.98,"lst_night_dn":14499,"qc_night":65,"modis_row":846,"modis_col":683,"source_product":"MOD11A2.061","composite_start":"2026-09-14","units":"degC","scale_factor":0.02},"geometry":{"type":"Polygon","coordinates":[[[77.66705037403733,12.949999998837042],[77.67560118878731,12.949999998837042],[77.67300425573187,12.941666665504458],[77.6644537268618,12.941666665504458],[77.66705037403733,12.949999998837042]]]}},{"type":"Feature","properties":{"lst_c":27.63,"lst_k":300.78,"lst_day_dn":15039,"qc_day":0,"lst_night_c":null,"lst_night_k":null,"lst_night_dn":0,"qc_night":2,"modis_row":846,"modis_col":684,"source_product":"MOD11A2.061","composite_start":"2026-09-14","units":"degC","scale_factor":0.02},"geometry":{"type":"Polygon","coordinates":[[[77.67560118878731,12.949999998837042],[77.68415200353729,12.949999998837042],[77.68155478460196,12.941666665504458],[77.67300425573187,12.941666665504458],[77.67560118878731,12.949999998837042]]]}},{"type":"Feature","properties":{"lst_c":27.79,"lst_k":300.94,"lst_day_dn":15047,"qc_day":0,"lst_night_c":null,"lst_night_k":null,"lst_night_dn":0,"qc_night":2,"modis_row":846,"modis_col":685,"source_product":"MOD11A2.061","composite_start":"2026-09-14","units":"degC","scale_factor":0.02},"geometry":{"type":"Polygon","coordinates":[[[77.68415200353729,12.949999998837042],[77.69270281828727,12.949999998837042],[77.69010531347202,12.941666665504458],[77.68155478460196,12.941666665504458],[77.68415200353729,12.949999998837042]]]}},{"type":"Feature","properties":{"lst_c":27.49,"lst_k":300.64,"lst_day_dn":15032,"qc_day":0,"lst_night_c":null,"lst_night_k":null,"lst_night_dn":0,"qc_night":2,"modis_row":846,"modis_col":686,"source_product":"MOD11A2.061","composite_start":"2026-09-14","units":"degC","scale_factor":0.02},"geometry":{"type":"Polygon","coordinates":[[[77.69270281828727,12.949999998837042],[77.70125363303724,12.949999998837042],[77.69865584234209,12.941666665504458],[77.69010531347202,12.941666665504458],[77.69270281828727,12.949999998837042]]]}},{"type":"Feature","properties":{"lst_c":27.87,"lst_k":301.02,"lst_day_dn":15051,"qc_day":0,"lst_night_c":null,"lst_night_k":null,"lst_night_dn":0,"qc_night":2,"modis_row":846,"modis_col":687,"source_product":"MOD11A2.061","composite_start":"2026-09-14","units":"degC","scale_factor":0.02},"geometry":{"type":"Polygon","coordinates":[[[77.70125363303724,12.949999998837042],[77.70980444778723,12.949999998837042],[77.70720637121217,12.941666665504458],[77.69865584234209,12.941666665504458],[77.70125363303724,12.949999998837042]]]}},{"type":"Feature","properties":{"lst_c":27.75,"lst_k":300.9,"lst_day_dn":15045,"qc_day":0,"lst_night_c":null,"lst_night_k":null,"lst_night_dn":0,"qc_night":2,"modis_row":846,"modis_col":688,"source_product":"MOD11A2.061","composite_start":"2026-09-14","units":"degC","scale_factor":0.02},"geometry":{"type":"Polygon","coordinates":[[[77.70980444778723,12.949999998837042],[77.7183552625372,12.949999998837042],[77.71575690008224,12.941666665504458],[77.70720637121217,12.941666665504458],[77.70980444778723,12.949999998837042]]]}},{"type":"Feature","properties":{"lst_c":27.39,"lst_k":300.54,"lst_day_dn":15027,"qc_day":0,"lst_night_c":null,"lst_night_k":null,"lst_night_dn":0,"qc_night":2,"modis_row":846,"modis_col":689,"source_product":"MOD11A2.061","composite_start":"2026-09-14","units":"degC","scale_factor":0.02},"geometry":{"type":"Polygon","coordinates":[[[77.7183552625372,12.949999998837042],[77.72690607728717,12.949999998837042],[77.7243074289523,12.941666665504458],[77.71575690008224,12.941666665504458],[77.7183552625372,12.949999998837042]]]}},{"type":"Feature","properties":{"lst_c":26.75,"lst_k":299.9,"lst_day_dn":14995,"qc_day":0,"lst_night_c":null,"lst_night_k":null,"lst_night_dn":0,"qc_night":2,"modis_row":846,"modis_col":690,"source_product":"MOD11A2.061","composite_start":"2026-09-14","units":"degC","scale_factor":0.02},"geometry":{"type":"Polygon","coordinates":[[[77.72690607728717,12.949999998837042],[77.73545689203713,12.949999998837042],[77.73285795782236,12.941666665504458],[77.7243074289523,12.941666665504458],[77.72690607728717,12.949999998837042]]]}},{"type":"Feature","properties":{"lst_c":26.35,"lst_k":299.5,"lst_day_dn":14975,"qc_day":0,"lst_night_c":null,"lst_night_k":null,"lst_night_dn":0,"qc_night":2,"modis_row":846,"modis_col":691,"source_product":"MOD11A2.061","composite_start":"2026-09-14","units":"degC","scale_factor":0.02},"geometry":{"type":"Polygon","coordinates":[[[77.73545689203713,12.949999998837042],[77.74400770678712,12.949999998837042],[77.74140848669244,12.941666665504458],[77.73285795782236,12.941666665504458],[77.73545689203713,12.949999998837042]]]}},{"type":"Feature","properties":{"lst_c":26.57,"lst_k":299.72,"lst_day_dn":14986,"qc_day":0,"lst_night_c":null,"lst_night_k":null,"lst_night_dn":0,"qc_night":2,"modis_row":846,"modis_col":692,"source_product":"MOD11A2.061","composite_start":"2026-09-14","units":"degC","scale_factor":0.02},"geometry":{"type":"Polygon","coordinates":[[[77.74400770678712,12.949999998837042],[77.7525585215371,12.949999998837042],[77.74995901556252,12.941666665504458],[77.74140848669244,12.941666665504458],[77.74400770678712,12.949999998837042]]]}},{"type":"Feature","properties":{"lst_c":27.01,"lst_k":300.16,"lst_day_dn":15008,"qc_day":0,"lst_night_c":null,"lst_night_k":null,"lst_night_dn":0,"qc_night":2,"modis_row":846,"modis_col":693,"source_product":"MOD11A2.061","composite_start":"2026-09-14","units":"degC","scale_factor":0.02},"geometry":{"type":"Polygon","coordinates":[[[77.7525585215371,12.949999998837042],[77.76110933628708,12.949999998837042],[77.75850954443258,12.941666665504458],[77.74995901556252,12.941666665504458],[77.7525585215371,12.949999998837042]]]}},{"type":"Feature","properties":{"lst_c":27.35,"lst_k":300.5,"lst_day_dn":15025,"qc_day":0,"lst_night_c":null,"lst_night_k":null,"lst_night_dn":0,"qc_night":2,"modis_row":846,"modis_col":694,"source_product":"MOD11A2.061","composite_start":"2026-09-14","units":"degC","scale_factor":0.02},"geometry":{"type":"Polygon","coordinates":[[[77.76110933628708,12.949999998837042],[77.76966015103704,12.949999998837042],[77.76706007330266,12.941666665504458],[77.75850954443258,12.941666665504458],[77.76110933628708,12.949999998837042]]]}},{"type":"Feature","properties":{"lst_c":27.87,"lst_k":301.02,"lst_day_dn":15051,"qc_day":0,"lst_night_c":null,"lst_night_k":null,"lst_night_dn":0,"qc_night":2,"modis_row":846,"modis_col":695,"source_product":"MOD11A2.061","composite_start":"2026-09-14","units":"degC","scale_factor":0.02},"geometry":{"type":"Polygon","coordinates":[[[77.76966015103704,12.949999998837042],[77.77821096578703,12.949999998837042],[77.77561060217273,12.941666665504458],[77.76706007330266,12.941666665504458],[77.76966015103704,12.949999998837042]]]}},{"type":"Feature","properties":{"lst_c":27.91,"lst_k":301.06,"lst_day_dn":15053,"qc_day":0,"lst_night_c":null,"lst_night_k":null,"lst_night_dn":0,"qc_night":2,"modis_row":846,"modis_col":696,"source_product":"MOD11A2.061","composite_start":"2026-09-14","units":"degC","scale_factor":0.02},"geometry":{"type":"Polygon","coordinates":[[[77.77821096578703,12.949999998837042],[77.786761780537,12.949999998837042],[77.78416113104281,12.941666665504458],[77.77561060217273,12.941666665504458],[77.77821096578703,12.949999998837042]]]}},{"type":"Feature","properties":{"lst_c":27.35,"lst_k":300.5,"lst_day_dn":15025,"qc_day":0,"lst_night_c":19.35,"lst_night_k":292.5,"lst_night_dn":14625,"qc_night":65,"modis_row":847,"modis_col":653,"source_product":"MOD11A2.061","composite_start":"2026-09-14","units":"degC","scale_factor":0.02},"geometry":{"type":"Polygon","coordinates":[[[77.40793786075965,12.941666665504458],[77.41648838962972,12.941666665504458],[77.41390184359697,12.933333332171872],[77.40535160040683,12.933333332171872],[77.40793786075965,12.941666665504458]]]}},{"type":"Feature","properties":{"lst_c":26.81,"lst_k":299.96,"lst_day_dn":14998,"qc_day":0,"lst_night_c":19.63,"lst_night_k":292.78,"lst_night_dn":14639,"qc_night":65,"modis_row":847,"modis_col":654,"source_product":"MOD11A2.061","composite_start":"2026-09-14","units":"degC","scale_factor":0.02},"geometry":{"type":"Polygon","coordinates":[[[77.41648838962972,12.941666665504458],[77.4250389184998,12.941666665504458],[77.42245208678713,12.933333332171872],[77.41390184359697,12.933333332171872],[77.41648838962972,12.941666665504458]]]}},{"type":"Feature","properties":{"lst_c":26.85,"lst_k":300.0,"lst_day_dn":15000,"qc_day":0,"lst_night_c":null,"lst_night_k":null,"lst_night_dn":0,"qc_night":2,"modis_row":847,"modis_col":655,"source_product":"MOD11A2.061","composite_start":"2026-09-14","units":"degC","scale_factor":0.02},"geometry":{"type":"Polygon","coordinates":[[[77.4250389184998,12.941666665504458],[77.43358944736985,12.941666665504458],[77.43100232997728,12.933333332171872],[77.42245208678713,12.933333332171872],[77.4250389184998,12.941666665504458]]]}},{"type":"Feature","properties":{"lst_c":27.71,"lst_k":300.86,"lst_day_dn":15043,"qc_day":0,"lst_night_c":null,"lst_night_k":null,"lst_night_dn":0,"qc_night":2,"modis_row":847,"modis_col":656,"source_product":"MOD11A2.061","composite_start":"2026-09-14","units":"degC","scale_factor":0.02},"geometry":{"type":"Polygon","coordinates":[[[77.43358944736985,12.941666665504458],[77.44213997623994,12.941666665504458],[77.43955257316742,12.933333332171872],[77.43100232997728,12.933333332171872],[77.43358944736985,12.941666665504458]]]}},{"type":"Feature","properties":{"lst_c":28.89,"lst_k":302.04,"lst_day_dn":15102,"qc_day":0,"lst_night_c":19.21,"lst_night_k":292.36,"lst_night_dn":14618,"qc_night":65,"modis_row":847,"modis_col":657,"source_product":"MOD11A2.061","composite_start":"2026-09-14","units":"degC","scale_factor":0.02},"geometry":{"type":"Polygon","coordinates":[[[77.44213997623994,12.941666665504458],[77.45069050511002,12.941666665504458],[77.44810281635756,12.933333332171872],[77.43955257316742,12.933333332171872],[77.44213997623994,12.941666665504458]]]}},{"type":"Feature","properties":{"lst_c":29.63,"lst_k":302.78,"lst_day_dn":15139,"qc_day":0,"lst_night_c":19.21,"lst_night_k":292.36,"lst_night_dn":14618,"qc_night":65,"modis_row":847,"modis_col":658,"source_product":"MOD11A2.061","composite_start":"2026-09-14","units":"degC","scale_factor":0.02},"geometry":{"type":"Polygon","coordinates":[[[77.45069050511002,12.941666665504458],[77.45924103398008,12.941666665504458],[77.45665305954772,12.933333332171872],[77.44810281635756,12.933333332171872],[77.45069050511002,12.941666665504458]]]}},{"type":"Feature","properties":{"lst_c":29.45,"lst_k":302.6,"lst_day_dn":15130,"qc_day":0,"lst_night_c":19.39,"lst_night_k":292.54,"lst_night_dn":14627,"qc_night":65,"modis_row":847,"modis_col":659,"source_product":"MOD11A2.061","composite_start":"2026-09-14","units":"degC","scale_factor":0.02},"geometry":{"type":"Polygon","coordinates":[[[77.45924103398008,12.941666665504458],[77.46779156285014,12.941666665504458],[77.46520330273786,12.933333332171872],[77.45665305954772,12.933333332171872],[77.45924103398008,12.941666665504458]]]}},{"type":"Feature","properties":{"lst_c":29.25,"lst_k":302.4,"lst_day_dn":15120,"qc_day":0,"lst_night_c":19.67,"lst_night_k":292.82,"lst_night_dn":14641,"qc_night":65,"modis_row":847,"modis_col":660,"source_product":"MOD11A2.061","composite_start":"2026-09-14","units":"degC","scale_factor":0.02},"geometry":{"type":"Polygon","coordinates":[[[77.46779156285014,12.941666665504458],[77.47634209172021,12.941666665504458],[77.47375354592799,12.933333332171872],[77.46520330273786,12.933333332171872],[77.46779156285014,12.941666665504458]]]}},{"type":"Feature","properties":{"lst_c":29.01,"lst_k":302.16,"lst_day_dn":15108,"qc_day":0,"lst_night_c":19.77,"lst_night_k":292.92,"lst_night_dn":14646,"qc_night":65,"modis_row":847,"modis_col":661,"source_product":"MOD11A2.061","composite_start":"2026-09-14","units":"degC","scale_factor":0.02},"geometry":{"type":"Polygon","coordinates":[[[77.47634209172021,12.941666665504458],[77.48489262059029,12.941666665504458],[77.48230378911815,12.933333332171872],[77.47375354592799,12.933333332171872],[77.47634209172021,12.941666665504458]]]}},{"type":"Feature","properties":{"lst_c":28.77,"lst_k":301.92,"lst_day_dn":15096,"qc_day":0,"lst_night_c":null,"lst_night_k":null,"lst_night_dn":0,"qc_night":2,"modis_row":847,"modis_col":662,"source_product":"MOD11A2.061","composite_start":"2026-09-14","units":"degC","scale_factor":0.02},"geometry":{"type":"Polygon","coordinates":[[[77.48489262059029,12.941666665504458],[77.49344314946036,12.941666665504458],[77.49085403230829,12.933333332171872],[77.48230378911815,12.933333332171872],[77.48489262059029,12.941666665504458]]]}},{"type":"Feature","properties":{"lst_c":28.55,"lst_k":301.7,"lst_day_dn":15085,"qc_day":0,"lst_night_c":null,"lst_night_k":null,"lst_night_dn":0,"qc_night":2,"modis_row":847,"modis_col":663,"source_product":"MOD11A2.061","composite_start":"2026-09-14","units":"degC","scale_factor":0.02},"geometry":{"type":"Polygon","coordinates":[[[77.49344314946036,12.941666665504458],[77.50199367833042,12.941666665504458],[77.49940427549845,12.933333332171872],[77.49085403230829,12.933333332171872],[77.49344314946036,12.941666665504458]]]}},{"type":"Feature","properties":{"lst_c":28.07,"lst_k":301.22,"lst_day_dn":15061,"qc_day":0,"lst_night_c":null,"lst_night_k":null,"lst_night_dn":0,"qc_night":2,"modis_row":847,"modis_col":664,"source_product":"MOD11A2.061","composite_start":"2026-09-14","units":"degC","scale_factor":0.02},"geometry":{"type":"Polygon","coordinates":[[[77.50199367833042,12.941666665504458],[77.51054420720051,12.941666665504458],[77.5079545186886,12.933333332171872],[77.49940427549845,12.933333332171872],[77.50199367833042,12.941666665504458]]]}},{"type":"Feature","properties":{"lst_c":27.79,"lst_k":300.94,"lst_day_dn":15047,"qc_day":0,"lst_night_c":null,"lst_night_k":null,"lst_night_dn":0,"qc_night":2,"modis_row":847,"modis_col":665,"source_product":"MOD11A2.061","composite_start":"2026-09-14","units":"degC","scale_factor":0.02},"geometry":{"type":"Polygon","coordinates":[[[77.51054420720051,12.941666665504458],[77.51909473607058,12.941666665504458],[77.51650476187875,12.933333332171872],[77.5079545186886,12.933333332171872],[77.51054420720051,12.941666665504458]]]}},{"type":"Feature","properties":{"lst_c":27.99,"lst_k":301.14,"lst_day_dn":15057,"qc_day":17,"lst_night_c":23.39,"lst_night_k":296.54,"lst_night_dn":14827,"qc_night":65,"modis_row":847,"modis_col":666,"source_product":"MOD11A2.061","composite_start":"2026-09-14","units":"degC","scale_factor":0.02},"geometry":{"type":"Polygon","coordinates":[[[77.51909473607058,12.941666665504458],[77.52764526494065,12.941666665504458],[77.5250550050689,12.933333332171872],[77.51650476187875,12.933333332171872],[77.51909473607058,12.941666665504458]]]}},{"type":"Feature","properties":{"lst_c":29.31,"lst_k":302.46,"lst_day_dn":15123,"qc_day":17,"lst_night_c":23.59,"lst_night_k":296.74,"lst_night_dn":14837,"qc_night":81,"modis_row":847,"modis_col":667,"source_product":"MOD11A2.061","composite_start":"2026-09-14","units":"degC","scale_factor":0.02},"geometry":{"type":"Polygon","coordinates":[[[77.52764526494065,12.941666665504458],[77.53619579381073,12.941666665504458],[77.53360524825904,12.933333332171872],[77.5250550050689,12.933333332171872],[77.52764526494065,12.941666665504458]]]}},{"type":"Feature","properties":{"lst_c":29.59,"lst_k":302.74,"lst_day_dn":15137,"qc_day":81,"lst_night_c":23.83,"lst_night_k":296.98,"lst_night_dn":14849,"qc_night":81,"modis_row":847,"modis_col":668,"source_product":"MOD11A2.061","composite_start":"2026-09-14","units":"degC","scale_factor":0.02},"geometry":{"type":"Polygon","coordinates":[[[77.53619579381073,12.941666665504458],[77.5447463226808,12.941666665504458],[77.5421554914492,12.933333332171872],[77.53360524825904,12.933333332171872],[77.53619579381073,12.941666665504458]]]}},{"type":"Feature","properties":{"lst_c":29.33,"lst_k":302.48,"lst_day_dn":15124,"qc_day":81,"lst_night_c":24.41,"lst_night_k":297.56,"lst_night_dn":14878,"qc_night":81,"modis_row":847,"modis_col":669,"source_product":"MOD11A2.061","composite_start":"2026-09-14","units":"degC","scale_factor":0.02},"geometry":{"type":"Polygon","coordinates":[[[77.5447463226808,12.941666665504458],[77.55329685155087,12.941666665504458],[77.55070573463934,12.933333332171872],[77.5421554914492,12.933333332171872],[77.5447463226808,12.941666665504458]]]}},{"type":"Feature","properties":{"lst_c":29.31,"lst_k":302.46,"lst_day_dn":15123,"qc_day":81,"lst_night_c":null,"lst_night_k":null,"lst_night_dn":0,"qc_night":2,"modis_row":847,"modis_col":670,"source_product":"MOD11A2.061","composite_start":"2026-09-14","units":"degC","scale_factor":0.02},"geometry":{"type":"Polygon","coordinates":[[[77.55329685155087,12.941666665504458],[77.56184738042094,12.941666665504458],[77.5592559778295,12.933333332171872],[77.55070573463934,12.933333332171872],[77.55329685155087,12.941666665504458]]]}},{"type":"Feature","properties":{"lst_c":29.27,"lst_k":302.42,"lst_day_dn":15121,"qc_day":81,"lst_night_c":null,"lst_night_k":null,"lst_night_dn":0,"qc_night":2,"modis_row":847,"modis_col":671,"source_product":"MOD11A2.061","composite_start":"2026-09-14","units":"degC","scale_factor":0.02},"geometry":{"type":"Polygon","coordinates":[[[77.56184738042094,12.941666665504458],[77.57039790929102,12.941666665504458],[77.56780622101964,12.933333332171872],[77.5592559778295,12.933333332171872],[77.56184738042094,12.941666665504458]]]}},{"type":"Feature","properties":{"lst_c":29.27,"lst_k":302.42,"lst_day_dn":15121,"qc_day":81,"lst_night_c":22.97,"lst_night_k":296.12,"lst_night_dn":14806,"qc_night":81,"modis_row":847,"modis_col":672,"source_product":"MOD11A2.061","composite_start":"2026-09-14","units":"degC","scale_factor":0.02},"geometry":{"type":"Polygon","coordinates":[[[77.57039790929102,12.941666665504458],[77.57894843816108,12.941666665504458],[77.57635646420978,12.933333332171872],[77.56780622101964,12.933333332171872],[77.57039790929102,12.941666665504458]]]}},{"type":"Feature","properties":{"lst_c":28.75,"lst_k":301.9,"lst_day_dn":15095,"qc_day":81,"lst_night_c":22.99,"lst_night_k":296.14,"lst_night_dn":14807,"qc_night":81,"modis_row":847,"modis_col":673,"source_product":"MOD11A2.061","composite_start":"2026-09-14","units":"degC","scale_factor":0.02},"geometry":{"type":"Polygon","coordinates":[[[77.57894843816108,12.941666665504458],[77.58749896703117,12.941666665504458],[77.58490670739994,12.933333332171872],[77.57635646420978,12.933333332171872],[77.57894843816108,12.941666665504458]]]}},{"type":"Feature","properties":{"lst_c":28.67,"lst_k":301.82,"lst_day_dn":15091,"qc_day":81,"lst_night_c":23.55,"lst_night_k":296.7,"lst_night_dn":14835,"qc_night":81,"modis_row":847,"modis_col":674,"source_product":"MOD11A2.061","composite_start":"2026-09-14","units":"degC","scale_factor":0.02},"geometry":{"type":"Polygon","coordinates":[[[77.58749896703117,12.941666665504458],[77.59604949590121,12.941666665504458],[77.59345695059007,12.933333332171872],[77.58490670739994,12.933333332171872],[77.58749896703117,12.941666665504458]]]}},{"type":"Feature","properties":{"lst_c":28.85,"lst_k":302.0,"lst_day_dn":15100,"qc_day":81,"lst_night_c":23.55,"lst_night_k":296.7,"lst_night_dn":14835,"qc_night":81,"modis_row":847,"modis_col":675,"source_product":"MOD11A2.061","composite_start":"2026-09-14","units":"degC","scale_factor":0.02},"geometry":{"type":"Polygon","coordinates":[[[77.59604949590121,12.941666665504458],[77.6046000247713,12.941666665504458],[77.60200719378022,12.933333332171872],[77.59345695059007,12.933333332171872],[77.59604949590121,12.941666665504458]]]}},{"type":"Feature","properties":{"lst_c":29.01,"lst_k":302.16,"lst_day_dn":15108,"qc_day":81,"lst_night_c":22.47,"lst_night_k":295.62,"lst_night_dn":14781,"qc_night":81,"modis_row":847,"modis_col":676,"source_product":"MOD11A2.061","composite_start":"2026-09-14","units":"degC","scale_factor":0.02},"geometry":{"type":"Polygon","coordinates":[[[77.6046000247713,12.941666665504458],[77.61315055364136,12.941666665504458],[77.61055743697035,12.933333332171872],[77.60200719378022,12.933333332171872],[77.6046000247713,12.941666665504458]]]}},{"type":"Feature","properties":{"lst_c":28.57,"lst_k":301.72,"lst_day_dn":15086,"qc_day":81,"lst_night_c":22.17,"lst_night_k":295.32,"lst_night_dn":14766,"qc_night":81,"modis_row":847,"modis_col":677,"source_product":"MOD11A2.061","composite_start":"2026-09-14","units":"degC","scale_factor":0.02},"geometry":{"type":"Polygon","coordinates":[[[77.61315055364136,12.941666665504458],[77.62170108251144,12.941666665504458],[77.61910768016051,12.933333332171872],[77.61055743697035,12.933333332171872],[77.61315055364136,12.941666665504458]]]}},{"type":"Feature","properties":{"lst_c":28.67,"lst_k":301.82,"lst_day_dn":15091,"qc_day":81,"lst_night_c":22.25,"lst_night_k":295.4,"lst_night_dn":14770,"qc_night":17,"modis_row":847,"modis_col":678,"source_product":"MOD11A2.061","composite_start":"2026-09-14","units":"degC","scale_factor":0.02},"geometry":{"type":"Polygon","coordinates":[[[77.62170108251144,12.941666665504458],[77.63025161138151,12.941666665504458],[77.62765792335067,12.933333332171872],[77.61910768016051,12.933333332171872],[77.62170108251144,12.941666665504458]]]}},{"type":"Feature","properties":{"lst_c":28.01,"lst_k":301.16,"lst_day_dn":15058,"qc_day":0,"lst_night_c":21.23,"lst_night_k":294.38,"lst_night_dn":14719,"qc_night":0,"modis_row":847,"modis_col":679,"source_product":"MOD11A2.061","composite_start":"2026-09-14","units":"degC","scale_factor":0.02},"geometry":{"type":"Polygon","coordinates":[[[77.63025161138151,12.941666665504458],[77.63880214025158,12.941666665504458],[77.63620816654081,12.933333332171872],[77.62765792335067,12.933333332171872],[77.63025161138151,12.941666665504458]]]}},{"type":"Feature","properties":{"lst_c":27.05,"lst_k":300.2,"lst_day_dn":15010,"qc_day":0,"lst_night_c":19.93,"lst_night_k":293.08,"lst_night_dn":14654,"qc_night":65,"modis_row":847,"modis_col":680,"source_product":"MOD11A2.061","composite_start":"2026-09-14","units":"degC","scale_factor":0.02},"geometry":{"type":"Polygon","coordinates":[[[77.63880214025158,12.941666665504458],[77.64735266912164,12.941666665504458],[77.64475840973097,12.933333332171872],[77.63620816654081,12.933333332171872],[77.63880214025158,12.941666665504458]]]}},{"type":"Feature","properties":{"lst_c":26.19,"lst_k":299.34,"lst_day_dn":14967,"qc_day":0,"lst_night_c":18.97,"lst_night_k":292.12,"lst_night_dn":14606,"qc_night":65,"modis_row":847,"modis_col":681,"source_product":"MOD11A2.061","composite_start":"2026-09-14","units":"degC","scale_factor":0.02},"geometry":{"type":"Polygon","coordinates":[[[77.64735266912164,12.941666665504458],[77.65590319799173,12.941666665504458],[77.65330865292111,12.933333332171872],[77.64475840973097,12.933333332171872],[77.64735266912164,12.941666665504458]]]}},{"type":"Feature","properties":{"lst_c":26.09,"lst_k":299.24,"lst_day_dn":14962,"qc_day":0,"lst_night_c":17.77,"lst_night_k":290.92,"lst_night_dn":14546,"qc_night":65,"modis_row":847,"modis_col":682,"source_product":"MOD11A2.061","composite_start":"2026-09-14","units":"degC","scale_factor":0.02},"geometry":{"type":"Polygon","coordinates":[[[77.65590319799173,12.941666665504458],[77.6644537268618,12.941666665504458],[77.66185889611126,12.933333332171872],[77.65330865292111,12.933333332171872],[77.65590319799173,12.941666665504458]]]}},{"type":"Feature","properties":{"lst_c":26.23,"lst_k":299.38,"lst_day_dn":14969,"qc_day":0,"lst_night_c":13.25,"lst_night_k":286.4,"lst_night_dn":14320,"qc_night":65,"modis_row":847,"modis_col":683,"source_product":"MOD11A2.061","composite_start":"2026-09-14","units":"degC","scale_factor":0.02},"geometry":{"type":"Polygon","coordinates":[[[77.6644537268618,12.941666665504458],[77.67300425573187,12.941666665504458],[77.6704091393014,12.933333332171872],[77.66185889611126,12.933333332171872],[77.6644537268618,12.941666665504458]]]}},{"type":"Feature","properties":{"lst_c":26.41,"lst_k":299.56,"lst_day_dn":14978,"qc_day":0,"lst_night_c":null,"lst_night_k":null,"lst_night_dn":0,"qc_night":2,"modis_row":847,"modis_col":684,"source_product":"MOD11A2.061","composite_start":"2026-09-14","units":"degC","scale_factor":0.02},"geometry":{"type":"Polygon","coordinates":[[[77.67300425573187,12.941666665504458],[77.68155478460196,12.941666665504458],[77.67895938249156,12.933333332171872],[77.6704091393014,12.933333332171872],[77.67300425573187,12.941666665504458]]]}},{"type":"Feature","properties":{"lst_c":26.81,"lst_k":299.96,"lst_day_dn":14998,"qc_day":0,"lst_night_c":null,"lst_night_k":null,"lst_night_dn":0,"qc_night":2,"modis_row":847,"modis_col":685,"source_product":"MOD11A2.061","composite_start":"2026-09-14","units":"degC","scale_factor":0.02},"geometry":{"type":"Polygon","coordinates":[[[77.68155478460196,12.941666665504458],[77.69010531347202,12.941666665504458],[77.68750962568171,12.933333332171872],[77.67895938249156,12.933333332171872],[77.68155478460196,12.941666665504458]]]}},{"type":"Feature","properties":{"lst_c":27.13,"lst_k":300.28,"lst_day_dn":15014,"qc_day":0,"lst_night_c":null,"lst_night_k":null,"lst_night_dn":0,"qc_night":2,"modis_row":847,"modis_col":686,"source_product":"MOD11A2.061","composite_start":"2026-09-14","units":"degC","scale_factor":0.02},"geometry":{"type":"Polygon","coordinates":[[[77.69010531347202,12.941666665504458],[77.69865584234209,12.941666665504458],[77.69605986887186,12.933333332171872],[77.68750962568171,12.933333332171872],[77.69010531347202,12.941666665504458]]]}},{"type":"Feature","properties":{"lst_c":27.41,"lst_k":300.56,"lst_day_dn":15028,"qc_day":0,"lst_night_c":null,"lst_night_k":null,"lst_night_dn":0,"qc_night":2,"modis_row":847,"modis_col":687,"source_product":"MOD11A2.061","composite_start":"2026-09-14","units":"degC","scale_factor":0.02},"geometry":{"type":"Polygon","coordinates":[[[77.69865584234209,12.941666665504458],[77.70720637121217,12.941666665504458],[77.70461011206201,12.933333332171872],[77.69605986887186,12.933333332171872],[77.69865584234209,12.941666665504458]]]}},{"type":"Feature","properties":{"lst_c":27.39,"lst_k":300.54,"lst_day_dn":15027,"qc_day":0,"lst_night_c":null,"lst_night_k":null,"lst_night_dn":0,"qc_night":2,"modis_row":847,"modis_col":688,"source_product":"MOD11A2.061","composite_start":"2026-09-14","units":"degC","scale_factor":0.02},"geometry":{"type":"Polygon","coordinates":[[[77.70720637121217,12.941666665504458],[77.71575690008224,12.941666665504458],[77.71316035525214,12.933333332171872],[77.70461011206201,12.933333332171872],[77.70720637121217,12.941666665504458]]]}},{"type":"Feature","properties":{"lst_c":26.97,"lst_k":300.12,"lst_day_dn":15006,"qc_day":0,"lst_night_c":null,"lst_night_k":null,"lst_night_dn":0,"qc_night":2,"modis_row":847,"modis_col":689,"source_product":"MOD11A2.061","composite_start":"2026-09-14","units":"degC","scale_factor":0.02},"geometry":{"type":"Polygon","coordinates":[[[77.71575690008224,12.941666665504458],[77.7243074289523,12.941666665504458],[77.72171059844229,12.933333332171872],[77.71316035525214,12.933333332171872],[77.71575690008224,12.941666665504458]]]}},{"type":"Feature","properties":{"lst_c":26.79,"lst_k":299.94,"lst_day_dn":14997,"qc_day":0,"lst_night_c":null,"lst_night_k":null,"lst_night_dn":0,"qc_night":2,"modis_row":847,"modis_col":690,"source_product":"MOD11A2.061","composite_start":"2026-09-14","units":"degC","scale_factor":0.02},"geometry":{"type":"Polygon","coordinates":[[[77.7243074289523,12.941666665504458],[77.73285795782236,12.941666665504458],[77.73026084163243,12.933333332171872],[77.72171059844229,12.933333332171872],[77.7243074289523,12.941666665504458]]]}},{"type":"Feature","properties":{"lst_c":26.51,"lst_k":299.66,"lst_day_dn":14983,"qc_day":0,"lst_night_c":null,"lst_night_k":null,"lst_night_dn":0,"qc_night":2,"modis_row":847,"modis_col":691,"source_product":"MOD11A2.061","composite_start":"2026-09-14","units":"degC","scale_factor":0.02},"geometry":{"type":"Polygon","coordinates":[[[77.73285795782236,12.941666665504458],[77.74140848669244,12.941666665504458],[77.73881108482259,12.933333332171872],[77.73026084163243,12.933333332171872],[77.73285795782236,12.941666665504458]]]}},{"type":"Feature","properties":{"lst_c":26.51,"lst_k":299.66,"lst_day_dn":14983,"qc_day":0,"lst_night_c":null,"lst_night_k":null,"lst_night_dn":0,"qc_night":2,"modis_row":847,"modis_col":692,"source_product":"MOD11A2.061","composite_start":"2026-09-14","units":"degC","scale_factor":0.02},"geometry":{"type":"Polygon","coordinates":[[[77.74140848669244,12.941666665504458],[77.74995901556252,12.941666665504458],[77.74736132801273,12.933333332171872],[77.73881108482259,12.933333332171872],[77.74140848669244,12.941666665504458]]]}},{"type":"Feature","properties":{"lst_c":27.23,"lst_k":300.38,"lst_day_dn":15019,"qc_day":0,"lst_night_c":null,"lst_night_k":null,"lst_night_dn":0,"qc_night":2,"modis_row":847,"modis_col":693,"source_product":"MOD11A2.061","composite_start":"2026-09-14","units":"degC","scale_factor":0.02},"geometry":{"type":"Polygon","coordinates":[[[77.74995901556252,12.941666665504458],[77.75850954443258,12.941666665504458],[77.75591157120287,12.933333332171872],[77.74736132801273,12.933333332171872],[77.74995901556252,12.941666665504458]]]}},{"type":"Feature","properties":{"lst_c":27.63,"lst_k":300.78,"lst_day_dn":15039,"qc_day":0,"lst_night_c":null,"lst_night_k":null,"lst_night_dn":0,"qc_night":2,"modis_row":847,"modis_col":694,"source_product":"MOD11A2.061","composite_start":"2026-09-14","units":"degC","scale_factor":0.02},"geometry":{"type":"Polygon","coordinates":[[[77.75850954443258,12.941666665504458],[77.76706007330266,12.941666665504458],[77.76446181439303,12.933333332171872],[77.75591157120287,12.933333332171872],[77.75850954443258,12.941666665504458]]]}},{"type":"Feature","properties":{"lst_c":27.65,"lst_k":300.8,"lst_day_dn":15040,"qc_day":0,"lst_night_c":null,"lst_night_k":null,"lst_night_dn":0,"qc_night":2,"modis_row":847,"modis_col":695,"source_product":"MOD11A2.061","composite_start":"2026-09-14","units":"degC","scale_factor":0.02},"geometry":{"type":"Polygon","coordinates":[[[77.76706007330266,12.941666665504458],[77.77561060217273,12.941666665504458],[77.77301205758317,12.933333332171872],[77.76446181439303,12.933333332171872],[77.76706007330266,12.941666665504458]]]}},{"type":"Feature","properties":{"lst_c":27.71,"lst_k":300.86,"lst_day_dn":15043,"qc_day":0,"lst_night_c":null,"lst_night_k":null,"lst_night_dn":0,"qc_night":2,"modis_row":847,"modis_col":696,"source_product":"MOD11A2.061","composite_start":"2026-09-14","units":"degC","scale_factor":0.02},"geometry":{"type":"Polygon","coordinates":[[[77.77561060217273,12.941666665504458],[77.78416113104281,12.941666665504458],[77.78156230077333,12.933333332171872],[77.77301205758317,12.933333332171872],[77.77561060217273,12.941666665504458]]]}},{"type":"Feature","properties":{"lst_c":27.15,"lst_k":300.3,"lst_day_dn":15015,"qc_day":0,"lst_night_c":19.21,"lst_night_k":292.36,"lst_night_dn":14618,"qc_night":65,"modis_row":848,"modis_col":653,"source_product":"MOD11A2.061","composite_start":"2026-09-14","units":"degC","scale_factor":0.02},"geometry":{"type":"Polygon","coordinates":[[[77.40535160040683,12.933333332171872],[77.41390184359697,12.933333332171872],[77.41131710789887,12.924999998839287],[77.40276715018868,12.924999998839287],[77.40535160040683,12.933333332171872]]]}},{"type":"Feature","properties":{"lst_c":27.03,"lst_k":300.18,"lst_day_dn":15009,"qc_day":0,"lst_night_c":null,"lst_night_k":null,"lst_night_dn":0,"qc_night":2,"modis_row":848,"modis_col":654,"source_product":"MOD11A2.061","composite_start":"2026-09-14","units":"degC","scale_factor":0.02},"geometry":{"type":"Polygon","coordinates":[[[77.41390184359697,12.933333332171872],[77.42245208678713,12.933333332171872],[77.41986706560904,12.924999998839287],[77.41131710789887,12.924999998839287],[77.41390184359697,12.933333332171872]]]}},{"type":"Feature","properties":{"lst_c":26.81,"lst_k":299.96,"lst_day_dn":14998,"qc_day":0,"lst_night_c":null,"lst_night_k":null,"lst_night_dn":0,"qc_night":2,"modis_row":848,"modis_col":655,"source_product":"MOD11A2.061","composite_start":"2026-09-14","units":"degC","scale_factor":0.02},"geometry":{"type":"Polygon","coordinates":[[[77.42245208678713,12.933333332171872],[77.43100232997728,12.933333332171872],[77.42841702331921,12.924999998839287],[77.41986706560904,12.924999998839287],[77.42245208678713,12.933333332171872]]]}},{"type":"Feature","properties":{"lst_c":26.89,"lst_k":300.04,"lst_day_dn":15002,"qc_day":0,"lst_night_c":null,"lst_night_k":null,"lst_night_dn":0,"qc_night":2,"modis_row":848,"modis_col":656,"source_product":"MOD11A2.061","composite_start":"2026-09-14","units":"degC","scale_factor":0.02},"geometry":{"type":"Polygon","coordinates":[[[77.43100232997728,12.933333332171872],[77.43955257316742,12.933333332171872],[77.43696698102939,12.924999998839287],[77.42841702331921,12.924999998839287],[77.43100232997728,12.933333332171872]]]}},{"type":"Feature","properties":{"lst_c":27.45,"lst_k":300.6,"lst_day_dn":15030,"qc_day":0,"lst_night_c":null,"lst_night_k":null,"lst_night_dn":0,"qc_night":2,"modis_row":848,"modis_col":657,"source_product":"MOD11A2.061","composite_start":"2026-09-14","units":"degC","scale_factor":0.02},"geometry":{"type":"Polygon","coordinates":[[[77.43955257316742,12.933333332171872],[77.44810281635756,12.933333332171872],[77.44551693873956,12.924999998839287],[77.43696698102939,12.924999998839287],[77.43955257316742,12.933333332171872]]]}},{"type":"Feature","properties":{"lst_c":28.79,"lst_k":301.94,"lst_day_dn":15097,"qc_day":0,"lst_night_c":null,"lst_night_k":null,"lst_night_dn":0,"qc_night":2,"modis_row":848,"modis_col":658,"source_product":"MOD11A2.061","composite_start":"2026-09-14","units":"degC","scale_factor":0.02},"geometry":{"type":"Polygon","coordinates":[[[77.44810281635756,12.933333332171872],[77.45665305954772,12.933333332171872],[77.45406689644973,12.924999998839287],[77.44551693873956,12.924999998839287],[77.44810281635756,12.933333332171872]]]}},{"type":"Feature","properties":{"lst_c":28.63,"lst_k":301.78,"lst_day_dn":15089,"qc_day":0,"lst_night_c":null,"lst_night_k":null,"lst_night_dn":0,"qc_night":2,"modis_row":848,"modis_col":659,"source_product":"MOD11A2.061","composite_start":"2026-09-14","units":"degC","scale_factor":0.02},"geometry":{"type":"Polygon","coordinates":[[[77.45665305954772,12.933333332171872],[77.46520330273786,12.933333332171872],[77.46261685415989,12.924999998839287],[77.45406689644973,12.924999998839287],[77.45665305954772,12.933333332171872]]]}},{"type":"Feature","properties":{"lst_c":28.51,"lst_k":301.66,"lst_day_dn":15083,"qc_day":0,"lst_night_c":null,"lst_night_k":null,"lst_night_dn":0,"qc_night":2,"modis_row":848,"modis_col":660,"source_product":"MOD11A2.061","composite_start":"2026-09-14","units":"degC","scale_factor":0.02},"geometry":{"type":"Polygon","coordinates":[[[77.46520330273786,12.933333332171872],[77.47375354592799,12.933333332171872],[77.47116681187006,12.924999998839287],[77.46261685415989,12.924999998839287],[77.46520330273786,12.933333332171872]]]}},{"type":"Feature","properties":{"lst_c":28.49,"lst_k":301.64,"lst_day_dn":15082,"qc_day":65,"lst_night_c":null,"lst_night_k":null,"lst_night_dn":0,"qc_night":2,"modis_row":848,"modis_col":661,"source_product":"MOD11A2.061","composite_start":"2026-09-14","units":"degC","scale_factor":0.02},"geometry":{"type":"Polygon","coordinates":[[[77.47375354592799,12.933333332171872],[77.48230378911815,12.933333332171872],[77.47971676958022,12.924999998839287],[77.47116681187006,12.924999998839287],[77.47375354592799,12.933333332171872]]]}},{"type":"Feature","properties":{"lst_c":28.31,"lst_k":301.46,"lst_day_dn":15073,"qc_day":65,"lst_night_c":null,"lst_night_k":null,"lst_night_dn":0,"qc_night":2,"modis_row":848,"modis_col":662,"source_product":"MOD11A2.061","composite_start":"2026-09-14","units":"degC","scale_factor":0.02},"geometry":{"type":"Polygon","coordinates":[[[77.48230378911815,12.933333332171872],[77.49085403230829,12.933333332171872],[77.48826672729041,12.924999998839287],[77.47971676958022,12.924999998839287],[77.48230378911815,12.933333332171872]]]}},{"type":"Feature","properties":{"lst_c":28.61,"lst_k":301.76,"lst_day_dn":15088,"qc_day":65,"lst_night_c":null,"lst_night_k":null,"lst_night_dn":0,"qc_night":2,"modis_row":848,"modis_col":663,"source_product":"MOD11A2.061","composite_start":"2026-09-14","units":"degC","scale_factor":0.02},"geometry":{"type":"Polygon","coordinates":[[[77.49085403230829,12.933333332171872],[77.49940427549845,12.933333332171872],[77.49681668500058,12.924999998839287],[77.48826672729041,12.924999998839287],[77.49085403230829,12.933333332171872]]]}},{"type":"Feature","properties":{"lst_c":28.49,"lst_k":301.64,"lst_day_dn":15082,"qc_day":0,"lst_night_c":null,"lst_night_k":null,"lst_night_dn":0,"qc_night":2,"modis_row":848,"modis_col":664,"source_product":"MOD11A2.061","composite_start":"2026-09-14","units":"degC","scale_factor":0.02},"geometry":{"type":"Polygon","coordinates":[[[77.49940427549845,12.933333332171872],[77.5079545186886,12.933333332171872],[77.50536664271075,12.924999998839287],[77.49681668500058,12.924999998839287],[77.49940427549845,12.933333332171872]]]}},{"type":"Feature","properties":{"lst_c":28.23,"lst_k":301.38,"lst_day_dn":15069,"qc_day":0,"lst_night_c":null,"lst_night_k":null,"lst_night_dn":0,"qc_night":2,"modis_row":848,"modis_col":665,"source_product":"MOD11A2.061","composite_start":"2026-09-14","units":"degC","scale_factor":0.02},"geometry":{"type":"Polygon","coordinates":[[[77.5079545186886,12.933333332171872],[77.51650476187875,12.933333332171872],[77.51391660042093,12.924999998839287],[77.50536664271075,12.924999998839287],[77.5079545186886,12.933333332171872]]]}},{"type":"Feature","properties":{"lst_c":27.95,"lst_k":301.1,"lst_day_dn":15055,"qc_day":0,"lst_night_c":null,"lst_night_k":null,"lst_night_dn":0,"qc_night":2,"modis_row":848,"modis_col":666,"source_product":"MOD11A2.061","composite_start":"2026-09-14","units":"degC","scale_factor":0.02},"geometry":{"type":"Polygon","coordinates":[[[77.51650476187875,12.933333332171872],[77.5250550050689,12.933333332171872],[77.5224665581311,12.924999998839287],[77.51391660042093,12.924999998839287],[77.51650476187875,12.933333332171872]]]}},{"type":"Feature","properties":{"lst_c":28.55,"lst_k":301.7,"lst_day_dn":15085,"qc_day":0,"lst_night_c":null,"lst_night_k":null,"lst_night_dn":0,"qc_night":2,"modis_row":848,"modis_col":667,"source_product":"MOD11A2.061","composite_start":"2026-09-14","units":"degC","scale_factor":0.02},"geometry":{"type":"Polygon","coordinates":[[[77.5250550050689,12.933333332171872],[77.53360524825904,12.933333332171872],[77.53101651584127,12.924999998839287],[77.5224665581311,12.924999998839287],[77.5250550050689,12.933333332171872]]]}},{"type":"Feature","properties":{"lst_c":29.13,"lst_k":302.28,"lst_day_dn":15114,"qc_day":0,"lst_night_c":null,"lst_night_k":null,"lst_night_dn":0,"qc_night":2,"modis_row":848,"modis_col":668,"source_product":"MOD11A2.061","composite_start":"2026-09-14","units":"degC","scale_factor":0.02},"geometry":{"type":"Polygon","coordinates":[[[77.53360524825904,12.933333332171872],[77.5421554914492,12.933333332171872],[77.53956647355145,12.924999998839287],[77.53101651584127,12.924999998839287],[77.53360524825904,12.933333332171872]]]}},{"type":"Feature","properties":{"lst_c":29.21,"lst_k":302.36,"lst_day_dn":15118,"qc_day":81,"lst_night_c":null,"lst_night_k":null,"lst_night_dn":0,"qc_night":2,"modis_row":848,"modis_col":669,"source_product":"MOD11A2.061","composite_start":"2026-09-14","units":"degC","scale_factor":0.02},"geometry":{"type":"Polygon","coordinates":[[[77.5421554914492,12.933333332171872],[77.55070573463934,12.933333332171872],[77.54811643126162,12.924999998839287],[77.53956647355145,12.924999998839287],[77.5421554914492,12.933333332171872]]]}},{"type":"Feature","properties":{"lst_c":28.93,"lst_k":302.08,"lst_day_dn":15104,"qc_day":81,"lst_night_c":null,"lst_night_k":null,"lst_night_dn":0,"qc_night":2,"modis_row":848,"modis_col":670,"source_product":"MOD11A2.061","composite_start":"2026-09-14","units":"degC","scale_factor":0.02},"geometry":{"type":"Polygon","coordinates":[[[77.55070573463934,12.933333332171872],[77.5592559778295,12.933333332171872],[77.55666638897179,12.924999998839287],[77.54811643126162,12.924999998839287],[77.55070573463934,12.933333332171872]]]}},{"type":"Feature","properties":{"lst_c":29.13,"lst_k":302.28,"lst_day_dn":15114,"qc_day":81,"lst_night_c":null,"lst_night_k":null,"lst_night_dn":0,"qc_night":2,"modis_row":848,"modis_col":671,"source_product":"MOD11A2.061","composite_start":"2026-09-14","units":"degC","scale_factor":0.02},"geometry":{"type":"Polygon","coordinates":[[[77.5592559778295,12.933333332171872],[77.56780622101964,12.933333332171872],[77.56521634668198,12.924999998839287],[77.55666638897179,12.924999998839287],[77.5592559778295,12.933333332171872]]]}},{"type":"Feature","properties":{"lst_c":29.03,"lst_k":302.18,"lst_day_dn":15109,"qc_day":81,"lst_night_c":null,"lst_night_k":null,"lst_night_dn":0,"qc_night":2,"modis_row":848,"modis_col":672,"source_product":"MOD11A2.061","composite_start":"2026-09-14","units":"degC","scale_factor":0.02},"geometry":{"type":"Polygon","coordinates":[[[77.56780622101964,12.933333332171872],[77.57635646420978,12.933333332171872],[77.57376630439214,12.924999998839287],[77.56521634668198,12.924999998839287],[77.56780622101964,12.933333332171872]]]}},{"type":"Feature","properties":{"lst_c":28.85,"lst_k":302.0,"lst_day_dn":15100,"qc_day":81,"lst_night_c":23.13,"lst_night_k":296.28,"lst_night_dn":14814,"qc_night":81,"modis_row":848,"modis_col":673,"source_product":"MOD11A2.061","composite_start":"2026-09-14","units":"degC","scale_factor":0.02},"geometry":{"type":"Polygon","coordinates":[[[77.57635646420978,12.933333332171872],[77.58490670739994,12.933333332171872],[77.58231626210231,12.924999998839287],[77.57376630439214,12.924999998839287],[77.57635646420978,12.933333332171872]]]}},{"type":"Feature","properties":{"lst_c":28.67,"lst_k":301.82,"lst_day_dn":15091,"qc_day":81,"lst_night_c":23.13,"lst_night_k":296.28,"lst_night_dn":14814,"qc_night":81,"modis_row":848,"modis_col":674,"source_product":"MOD11A2.061","composite_start":"2026-09-14","units":"degC","scale_factor":0.02},"geometry":{"type":"Polygon","coordinates":[[[77.58490670739994,12.933333332171872],[77.59345695059007,12.933333332171872],[77.59086621981247,12.924999998839287],[77.58231626210231,12.924999998839287],[77.58490670739994,12.933333332171872]]]}},{"type":"Feature","properties":{"lst_c":28.79,"lst_k":301.94,"lst_day_dn":15097,"qc_day":81,"lst_night_c":23.65,"lst_night_k":296.8,"lst_night_dn":14840,"qc_night":81,"modis_row":848,"modis_col":675,"source_product":"MOD11A2.061","composite_start":"2026-09-14","units":"degC","scale_factor":0.02},"geometry":{"type":"Polygon","coordinates":[[[77.59345695059007,12.933333332171872],[77.60200719378022,12.933333332171872],[77.59941617752264,12.924999998839287],[77.59086621981247,12.924999998839287],[77.59345695059007,12.933333332171872]]]}},{"type":"Feature","properties":{"lst_c":29.07,"lst_k":302.22,"lst_day_dn":15111,"qc_day":81,"lst_night_c":23.31,"lst_night_k":296.46,"lst_night_dn":14823,"qc_night":81,"modis_row":848,"modis_col":676,"source_product":"MOD11A2.061","composite_start":"2026-09-14","units":"degC","scale_factor":0.02},"geometry":{"type":"Polygon","coordinates":[[[77.60200719378022,12.933333332171872],[77.61055743697035,12.933333332171872],[77.60796613523281,12.924999998839287],[77.59941617752264,12.924999998839287],[77.60200719378022,12.933333332171872]]]}},{"type":"Feature","properties":{"lst_c":28.97,"lst_k":302.12,"lst_day_dn":15106,"qc_day":81,"lst_night_c":22.75,"lst_night_k":295.9,"lst_night_dn":14795,"qc_night":81,"modis_row":848,"modis_col":677,"source_product":"MOD11A2.061","composite_start":"2026-09-14","units":"degC","scale_factor":0.02},"geometry":{"type":"Polygon","coordinates":[[[77.61055743697035,12.933333332171872],[77.61910768016051,12.933333332171872],[77.61651609294299,12.924999998839287],[77.60796613523281,12.924999998839287],[77.61055743697035,12.933333332171872]]]}},{"type":"Feature","properties":{"lst_c":28.09,"lst_k":301.24,"lst_day_dn":15062,"qc_day":81,"lst_night_c":21.91,"lst_night_k":295.06,"lst_night_dn":14753,"qc_night":81,"modis_row":848,"modis_col":678,"source_product":"MOD11A2.061","composite_start":"2026-09-14","units":"degC","scale_factor":0.02},"geometry":{"type":"Polygon","coordinates":[[[77.61910768016051,12.933333332171872],[77.62765792335067,12.933333332171872],[77.62506605065317,12.924999998839287],[77.61651609294299,12.924999998839287],[77.61910768016051,12.933333332171872]]]}},{"type":"Feature","properties":{"lst_c":27.29,"lst_k":300.44,"lst_day_dn":15022,"qc_day":17,"lst_night_c":21.05,"lst_night_k":294.2,"lst_night_dn":14710,"qc_night":17,"modis_row":848,"modis_col":679,"source_product":"MOD11A2.061","composite_start":"2026-09-14","units":"degC","scale_factor":0.02},"geometry":{"type":"Polygon","coordinates":[[[77.62765792335067,12.933333332171872],[77.63620816654081,12.933333332171872],[77.63361600836333,12.924999998839287],[77.62506605065317,12.924999998839287],[77.62765792335067,12.933333332171872]]]}},{"type":"Feature","properties":{"lst_c":27.13,"lst_k":300.28,"lst_day_dn":15014,"qc_day":0,"lst_night_c":20.91,"lst_night_k":294.06,"lst_night_dn":14703,"qc_night":0,"modis_row":848,"modis_col":680,"source_product":"MOD11A2.061","composite_start":"2026-09-14","units":"degC","scale_factor":0.02},"geometry":{"type":"Polygon","coordinates":[[[77.63620816654081,12.933333332171872],[77.64475840973097,12.933333332171872],[77.64216596607352,12.924999998839287],[77.63361600836333,12.924999998839287],[77.63620816654081,12.933333332171872]]]}},{"type":"Feature","properties":{"lst_c":26.79,"lst_k":299.94,"lst_day_dn":14997,"qc_day":0,"lst_night_c":19.61,"lst_night_k":292.76,"lst_night_dn":14638,"qc_night":65,"modis_row":848,"modis_col":681,"source_product":"MOD11A2.061","composite_start":"2026-09-14","units":"degC","scale_factor":0.02},"geometry":{"type":"Polygon","coordinates":[[[77.64475840973097,12.933333332171872],[77.65330865292111,12.933333332171872],[77.65071592378368,12.924999998839287],[77.64216596607352,12.924999998839287],[77.64475840973097,12.933333332171872]]]}},{"type":"Feature","properties":{"lst_c":26.31,"lst_k":299.46,"lst_day_dn":14973,"qc_day":0,"lst_night_c":19.17,"lst_night_k":292.32,"lst_night_dn":14616,"qc_night":65,"modis_row":848,"modis_col":682,"source_product":"MOD11A2.061","composite_start":"2026-09-14","units":"degC","scale_factor":0.02},"geometry":{"type":"Polygon","coordinates":[[[77.65330865292111,12.933333332171872],[77.66185889611126,12.933333332171872],[77.65926588149385,12.924999998839287],[77.65071592378368,12.924999998839287],[77.65330865292111,12.933333332171872]]]}},{"type":"Feature","properties":{"lst_c":26.27,"lst_k":299.42,"lst_day_dn":14971,"qc_day":0,"lst_night_c":15.61,"lst_night_k":288.76,"lst_night_dn":14438,"qc_night":65,"modis_row":848,"modis_col":683,"source_product":"MOD11A2.061","composite_start":"2026-09-14","units":"degC","scale_factor":0.02},"geometry":{"type":"Polygon","coordinates":[[[77.66185889611126,12.933333332171872],[77.6704091393014,12.933333332171872],[77.66781583920404,12.924999998839287],[77.65926588149385,12.924999998839287],[77.66185889611126,12.933333332171872]]]}},{"type":"Feature","properties":{"lst_c":26.47,"lst_k":299.62,"lst_day_dn":14981,"qc_day":0,"lst_night_c":12.15,"lst_night_k":285.3,"lst_night_dn":14265,"qc_night":65,"modis_row":848,"modis_col":684,"source_product":"MOD11A2.061","composite_start":"2026-09-14","units":"degC","scale_factor":0.02},"geometry":{"type":"Polygon","coordinates":[[[77.6704091393014,12.933333332171872],[77.67895938249156,12.933333332171872],[77.6763657969142,12.924999998839287],[77.66781583920404,12.924999998839287],[77.6704091393014,12.933333332171872]]]}},{"type":"Feature","properties":{"lst_c":26.81,"lst_k":299.96,"lst_day_dn":14998,"qc_day":0,"lst_night_c":null,"lst_night_k":null,"lst_night_dn":0,"qc_night":2,"modis_row":848,"modis_col":685,"source_product":"MOD11A2.061","composite_start":"2026-09-14","units":"degC","scale_factor":0.02},"geometry":{"type":"Polygon","coordinates":[[[77.67895938249156,12.933333332171872],[77.68750962568171,12.933333332171872],[77.68491575462438,12.924999998839287],[77.6763657969142,12.924999998839287],[77.67895938249156,12.933333332171872]]]}},{"type":"Feature","properties":{"lst_c":27.27,"lst_k":300.42,"lst_day_dn":15021,"qc_day":0,"lst_night_c":null,"lst_night_k":null,"lst_night_dn":0,"qc_night":2,"modis_row":848,"modis_col":686,"source_product":"MOD11A2.061","composite_start":"2026-09-14","units":"degC","scale_factor":0.02},"geometry":{"type":"Polygon","coordinates":[[[77.68750962568171,12.933333332171872],[77.69605986887186,12.933333332171872],[77.69346571233454,12.924999998839287],[77.68491575462438,12.924999998839287],[77.68750962568171,12.933333332171872]]]}},{"type":"Feature","properties":{"lst_c":27.03,"lst_k":300.18,"lst_day_dn":15009,"qc_day":0,"lst_night_c":null,"lst_night_k":null,"lst_night_dn":0,"qc_night":2,"modis_row":848,"modis_col":687,"source_product":"MOD11A2.061","composite_start":"2026-09-14","units":"degC","scale_factor":0.02},"geometry":{"type":"Polygon","coordinates":[[[77.69605986887186,12.933333332171872],[77.70461011206201,12.933333332171872],[77.70201567004473,12.924999998839287],[77.69346571233454,12.924999998839287],[77.69605986887186,12.933333332171872]]]}},{"type":"Feature","properties":{"lst_c":26.77,"lst_k":299.92,"lst_day_dn":14996,"qc_day":0,"lst_night_c":null,"lst_night_k":null,"lst_night_dn":0,"qc_night":2,"modis_row":848,"modis_col":688,"source_product":"MOD11A2.061","composite_start":"2026-09-14","units":"degC","scale_factor":0.02},"geometry":{"type":"Polygon","coordinates":[[[77.70461011206201,12.933333332171872],[77.71316035525214,12.933333332171872],[77.7105656277549,12.924999998839287],[77.70201567004473,12.924999998839287],[77.70461011206201,12.933333332171872]]]}},{"type":"Feature","properties":{"lst_c":26.73,"lst_k":299.88,"lst_day_dn":14994,"qc_day":0,"lst_night_c":null,"lst_night_k":null,"lst_night_dn":0,"qc_night":2,"modis_row":848,"modis_col":689,"source_product":"MOD11A2.061","composite_start":"2026-09-14","units":"degC","scale_factor":0.02},"geometry":{"type":"Polygon","coordinates":[[[77.71316035525214,12.933333332171872],[77.72171059844229,12.933333332171872],[77.71911558546506,12.924999998839287],[77.7105656277549,12.924999998839287],[77.71316035525214,12.933333332171872]]]}},{"type":"Feature","properties":{"lst_c":26.79,"lst_k":299.94,"lst_day_dn":14997,"qc_day":0,"lst_night_c":null,"lst_night_k":null,"lst_night_dn":0,"qc_night":2,"modis_row":848,"modis_col":690,"source_product":"MOD11A2.061","composite_start":"2026-09-14","units":"degC","scale_factor":0.02},"geometry":{"type":"Polygon","coordinates":[[[77.72171059844229,12.933333332171872],[77.73026084163243,12.933333332171872],[77.72766554317523,12.924999998839287],[77.71911558546506,12.924999998839287],[77.72171059844229,12.933333332171872]]]}},{"type":"Feature","properties":{"lst_c":26.81,"lst_k":299.96,"lst_day_dn":14998,"qc_day":0,"lst_night_c":null,"lst_night_k":null,"lst_night_dn":0,"qc_night":2,"modis_row":848,"modis_col":691,"source_product":"MOD11A2.061","composite_start":"2026-09-14","units":"degC","scale_factor":0.02},"geometry":{"type":"Polygon","coordinates":[[[77.73026084163243,12.933333332171872],[77.73881108482259,12.933333332171872],[77.7362155008854,12.924999998839287],[77.72766554317523,12.924999998839287],[77.73026084163243,12.933333332171872]]]}},{"type":"Feature","properties":{"lst_c":26.75,"lst_k":299.9,"lst_day_dn":14995,"qc_day":0,"lst_night_c":null,"lst_night_k":null,"lst_night_dn":0,"qc_night":2,"modis_row":848,"modis_col":692,"source_product":"MOD11A2.061","composite_start":"2026-09-14","units":"degC","scale_factor":0.02},"geometry":{"type":"Polygon","coordinates":[[[77.73881108482259,12.933333332171872],[77.74736132801273,12.933333332171872],[77.74476545859558,12.924999998839287],[77.7362155008854,12.924999998839287],[77.73881108482259,12.933333332171872]]]}},{"type":"Feature","properties":{"lst_c":26.81,"lst_k":299.96,"lst_day_dn":14998,"qc_day":0,"lst_night_c":null,"lst_night_k":null,"lst_night_dn":0,"qc_night":2,"modis_row":848,"modis_col":693,"source_product":"MOD11A2.061","composite_start":"2026-09-14","units":"degC","scale_factor":0.02},"geometry":{"type":"Polygon","coordinates":[[[77.74736132801273,12.933333332171872],[77.75591157120287,12.933333332171872],[77.75331541630574,12.924999998839287],[77.74476545859558,12.924999998839287],[77.74736132801273,12.933333332171872]]]}},{"type":"Feature","properties":{"lst_c":26.99,"lst_k":300.14,"lst_day_dn":15007,"qc_day":0,"lst_night_c":null,"lst_night_k":null,"lst_night_dn":0,"qc_night":2,"modis_row":848,"modis_col":694,"source_product":"MOD11A2.061","composite_start":"2026-09-14","units":"degC","scale_factor":0.02},"geometry":{"type":"Polygon","coordinates":[[[77.75591157120287,12.933333332171872],[77.76446181439303,12.933333332171872],[77.76186537401593,12.924999998839287],[77.75331541630574,12.924999998839287],[77.75591157120287,12.933333332171872]]]}},{"type":"Feature","properties":{"lst_c":27.27,"lst_k":300.42,"lst_day_dn":15021,"qc_day":0,"lst_night_c":null,"lst_night_k":null,"lst_night_dn":0,"qc_night":2,"modis_row":848,"modis_col":695,"source_product":"MOD11A2.061","composite_start":"2026-09-14","units":"degC","scale_factor":0.02},"geometry":{"type":"Polygon","coordinates":[[[77.76446181439303,12.933333332171872],[77.77301205758317,12.933333332171872],[77.7704153317261,12.924999998839287],[77.76186537401593,12.924999998839287],[77.76446181439303,12.933333332171872]]]}},{"type":"Feature","properties":{"lst_c":27.51,"lst_k":300.66,"lst_day_dn":15033,"qc_day":0,"lst_night_c":null,"lst_night_k":null,"lst_night_dn":0,"qc_night":2,"modis_row":848,"modis_col":696,"source_product":"MOD11A2.061","composite_start":"2026-09-14","units":"degC","scale_factor":0.02},"geometry":{"type":"Polygon","coordinates":[[[77.77301205758317,12.933333332171872],[77.78156230077333,12.933333332171872],[77.77896528943627,12.924999998839287],[77.7704153317261,12.924999998839287],[77.77301205758317,12.933333332171872]]]}},{"type":"Feature","properties":{"lst_c":27.57,"lst_k":300.72,"lst_day_dn":15036,"qc_day":65,"lst_night_c":19.29,"lst_night_k":292.44,"lst_night_dn":14622,"qc_night":65,"modis_row":849,"modis_col":653,"source_product":"MOD11A2.061","composite_start":"2026-09-14","units":"degC","scale_factor":0.02},"geometry":{"type":"Polygon","coordinates":[[[77.40276715018868,12.924999998839287],[77.41131710789887,12.924999998839287],[77.4087341822447,12.916666665506703],[77.4001845098146,12.916666665506703],[77.40276715018868,12.924999998839287]]]}},{"type":"Feature","properties":{"lst_c":27.21,"lst_k":300.36,"lst_day_dn":15018,"qc_day":65,"lst_night_c":19.29,"lst_night_k":292.44,"lst_night_dn":14622,"qc_night":65,"modis_row":849,"modis_col":654,"source_product":"MOD11A2.061","composite_start":"2026-09-14","units":"degC","scale_factor":0.02},"geometry":{"type":"Polygon","coordinates":[[[77.41131710789887,12.924999998839287],[77.41986706560904,12.924999998839287],[77.41728385467482,12.916666665506703],[77.4087341822447,12.916666665506703],[77.41131710789887,12.924999998839287]]]}},{"type":"Feature","properties":{"lst_c":27.09,"lst_k":300.24,"lst_day_dn":15012,"qc_day":0,"lst_night_c":null,"lst_night_k":null,"lst_night_dn":0,"qc_night":2,"modis_row":849,"modis_col":655,"source_product":"MOD11A2.061","composite_start":"2026-09-14","units":"degC","scale_factor":0.02},"geometry":{"type":"Polygon","coordinates":[[[77.41986706560904,12.924999998839287],[77.42841702331921,12.924999998839287],[77.42583352710494,12.916666665506703],[77.41728385467482,12.916666665506703],[77.41986706560904,12.924999998839287]]]}},{"type":"Feature","properties":{"lst_c":26.95,"lst_k":300.1,"lst_day_dn":15005,"qc_day":0,"lst_night_c":null,"lst_night_k":null,"lst_night_dn":0,"qc_night":2,"modis_row":849,"modis_col":656,"source_product":"MOD11A2.061","composite_start":"2026-09-14","units":"degC","scale_factor":0.02},"geometry":{"type":"Polygon","coordinates":[[[77.42841702331921,12.924999998839287],[77.43696698102939,12.924999998839287],[77.43438319953505,12.916666665506703],[77.42583352710494,12.916666665506703],[77.42841702331921,12.924999998839287]]]}},{"type":"Feature","properties":{"lst_c":26.79,"lst_k":299.94,"lst_day_dn":14997,"qc_day":0,"lst_night_c":null,"lst_night_k":null,"lst_night_dn":0,"qc_night":2,"modis_row":849,"modis_col":657,"source_product":"MOD11A2.061","composite_start":"2026-09-14","units":"degC","scale_factor":0.02},"geometry":{"type":"Polygon","coordinates":[[[77.43696698102939,12.924999998839287],[77.44551693873956,12.924999998839287],[77.44293287196517,12.916666665506703],[77.43438319953505,12.916666665506703],[77.43696698102939,12.924999998839287]]]}},{"type":"Feature","properties":{"lst_c":28.09,"lst_k":301.24,"lst_day_dn":15062,"qc_day":0,"lst_night_c":null,"lst_night_k":null,"lst_night_dn":0,"qc_night":2,"modis_row":849,"modis_col":658,"source_product":"MOD11A2.061","composite_start":"2026-09-14","units":"degC","scale_factor":0.02},"geometry":{"type":"Polygon","coordinates":[[[77.44551693873956,12.924999998839287],[77.45406689644973,12.924999998839287],[77.45148254439528,12.916666665506703],[77.44293287196517,12.916666665506703],[77.44551693873956,12.924999998839287]]]}},{"type":"Feature","properties":{"lst_c":28.51,"lst_k":301.66,"lst_day_dn":15083,"qc_day":65,"lst_night_c":null,"lst_night_k":null,"lst_night_dn":0,"qc_night":2,"modis_row":849,"modis_col":659,"source_product":"MOD11A2.061","composite_start":"2026-09-14","units":"degC","scale_factor":0.02},"geometry":{"type":"Polygon","coordinates":[[[77.45406689644973,12.924999998839287],[77.46261685415989,12.924999998839287],[77.46003221682537,12.916666665506703],[77.45148254439528,12.916666665506703],[77.45406689644973,12.924999998839287]]]}},{"type":"Feature","properties":{"lst_c":28.39,"lst_k":301.54,"lst_day_dn":15077,"qc_day":65,"lst_night_c":null,"lst_night_k":null,"lst_night_dn":0,"qc_night":2,"modis_row":849,"modis_col":660,"source_product":"MOD11A2.061","composite_start":"2026-09-14","units":"degC","scale_factor":0.02},"geometry":{"type":"Polygon","coordinates":[[[77.46261685415989,12.924999998839287],[77.47116681187006,12.924999998839287],[77.46858188925549,12.916666665506703],[77.46003221682537,12.916666665506703],[77.46261685415989,12.924999998839287]]]}},{"type":"Feature","properties":{"lst_c":27.75,"lst_k":300.9,"lst_day_dn":15045,"qc_day":65,"lst_night_c":null,"lst_night_k":null,"lst_night_dn":0,"qc_night":2,"modis_row":849,"modis_col":661,"source_product":"MOD11A2.061","composite_start":"2026-09-14","units":"degC","scale_factor":0.02},"geometry":{"type":"Polygon","coordinates":[[[77.47116681187006,12.924999998839287],[77.47971676958022,12.924999998839287],[77.47713156168561,12.916666665506703],[77.46858188925549,12.916666665506703],[77.47116681187006,12.924999998839287]]]}},{"type":"Feature","properties":{"lst_c":26.49,"lst_k":299.64,"lst_day_dn":14982,"qc_day":65,"lst_night_c":null,"lst_night_k":null,"lst_night_dn":0,"qc_night":2,"modis_row":849,"modis_col":662,"source_product":"MOD11A2.061","composite_start":"2026-09-14","units":"degC","scale_factor":0.02},"geometry":{"type":"Polygon","coordinates":[[[77.47971676958022,12.924999998839287],[77.48826672729041,12.924999998839287],[77.48568123411572,12.916666665506703],[77.47713156168561,12.916666665506703],[77.47971676958022,12.924999998839287]]]}},{"type":"Feature","properties":{"lst_c":27.61,"lst_k":300.76,"lst_day_dn":15038,"qc_day":65,"lst_night_c":null,"lst_night_k":null,"lst_night_dn":0,"qc_night":2,"modis_row":849,"modis_col":663,"source_product":"MOD11A2.061","composite_start":"2026-09-14","units":"degC","scale_factor":0.02},"geometry":{"type":"Polygon","coordinates":[[[77.48826672729041,12.924999998839287],[77.49681668500058,12.924999998839287],[77.49423090654582,12.916666665506703],[77.48568123411572,12.916666665506703],[77.48826672729041,12.924999998839287]]]}},{"type":"Feature","properties":{"lst_c":27.97,"lst_k":301.12,"lst_day_dn":15056,"qc_day":65,"lst_night_c":null,"lst_night_k":null,"lst_night_dn":0,"qc_night":2,"modis_row":849,"modis_col":664,"source_product":"MOD11A2.061","composite_start":"2026-09-14","units":"degC","scale_factor":0.02},"geometry":{"type":"Polygon","coordinates":[[[77.49681668500058,12.924999998839287],[77.50536664271075,12.924999998839287],[77.50278057897594,12.916666665506703],[77.49423090654582,12.916666665506703],[77.49681668500058,12.924999998839287]]]}},{"type":"Feature","properties":{"lst_c":27.95,"lst_k":301.1,"lst_day_dn":15055,"qc_day":0,"lst_night_c":null,"lst_night_k":null,"lst_night_dn":0,"qc_night":2,"modis_row":849,"modis_col":665,"source_product":"MOD11A2.061","composite_start":"2026-09-14","units":"degC","scale_factor":0.02},"geometry":{"type":"Polygon","coordinates":[[[77.50536664271075,12.924999998839287],[77.51391660042093,12.924999998839287],[77.51133025140606,12.916666665506703],[77.50278057897594,12.916666665506703],[77.50536664271075,12.924999998839287]]]}},{"type":"Feature","properties":{"lst_c":27.69,"lst_k":300.84,"lst_day_dn":15042,"qc_day":0,"lst_night_c":null,"lst_night_k":null,"lst_night_dn":0,"qc_night":2,"modis_row":849,"modis_col":666,"source_product":"MOD11A2.061","composite_start":"2026-09-14","units":"degC","scale_factor":0.02},"geometry":{"type":"Polygon","coordinates":[[[77.51391660042093,12.924999998839287],[77.5224665581311,12.924999998839287],[77.51987992383617,12.916666665506703],[77.51133025140606,12.916666665506703],[77.51391660042093,12.924999998839287]]]}},{"type":"Feature","properties":{"lst_c":28.01,"lst_k":301.16,"lst_day_dn":15058,"qc_day":0,"lst_night_c":null,"lst_night_k":null,"lst_night_dn":0,"qc_night":2,"modis_row":849,"modis_col":667,"source_product":"MOD11A2.061","composite_start":"2026-09-14","units":"degC","scale_factor":0.02},"geometry":{"type":"Polygon","coordinates":[[[77.5224665581311,12.924999998839287],[77.53101651584127,12.924999998839287],[77.52842959626629,12.916666665506703],[77.51987992383617,12.916666665506703],[77.5224665581311,12.924999998839287]]]}},{"type":"Feature","properties":{"lst_c":28.27,"lst_k":301.42,"lst_day_dn":15071,"qc_day":0,"lst_night_c":null,"lst_night_k":null,"lst_night_dn":0,"qc_night":2,"modis_row":849,"modis_col":668,"source_product":"MOD11A2.061","composite_start":"2026-09-14","units":"degC","scale_factor":0.02},"geometry":{"type":"Polygon","coordinates":[[[77.53101651584127,12.924999998839287],[77.53956647355145,12.924999998839287],[77.5369792686964,12.916666665506703],[77.52842959626629,12.916666665506703],[77.53101651584127,12.924999998839287]]]}},{"type":"Feature","properties":{"lst_c":28.59,"lst_k":301.74,"lst_day_dn":15087,"qc_day":81,"lst_night_c":null,"lst_night_k":null,"lst_night_dn":0,"qc_night":2,"modis_row":849,"modis_col":669,"source_product":"MOD11A2.061","composite_start":"2026-09-14","units":"degC","scale_factor":0.02},"geometry":{"type":"Polygon","coordinates":[[[77.53956647355145,12.924999998839287],[77.54811643126162,12.924999998839287],[77.5455289411265,12.916666665506703],[77.5369792686964,12.916666665506703],[77.53956647355145,12.924999998839287]]]}},{"type":"Feature","properties":{"lst_c":28.85,"lst_k":302.0,"lst_day_dn":15100,"qc_day":81,"lst_night_c":null,"lst_night_k":null,"lst_night_dn":0,"qc_night":2,"modis_row":849,"modis_col":670,"source_product":"MOD11A2.061","composite_start":"2026-09-14","units":"degC","scale_factor":0.02},"geometry":{"type":"Polygon","coordinates":[[[77.54811643126162,12.924999998839287],[77.55666638897179,12.924999998839287],[77.55407861355664,12.916666665506703],[77.5455289411265,12.916666665506703],[77.54811643126162,12.924999998839287]]]}},{"type":"Feature","properties":{"lst_c":28.91,"lst_k":302.06,"lst_day_dn":15103,"qc_day":81,"lst_night_c":null,"lst_night_k":null,"lst_night_dn":0,"qc_night":2,"modis_row":849,"modis_col":671,"source_product":"MOD11A2.061","composite_start":"2026-09-14","units":"degC","scale_factor":0.02},"geometry":{"type":"Polygon","coordinates":[[[77.55666638897179,12.924999998839287],[77.56521634668198,12.924999998839287],[77.56262828598675,12.916666665506703],[77.55407861355664,12.916666665506703],[77.55666638897179,12.924999998839287]]]}},{"type":"Feature","properties":{"lst_c":28.85,"lst_k":302.0,"lst_day_dn":15100,"qc_day":81,"lst_night_c":null,"lst_night_k":null,"lst_night_dn":0,"qc_night":2,"modis_row":849,"modis_col":672,"source_product":"MOD11A2.061","composite_start":"2026-09-14","units":"degC","scale_factor":0.02},"geometry":{"type":"Polygon","coordinates":[[[77.56521634668198,12.924999998839287],[77.57376630439214,12.924999998839287],[77.57117795841687,12.916666665506703],[77.56262828598675,12.916666665506703],[77.56521634668198,12.924999998839287]]]}},{"type":"Feature","properties":{"lst_c":28.67,"lst_k":301.82,"lst_day_dn":15091,"qc_day":81,"lst_night_c":null,"lst_night_k":null,"lst_night_dn":0,"qc_night":2,"modis_row":849,"modis_col":673,"source_product":"MOD11A2.061","composite_start":"2026-09-14","units":"degC","scale_factor":0.02},"geometry":{"type":"Polygon","coordinates":[[[77.57376630439214,12.924999998839287],[77.58231626210231,12.924999998839287],[77.57972763084697,12.916666665506703],[77.57117795841687,12.916666665506703],[77.57376630439214,12.924999998839287]]]}},{"type":"Feature","properties":{"lst_c":28.43,"lst_k":301.58,"lst_day_dn":15079,"qc_day":81,"lst_night_c":null,"lst_night_k":null,"lst_night_dn":0,"qc_night":2,"modis_row":849,"modis_col":674,"source_product":"MOD11A2.061","composite_start":"2026-09-14","units":"degC","scale_factor":0.02},"geometry":{"type":"Polygon","coordinates":[[[77.58231626210231,12.924999998839287],[77.59086621981247,12.924999998839287],[77.58827730327707,12.916666665506703],[77.57972763084697,12.916666665506703],[77.58231626210231,12.924999998839287]]]}},{"type":"Feature","properties":{"lst_c":28.27,"lst_k":301.42,"lst_day_dn":15071,"qc_day":81,"lst_night_c":23.67,"lst_night_k":296.82,"lst_night_dn":14841,"qc_night":81,"modis_row":849,"modis_col":675,"source_product":"MOD11A2.061","composite_start":"2026-09-14","units":"degC","scale_factor":0.02},"geometry":{"type":"Polygon","coordinates":[[[77.59086621981247,12.924999998839287],[77.59941617752264,12.924999998839287],[77.59682697570719,12.916666665506703],[77.58827730327707,12.916666665506703],[77.59086621981247,12.924999998839287]]]}},{"type":"Feature","properties":{"lst_c":28.77,"lst_k":301.92,"lst_day_dn":15096,"qc_day":81,"lst_night_c":23.61,"lst_night_k":296.76,"lst_night_dn":14838,"qc_night":81,"modis_row":849,"modis_col":676,"source_product":"MOD11A2.061","composite_start":"2026-09-14","units":"degC","scale_factor":0.02},"geometry":{"type":"Polygon","coordinates":[[[77.59941617752264,12.924999998839287],[77.60796613523281,12.924999998839287],[77.60537664813731,12.916666665506703],[77.59682697570719,12.916666665506703],[77.59941617752264,12.924999998839287]]]}},{"type":"Feature","properties":{"lst_c":28.95,"lst_k":302.1,"lst_day_dn":15105,"qc_day":81,"lst_night_c":23.51,"lst_night_k":296.66,"lst_night_dn":14833,"qc_night":81,"modis_row":849,"modis_col":677,"source_product":"MOD11A2.061","composite_start":"2026-09-14","units":"degC","scale_factor":0.02},"geometry":{"type":"Polygon","coordinates":[[[77.60796613523281,12.924999998839287],[77.61651609294299,12.924999998839287],[77.61392632056742,12.916666665506703],[77.60537664813731,12.916666665506703],[77.60796613523281,12.924999998839287]]]}},{"type":"Feature","properties":{"lst_c":28.67,"lst_k":301.82,"lst_day_dn":15091,"qc_day":81,"lst_night_c":22.61,"lst_night_k":295.76,"lst_night_dn":14788,"qc_night":81,"modis_row":849,"modis_col":678,"source_product":"MOD11A2.061","composite_start":"2026-09-14","units":"degC","scale_factor":0.02},"geometry":{"type":"Polygon","coordinates":[[[77.61651609294299,12.924999998839287],[77.62506605065317,12.924999998839287],[77.62247599299752,12.916666665506703],[77.61392632056742,12.916666665506703],[77.61651609294299,12.924999998839287]]]}},{"type":"Feature","properties":{"lst_c":27.69,"lst_k":300.84,"lst_day_dn":15042,"qc_day":17,"lst_night_c":22.55,"lst_night_k":295.7,"lst_night_dn":14785,"qc_night":17,"modis_row":849,"modis_col":679,"source_product":"MOD11A2.061","composite_start":"2026-09-14","units":"degC","scale_factor":0.02},"geometry":{"type":"Polygon","coordinates":[[[77.62506605065317,12.924999998839287],[77.63361600836333,12.924999998839287],[77.63102566542764,12.916666665506703],[77.62247599299752,12.916666665506703],[77.62506605065317,12.924999998839287]]]}},{"type":"Feature","properties":{"lst_c":27.49,"lst_k":300.64,"lst_day_dn":15032,"qc_day":0,"lst_night_c":22.75,"lst_night_k":295.9,"lst_night_dn":14795,"qc_night":81,"modis_row":849,"modis_col":680,"source_product":"MOD11A2.061","composite_start":"2026-09-14","units":"degC","scale_factor":0.02},"geometry":{"type":"Polygon","coordinates":[[[77.63361600836333,12.924999998839287],[77.64216596607352,12.924999998839287],[77.63957533785776,12.916666665506703],[77.63102566542764,12.916666665506703],[77.63361600836333,12.924999998839287]]]}},{"type":"Feature","properties":{"lst_c":27.21,"lst_k":300.36,"lst_day_dn":15018,"qc_day":0,"lst_night_c":21.81,"lst_night_k":294.96,"lst_night_dn":14748,"qc_night":65,"modis_row":849,"modis_col":681,"source_product":"MOD11A2.061","composite_start":"2026-09-14","units":"degC","scale_factor":0.02},"geometry":{"type":"Polygon","coordinates":[[[77.64216596607352,12.924999998839287],[77.65071592378368,12.924999998839287],[77.64812501028787,12.916666665506703],[77.63957533785776,12.916666665506703],[77.64216596607352,12.924999998839287]]]}},{"type":"Feature","properties":{"lst_c":26.75,"lst_k":299.9,"lst_day_dn":14995,"qc_day":0,"lst_night_c":20.45,"lst_night_k":293.6,"lst_night_dn":14680,"qc_night":65,"modis_row":849,"modis_col":682,"source_product":"MOD11A2.061","composite_start":"2026-09-14","units":"degC","scale_factor":0.02},"geometry":{"type":"Polygon","coordinates":[[[77.65071592378368,12.924999998839287],[77.65926588149385,12.924999998839287],[77.65667468271799,12.916666665506703],[77.64812501028787,12.916666665506703],[77.65071592378368,12.924999998839287]]]}},{"type":"Feature","properties":{"lst_c":26.41,"lst_k":299.56,"lst_day_dn":14978,"qc_day":0,"lst_night_c":19.57,"lst_night_k":292.72,"lst_night_dn":14636,"qc_night":65,"modis_row":849,"modis_col":683,"source_product":"MOD11A2.061","composite_start":"2026-09-14","units":"degC","scale_factor":0.02},"geometry":{"type":"Polygon","coordinates":[[[77.65926588149385,12.924999998839287],[77.66781583920404,12.924999998839287],[77.6652243551481,12.916666665506703],[77.65667468271799,12.916666665506703],[77.65926588149385,12.924999998839287]]]}},{"type":"Feature","properties":{"lst_c":26.77,"lst_k":299.92,"lst_day_dn":14996,"qc_day":0,"lst_night_c":null,"lst_night_k":null,"lst_night_dn":0,"qc_night":2,"modis_row":849,"modis_col":684,"source_product":"MOD11A2.061","composite_start":"2026-09-14","units":"degC","scale_factor":0.02},"geometry":{"type":"Polygon","coordinates":[[[77.66781583920404,12.924999998839287],[77.6763657969142,12.924999998839287],[77.6737740275782,12.916666665506703],[77.6652243551481,12.916666665506703],[77.66781583920404,12.924999998839287]]]}},{"type":"Feature","properties":{"lst_c":26.91,"lst_k":300.06,"lst_day_dn":15003,"qc_day":0,"lst_night_c":null,"lst_night_k":null,"lst_night_dn":0,"qc_night":2,"modis_row":849,"modis_col":685,"source_product":"MOD11A2.061","composite_start":"2026-09-14","units":"degC","scale_factor":0.02},"geometry":{"type":"Polygon","coordinates":[[[77.6763657969142,12.924999998839287],[77.68491575462438,12.924999998839287],[77.68232370000834,12.916666665506703],[77.6737740275782,12.916666665506703],[77.6763657969142,12.924999998839287]]]}},{"type":"Feature","properties":{"lst_c":26.67,"lst_k":299.82,"lst_day_dn":14991,"qc_day":0,"lst_night_c":null,"lst_night_k":null,"lst_night_dn":0,"qc_night":2,"modis_row":849,"modis_col":686,"source_product":"MOD11A2.061","composite_start":"2026-09-14","units":"degC","scale_factor":0.02},"geometry":{"type":"Polygon","coordinates":[[[77.68491575462438,12.924999998839287],[77.69346571233454,12.924999998839287],[77.69087337243845,12.916666665506703],[77.68232370000834,12.916666665506703],[77.68491575462438,12.924999998839287]]]}},{"type":"Feature","properties":{"lst_c":26.69,"lst_k":299.84,"lst_day_dn":14992,"qc_day":0,"lst_night_c":null,"lst_night_k":null,"lst_night_dn":0,"qc_night":2,"modis_row":849,"modis_col":687,"source_product":"MOD11A2.061","composite_start":"2026-09-14","units":"degC","scale_factor":0.02},"geometry":{"type":"Polygon","coordinates":[[[77.69346571233454,12.924999998839287],[77.70201567004473,12.924999998839287],[77.69942304486855,12.916666665506703],[77.69087337243845,12.916666665506703],[77.69346571233454,12.924999998839287]]]}},{"type":"Feature","properties":{"lst_c":26.79,"lst_k":299.94,"lst_day_dn":14997,"qc_day":0,"lst_night_c":null,"lst_night_k":null,"lst_night_dn":0,"qc_night":2,"modis_row":849,"modis_col":688,"source_product":"MOD11A2.061","composite_start":"2026-09-14","units":"degC","scale_factor":0.02},"geometry":{"type":"Polygon","coordinates":[[[77.70201567004473,12.924999998839287],[77.7105656277549,12.924999998839287],[77.70797271729867,12.916666665506703],[77.69942304486855,12.916666665506703],[77.70201567004473,12.924999998839287]]]}},{"type":"Feature","properties":{"lst_c":26.75,"lst_k":299.9,"lst_day_dn":14995,"qc_day":0,"lst_night_c":null,"lst_night_k":null,"lst_night_dn":0,"qc_night":2,"modis_row":849,"modis_col":689,"source_product":"MOD11A2.061","composite_start":"2026-09-14","units":"degC","scale_factor":0.02},"geometry":{"type":"Polygon","coordinates":[[[77.7105656277549,12.924999998839287],[77.71911558546506,12.924999998839287],[77.71652238972877,12.916666665506703],[77.70797271729867,12.916666665506703],[77.7105656277549,12.924999998839287]]]}},{"type":"Feature","properties":{"lst_c":26.79,"lst_k":299.94,"lst_day_dn":14997,"qc_day":0,"lst_night_c":null,"lst_night_k":null,"lst_night_dn":0,"qc_night":2,"modis_row":849,"modis_col":690,"source_product":"MOD11A2.061","composite_start":"2026-09-14","units":"degC","scale_factor":0.02},"geometry":{"type":"Polygon","coordinates":[[[77.71911558546506,12.924999998839287],[77.72766554317523,12.924999998839287],[77.72507206215889,12.916666665506703],[77.71652238972877,12.916666665506703],[77.71911558546506,12.924999998839287]]]}},{"type":"Feature","properties":{"lst_c":26.95,"lst_k":300.1,"lst_day_dn":15005,"qc_day":0,"lst_night_c":null,"lst_night_k":null,"lst_night_dn":0,"qc_night":2,"modis_row":849,"modis_col":691,"source_product":"MOD11A2.061","composite_start":"2026-09-14","units":"degC","scale_factor":0.02},"geometry":{"type":"Polygon","coordinates":[[[77.72766554317523,12.924999998839287],[77.7362155008854,12.924999998839287],[77.73362173458901,12.916666665506703],[77.72507206215889,12.916666665506703],[77.72766554317523,12.924999998839287]]]}},{"type":"Feature","properties":{"lst_c":27.29,"lst_k":300.44,"lst_day_dn":15022,"qc_day":0,"lst_night_c":null,"lst_night_k":null,"lst_night_dn":0,"qc_night":2,"modis_row":849,"modis_col":692,"source_product":"MOD11A2.061","composite_start":"2026-09-14","units":"degC","scale_factor":0.02},"geometry":{"type":"Polygon","coordinates":[[[77.7362155008854,12.924999998839287],[77.74476545859558,12.924999998839287],[77.74217140701911,12.916666665506703],[77.73362173458901,12.916666665506703],[77.7362155008854,12.924999998839287]]]}},{"type":"Feature","properties":{"lst_c":27.53,"lst_k":300.68,"lst_day_dn":15034,"qc_day":0,"lst_night_c":null,"lst_night_k":null,"lst_night_dn":0,"qc_night":2,"modis_row":849,"modis_col":693,"source_product":"MOD11A2.061","composite_start":"2026-09-14","units":"degC","scale_factor":0.02},"geometry":{"type":"Polygon","coordinates":[[[77.74476545859558,12.924999998839287],[77.75331541630574,12.924999998839287],[77.75072107944922,12.916666665506703],[77.74217140701911,12.916666665506703],[77.74476545859558,12.924999998839287]]]}},{"type":"Feature","properties":{"lst_c":27.49,"lst_k":300.64,"lst_day_dn":15032,"qc_day":0,"lst_night_c":null,"lst_night_k":null,"lst_night_dn":0,"qc_night":2,"modis_row":849,"modis_col":694,"source_product":"MOD11A2.061","composite_start":"2026-09-14","units":"degC","scale_factor":0.02},"geometry":{"type":"Polygon","coordinates":[[[77.75331541630574,12.924999998839287],[77.76186537401593,12.924999998839287],[77.75927075187934,12.916666665506703],[77.75072107944922,12.916666665506703],[77.75331541630574,12.924999998839287]]]}},{"type":"Feature","properties":{"lst_c":27.45,"lst_k":300.6,"lst_day_dn":15030,"qc_day":0,"lst_night_c":null,"lst_night_k":null,"lst_night_dn":0,"qc_night":2,"modis_row":849,"modis_col":695,"source_product":"MOD11A2.061","composite_start":"2026-09-14","units":"degC","scale_factor":0.02},"geometry":{"type":"Polygon","coordinates":[[[77.76186537401593,12.924999998839287],[77.7704153317261,12.924999998839287],[77.76782042430946,12.916666665506703],[77.75927075187934,12.916666665506703],[77.76186537401593,12.924999998839287]]]}},{"type":"Feature","properties":{"lst_c":27.61,"lst_k":300.76,"lst_day_dn":15038,"qc_day":0,"lst_night_c":null,"lst_night_k":null,"lst_night_dn":0,"qc_night":2,"modis_row":849,"modis_col":696,"source_product":"MOD11A2.061","composite_start":"2026-09-14","units":"degC","scale_factor":0.02},"geometry":{"type":"Polygon","coordinates":[[[77.7704153317261,12.924999998839287],[77.77896528943627,12.924999998839287],[77.77637009673957,12.916666665506703],[77.76782042430946,12.916666665506703],[77.7704153317261,12.924999998839287]]]}},{"type":"Feature","properties":{"lst_c":27.57,"lst_k":300.72,"lst_day_dn":15036,"qc_day":65,"lst_night_c":null,"lst_night_k":null,"lst_night_dn":0,"qc_night":2,"modis_row":850,"modis_col":653,"source_product":"MOD11A2.061","composite_start":"2026-09-14","units":"degC","scale_factor":0.02},"geometry":{"type":"Polygon","coordinates":[[[77.4001845098146,12.916666665506703],[77.4087341822447,12.916666665506703],[77.40615306634407,12.908333332174118],[77.39760367899413,12.908333332174118],[77.4001845098146,12.916666665506703]]]}},{"type":"Feature","properties":{"lst_c":27.27,"lst_k":300.42,"lst_day_dn":15021,"qc_day":65,"lst_night_c":null,"lst_night_k":null,"lst_night_dn":0,"qc_night":2,"modis_row":850,"modis_col":654,"source_product":"MOD11A2.061","composite_start":"2026-09-14","units":"degC","scale_factor":0.02},"geometry":{"type":"Polygon","coordinates":[[[77.4087341822447,12.916666665506703],[77.41728385467482,12.916666665506703],[77.41470245369402,12.908333332174118],[77.40615306634407,12.908333332174118],[77.4087341822447,12.916666665506703]]]}},{"type":"Feature","properties":{"lst_c":27.15,"lst_k":300.3,"lst_day_dn":15015,"qc_day":65,"lst_night_c":null,"lst_night_k":null,"lst_night_dn":0,"qc_night":2,"modis_row":850,"modis_col":655,"source_product":"MOD11A2.061","composite_start":"2026-09-14","units":"degC","scale_factor":0.02},"geometry":{"type":"Polygon","coordinates":[[[77.41728385467482,12.916666665506703],[77.42583352710494,12.916666665506703],[77.42325184104396,12.908333332174118],[77.41470245369402,12.908333332174118],[77.41728385467482,12.916666665506703]]]}},{"type":"Feature","properties":{"lst_c":27.23,"lst_k":300.38,"lst_day_dn":15019,"qc_day":65,"lst_night_c":null,"lst_night_k":null,"lst_night_dn":0,"qc_night":2,"modis_row":850,"modis_col":656,"source_product":"MOD11A2.061","composite_start":"2026-09-14","units":"degC","scale_factor":0.02},"geometry":{"type":"Polygon","coordinates":[[[77.42583352710494,12.916666665506703],[77.43438319953505,12.916666665506703],[77.43180122839391,12.908333332174118],[77.42325184104396,12.908333332174118],[77.42583352710494,12.916666665506703]]]}},{"type":"Feature","properties":{"lst_c":26.59,"lst_k":299.74,"lst_day_dn":14987,"qc_day":65,"lst_night_c":null,"lst_night_k":null,"lst_night_dn":0,"qc_night":2,"modis_row":850,"modis_col":657,"source_product":"MOD11A2.061","composite_start":"2026-09-14","units":"degC","scale_factor":0.02},"geometry":{"type":"Polygon","coordinates":[[[77.43438319953505,12.916666665506703],[77.44293287196517,12.916666665506703],[77.44035061574384,12.908333332174118],[77.43180122839391,12.908333332174118],[77.43438319953505,12.916666665506703]]]}},{"type":"Feature","properties":{"lst_c":26.95,"lst_k":300.1,"lst_day_dn":15005,"qc_day":65,"lst_night_c":null,"lst_night_k":null,"lst_night_dn":0,"qc_night":2,"modis_row":850,"modis_col":658,"source_product":"MOD11A2.061","composite_start":"2026-09-14","units":"degC","scale_factor":0.02},"geometry":{"type":"Polygon","coordinates":[[[77.44293287196517,12.916666665506703],[77.45148254439528,12.916666665506703],[77.44890000309378,12.908333332174118],[77.44035061574384,12.908333332174118],[77.44293287196517,12.916666665506703]]]}},{"type":"Feature","properties":{"lst_c":27.33,"lst_k":300.48,"lst_day_dn":15024,"qc_day":65,"lst_night_c":null,"lst_night_k":null,"lst_night_dn":0,"qc_night":2,"modis_row":850,"modis_col":659,"source_product":"MOD11A2.061","composite_start":"2026-09-14","units":"degC","scale_factor":0.02},"geometry":{"type":"Polygon","coordinates":[[[77.45148254439528,12.916666665506703],[77.46003221682537,12.916666665506703],[77.4574493904437,12.908333332174118],[77.44890000309378,12.908333332174118],[77.45148254439528,12.916666665506703]]]}},{"type":"Feature","properties":{"lst_c":27.65,"lst_k":300.8,"lst_day_dn":15040,"qc_day":65,"lst_night_c":null,"lst_night_k":null,"lst_night_dn":0,"qc_night":2,"modis_row":850,"modis_col":660,"source_product":"MOD11A2.061","composite_start":"2026-09-14","units":"degC","scale_factor":0.02},"geometry":{"type":"Polygon","coordinates":[[[77.46003221682537,12.916666665506703],[77.46858188925549,12.916666665506703],[77.46599877779363,12.908333332174118],[77.4574493904437,12.908333332174118],[77.46003221682537,12.916666665506703]]]}},{"type":"Feature","properties":{"lst_c":27.79,"lst_k":300.94,"lst_day_dn":15047,"qc_day":65,"lst_night_c":null,"lst_night_k":null,"lst_night_dn":0,"qc_night":2,"modis_row":850,"modis_col":661,"source_product":"MOD11A2.061","composite_start":"2026-09-14","units":"degC","scale_factor":0.02},"geometry":{"type":"Polygon","coordinates":[[[77.46858188925549,12.916666665506703],[77.47713156168561,12.916666665506703],[77.47454816514359,12.908333332174118],[77.46599877779363,12.908333332174118],[77.46858188925549,12.916666665506703]]]}},{"type":"Feature","properties":{"lst_c":26.47,"lst_k":299.62,"lst_day_dn":14981,"qc_day":65,"lst_night_c":null,"lst_night_k":null,"lst_night_dn":0,"qc_night":2,"modis_row":850,"modis_col":662,"source_product":"MOD11A2.061","composite_start":"2026-09-14","units":"degC","scale_factor":0.02},"geometry":{"type":"Polygon","coordinates":[[[77.47713156168561,12.916666665506703],[77.48568123411572,12.916666665506703],[77.48309755249352,12.908333332174118],[77.47454816514359,12.908333332174118],[77.47713156168561,12.916666665506703]]]}},{"type":"Feature","properties":{"lst_c":26.79,"lst_k":299.94,"lst_day_dn":14997,"qc_day":65,"lst_night_c":null,"lst_night_k":null,"lst_night_dn":0,"qc_night":2,"modis_row":850,"modis_col":663,"source_product":"MOD11A2.061","composite_start":"2026-09-14","units":"degC","scale_factor":0.02},"geometry":{"type":"Polygon","coordinates":[[[77.48568123411572,12.916666665506703],[77.49423090654582,12.916666665506703],[77.49164693984346,12.908333332174118],[77.48309755249352,12.908333332174118],[77.48568123411572,12.916666665506703]]]}},{"type":"Feature","properties":{"lst_c":27.17,"lst_k":300.32,"lst_day_dn":15016,"qc_day":65,"lst_night_c":null,"lst_night_k":null,"lst_night_dn":0,"qc_night":2,"modis_row":850,"modis_col":664,"source_product":"MOD11A2.061","composite_start":"2026-09-14","units":"degC","scale_factor":0.02},"geometry":{"type":"Polygon","coordinates":[[[77.49423090654582,12.916666665506703],[77.50278057897594,12.916666665506703],[77.50019632719341,12.908333332174118],[77.49164693984346,12.908333332174118],[77.49423090654582,12.916666665506703]]]}},{"type":"Feature","properties":{"lst_c":26.71,"lst_k":299.86,"lst_day_dn":14993,"qc_day":65,"lst_night_c":null,"lst_night_k":null,"lst_night_dn":0,"qc_night":2,"modis_row":850,"modis_col":665,"source_product":"MOD11A2.061","composite_start":"2026-09-14","units":"degC","scale_factor":0.02},"geometry":{"type":"Polygon","coordinates":[[[77.50278057897594,12.916666665506703],[77.51133025140606,12.916666665506703],[77.50874571454334,12.908333332174118],[77.50019632719341,12.908333332174118],[77.50278057897594,12.916666665506703]]]}},{"type":"Feature","properties":{"lst_c":26.31,"lst_k":299.46,"lst_day_dn":14973,"qc_day":65,"lst_night_c":null,"lst_night_k":null,"lst_night_dn":0,"qc_night":2,"modis_row":850,"modis_col":666,"source_product":"MOD11A2.061","composite_start":"2026-09-14","units":"degC","scale_factor":0.02},"geometry":{"type":"Polygon","coordinates":[[[77.51133025140606,12.916666665506703],[77.51987992383617,12.916666665506703],[77.51729510189328,12.908333332174118],[77.50874571454334,12.908333332174118],[77.51133025140606,12.916666665506703]]]}},{"type":"Feature","properties":{"lst_c":26.83,"lst_k":299.98,"lst_day_dn":14999,"qc_day":65,"lst_night_c":null,"lst_night_k":null,"lst_night_dn":0,"qc_night":2,"modis_row":850,"modis_col":667,"source_product":"MOD11A2.061","composite_start":"2026-09-14","units":"degC","scale_factor":0.02},"geometry":{"type":"Polygon","coordinates":[[[77.51987992383617,12.916666665506703],[77.52842959626629,12.916666665506703],[77.52584448924321,12.908333332174118],[77.51729510189328,12.908333332174118],[77.51987992383617,12.916666665506703]]]}},{"type":"Feature","properties":{"lst_c":27.37,"lst_k":300.52,"lst_day_dn":15026,"qc_day":81,"lst_night_c":null,"lst_night_k":null,"lst_night_dn":0,"qc_night":2,"modis_row":850,"modis_col":668,"source_product":"MOD11A2.061","composite_start":"2026-09-14","units":"degC","scale_factor":0.02},"geometry":{"type":"Polygon","coordinates":[[[77.52842959626629,12.916666665506703],[77.5369792686964,12.916666665506703],[77.53439387659316,12.908333332174118],[77.52584448924321,12.908333332174118],[77.52842959626629,12.916666665506703]]]}},{"type":"Feature","properties":{"lst_c":27.93,"lst_k":301.08,"lst_day_dn":15054,"qc_day":81,"lst_night_c":null,"lst_night_k":null,"lst_night_dn":0,"qc_night":2,"modis_row":850,"modis_col":669,"source_product":"MOD11A2.061","composite_start":"2026-09-14","units":"degC","scale_factor":0.02},"geometry":{"type":"Polygon","coordinates":[[[77.5369792686964,12.916666665506703],[77.5455289411265,12.916666665506703],[77.5429432639431,12.908333332174118],[77.53439387659316,12.908333332174118],[77.5369792686964,12.916666665506703]]]}},{"type":"Feature","properties":{"lst_c":28.81,"lst_k":301.96,"lst_day_dn":15098,"qc_day":81,"lst_night_c":null,"lst_night_k":null,"lst_night_dn":0,"qc_night":2,"modis_row":850,"modis_col":670,"source_product":"MOD11A2.061","composite_start":"2026-09-14","units":"degC","scale_factor":0.02},"geometry":{"type":"Polygon","coordinates":[[[77.5455289411265,12.916666665506703],[77.55407861355664,12.916666665506703],[77.55149265129305,12.908333332174118],[77.5429432639431,12.908333332174118],[77.5455289411265,12.916666665506703]]]}},{"type":"Feature","properties":{"lst_c":28.75,"lst_k":301.9,"lst_day_dn":15095,"qc_day":81,"lst_night_c":null,"lst_night_k":null,"lst_night_dn":0,"qc_night":2,"modis_row":850,"modis_col":671,"source_product":"MOD11A2.061","composite_start":"2026-09-14","units":"degC","scale_factor":0.02},"geometry":{"type":"Polygon","coordinates":[[[77.55407861355664,12.916666665506703],[77.56262828598675,12.916666665506703],[77.56004203864298,12.908333332174118],[77.55149265129305,12.908333332174118],[77.55407861355664,12.916666665506703]]]}},{"type":"Feature","properties":{"lst_c":28.75,"lst_k":301.9,"lst_day_dn":15095,"qc_day":81,"lst_night_c":null,"lst_night_k":null,"lst_night_dn":0,"qc_night":2,"modis_row":850,"modis_col":672,"source_product":"MOD11A2.061","composite_start":"2026-09-14","units":"degC","scale_factor":0.02},"geometry":{"type":"Polygon","coordinates":[[[77.56262828598675,12.916666665506703],[77.57117795841687,12.916666665506703],[77.56859142599292,12.908333332174118],[77.56004203864298,12.908333332174118],[77.56262828598675,12.916666665506703]]]}},{"type":"Feature","properties":{"lst_c":28.67,"lst_k":301.82,"lst_day_dn":15091,"qc_day":81,"lst_night_c":null,"lst_night_k":null,"lst_night_dn":0,"qc_night":2,"modis_row":850,"modis_col":673,"source_product":"MOD11A2.061","composite_start":"2026-09-14","units":"degC","scale_factor":0.02},"geometry":{"type":"Polygon","coordinates":[[[77.57117795841687,12.916666665506703],[77.57972763084697,12.916666665506703],[77.57714081334285,12.908333332174118],[77.56859142599292,12.908333332174118],[77.57117795841687,12.916666665506703]]]}},{"type":"Feature","properties":{"lst_c":28.27,"lst_k":301.42,"lst_day_dn":15071,"qc_day":81,"lst_night_c":null,"lst_night_k":null,"lst_night_dn":0,"qc_night":2,"modis_row":850,"modis_col":674,"source_product":"MOD11A2.061","composite_start":"2026-09-14","units":"degC","scale_factor":0.02},"geometry":{"type":"Polygon","coordinates":[[[77.57972763084697,12.916666665506703],[77.58827730327707,12.916666665506703],[77.58569020069278,12.908333332174118],[77.57714081334285,12.908333332174118],[77.57972763084697,12.916666665506703]]]}},{"type":"Feature","properties":{"lst_c":27.95,"lst_k":301.1,"lst_day_dn":15055,"qc_day":81,"lst_night_c":null,"lst_night_k":null,"lst_night_dn":0,"qc_night":2,"modis_row":850,"modis_col":675,"source_product":"MOD11A2.061","composite_start":"2026-09-14","units":"degC","scale_factor":0.02},"geometry":{"type":"Polygon","coordinates":[[[77.58827730327707,12.916666665506703],[77.59682697570719,12.916666665506703],[77.59423958804273,12.908333332174118],[77.58569020069278,12.908333332174118],[77.58827730327707,12.916666665506703]]]}},{"type":"Feature","properties":{"lst_c":27.93,"lst_k":301.08,"lst_day_dn":15054,"qc_day":81,"lst_night_c":23.57,"lst_night_k":296.72,"lst_night_dn":14836,"qc_night":81,"modis_row":850,"modis_col":676,"source_product":"MOD11A2.061","composite_start":"2026-09-14","units":"degC","scale_factor":0.02},"geometry":{"type":"Polygon","coordinates":[[[77.59682697570719,12.916666665506703],[77.60537664813731,12.916666665506703],[77.60278897539267,12.908333332174118],[77.59423958804273,12.908333332174118],[77.59682697570719,12.916666665506703]]]}},{"type":"Feature","properties":{"lst_c":28.09,"lst_k":301.24,"lst_day_dn":15062,"qc_day":81,"lst_night_c":23.01,"lst_night_k":296.16,"lst_night_dn":14808,"qc_night":65,"modis_row":850,"modis_col":677,"source_product":"MOD11A2.061","composite_start":"2026-09-14","units":"degC","scale_factor":0.02},"geometry":{"type":"Polygon","coordinates":[[[77.60537664813731,12.916666665506703],[77.61392632056742,12.916666665506703],[77.6113383627426,12.908333332174118],[77.60278897539267,12.908333332174118],[77.60537664813731,12.916666665506703]]]}},{"type":"Feature","properties":{"lst_c":28.19,"lst_k":301.34,"lst_day_dn":15067,"qc_day":81,"lst_night_c":22.49,"lst_night_k":295.64,"lst_night_dn":14782,"qc_night":81,"modis_row":850,"modis_col":678,"source_product":"MOD11A2.061","composite_start":"2026-09-14","units":"degC","scale_factor":0.02},"geometry":{"type":"Polygon","coordinates":[[[77.61392632056742,12.916666665506703],[77.62247599299752,12.916666665506703],[77.61988775009254,12.908333332174118],[77.6113383627426,12.908333332174118],[77.61392632056742,12.916666665506703]]]}},{"type":"Feature","properties":{"lst_c":28.17,"lst_k":301.32,"lst_day_dn":15066,"qc_day":81,"lst_night_c":22.43,"lst_night_k":295.58,"lst_night_dn":14779,"qc_night":81,"modis_row":850,"modis_col":679,"source_product":"MOD11A2.061","composite_start":"2026-09-14","units":"degC","scale_factor":0.02},"geometry":{"type":"Polygon","coordinates":[[[77.62247599299752,12.916666665506703],[77.63102566542764,12.916666665506703],[77.62843713744248,12.908333332174118],[77.61988775009254,12.908333332174118],[77.62247599299752,12.916666665506703]]]}},{"type":"Feature","properties":{"lst_c":28.03,"lst_k":301.18,"lst_day_dn":15059,"qc_day":81,"lst_night_c":22.81,"lst_night_k":295.96,"lst_night_dn":14798,"qc_night":81,"modis_row":850,"modis_col":680,"source_product":"MOD11A2.061","composite_start":"2026-09-14","units":"degC","scale_factor":0.02},"geometry":{"type":"Polygon","coordinates":[[[77.63102566542764,12.916666665506703],[77.63957533785776,12.916666665506703],[77.63698652479242,12.908333332174118],[77.62843713744248,12.908333332174118],[77.63102566542764,12.916666665506703]]]}},{"type":"Feature","properties":{"lst_c":27.85,"lst_k":301.0,"lst_day_dn":15050,"qc_day":81,"lst_night_c":22.85,"lst_night_k":296.0,"lst_night_dn":14800,"qc_night":81,"modis_row":850,"modis_col":681,"source_product":"MOD11A2.061","composite_start":"2026-09-14","units":"degC","scale_factor":0.02},"geometry":{"type":"Polygon","coordinates":[[[77.63957533785776,12.916666665506703],[77.64812501028787,12.916666665506703],[77.64553591214235,12.908333332174118],[77.63698652479242,12.908333332174118],[77.63957533785776,12.916666665506703]]]}},{"type":"Feature","properties":{"lst_c":27.59,"lst_k":300.74,"lst_day_dn":15037,"qc_day":0,"lst_night_c":21.11,"lst_night_k":294.26,"lst_night_dn":14713,"qc_night":65,"modis_row":850,"modis_col":682,"source_product":"MOD11A2.061","composite_start":"2026-09-14","units":"degC","scale_factor":0.02},"geometry":{"type":"Polygon","coordinates":[[[77.64812501028787,12.916666665506703],[77.65667468271799,12.916666665506703],[77.6540852994923,12.908333332174118],[77.64553591214235,12.908333332174118],[77.64812501028787,12.916666665506703]]]}},{"type":"Feature","properties":{"lst_c":26.31,"lst_k":299.46,"lst_day_dn":14973,"qc_day":0,"lst_night_c":19.49,"lst_night_k":292.64,"lst_night_dn":14632,"qc_night":65,"modis_row":850,"modis_col":683,"source_product":"MOD11A2.061","composite_start":"2026-09-14","units":"degC","scale_factor":0.02},"geometry":{"type":"Polygon","coordinates":[[[77.65667468271799,12.916666665506703],[77.6652243551481,12.916666665506703],[77.66263468684224,12.908333332174118],[77.6540852994923,12.908333332174118],[77.65667468271799,12.916666665506703]]]}},{"type":"Feature","properties":{"lst_c":26.45,"lst_k":299.6,"lst_day_dn":14980,"qc_day":0,"lst_night_c":19.53,"lst_night_k":292.68,"lst_night_dn":14634,"qc_night":65,"modis_row":850,"modis_col":684,"source_product":"MOD11A2.061","composite_start":"2026-09-14","units":"degC","scale_factor":0.02},"geometry":{"type":"Polygon","coordinates":[[[77.6652243551481,12.916666665506703],[77.6737740275782,12.916666665506703],[77.67118407419218,12.908333332174118],[77.66263468684224,12.908333332174118],[77.6652243551481,12.916666665506703]]]}},{"type":"Feature","properties":{"lst_c":26.75,"lst_k":299.9,"lst_day_dn":14995,"qc_day":0,"lst_night_c":19.51,"lst_night_k":292.66,"lst_night_dn":14633,"qc_night":65,"modis_row":850,"modis_col":685,"source_product":"MOD11A2.061","composite_start":"2026-09-14","units":"degC","scale_factor":0.02},"geometry":{"type":"Polygon","coordinates":[[[77.6737740275782,12.916666665506703],[77.68232370000834,12.916666665506703],[77.67973346154213,12.908333332174118],[77.67118407419218,12.908333332174118],[77.6737740275782,12.916666665506703]]]}},{"type":"Feature","properties":{"lst_c":26.71,"lst_k":299.86,"lst_day_dn":14993,"qc_day":0,"lst_night_c":null,"lst_night_k":null,"lst_night_dn":0,"qc_night":2,"modis_row":850,"modis_col":686,"source_product":"MOD11A2.061","composite_start":"2026-09-14","units":"degC","scale_factor":0.02},"geometry":{"type":"Polygon","coordinates":[[[77.68232370000834,12.916666665506703],[77.69087337243845,12.916666665506703],[77.68828284889206,12.908333332174118],[77.67973346154213,12.908333332174118],[77.68232370000834,12.916666665506703]]]}},{"type":"Feature","properties":{"lst_c":26.69,"lst_k":299.84,"lst_day_dn":14992,"qc_day":0,"lst_night_c":null,"lst_night_k":null,"lst_night_dn":0,"qc_night":2,"modis_row":850,"modis_col":687,"source_product":"MOD11A2.061","composite_start":"2026-09-14","units":"degC","scale_factor":0.02},"geometry":{"type":"Polygon","coordinates":[[[77.69087337243845,12.916666665506703],[77.69942304486855,12.916666665506703],[77.696832236242,12.908333332174118],[77.68828284889206,12.908333332174118],[77.69087337243845,12.916666665506703]]]}},{"type":"Feature","properties":{"lst_c":26.81,"lst_k":299.96,"lst_day_dn":14998,"qc_day":0,"lst_night_c":null,"lst_night_k":null,"lst_night_dn":0,"qc_night":2,"modis_row":850,"modis_col":688,"source_product":"MOD11A2.061","composite_start":"2026-09-14","units":"degC","scale_factor":0.02},"geometry":{"type":"Polygon","coordinates":[[[77.69942304486855,12.916666665506703],[77.70797271729867,12.916666665506703],[77.70538162359193,12.908333332174118],[77.696832236242,12.908333332174118],[77.69942304486855,12.916666665506703]]]}},{"type":"Feature","properties":{"lst_c":26.81,"lst_k":299.96,"lst_day_dn":14998,"qc_day":0,"lst_night_c":null,"lst_night_k":null,"lst_night_dn":0,"qc_night":2,"modis_row":850,"modis_col":689,"source_product":"MOD11A2.061","composite_start":"2026-09-14","units":"degC","scale_factor":0.02},"geometry":{"type":"Polygon","coordinates":[[[77.70797271729867,12.916666665506703],[77.71652238972877,12.916666665506703],[77.71393101094186,12.908333332174118],[77.70538162359193,12.908333332174118],[77.70797271729867,12.916666665506703]]]}},{"type":"Feature","properties":{"lst_c":26.93,"lst_k":300.08,"lst_day_dn":15004,"qc_day":0,"lst_night_c":null,"lst_night_k":null,"lst_night_dn":0,"qc_night":2,"modis_row":850,"modis_col":690,"source_product":"MOD11A2.061","composite_start":"2026-09-14","units":"degC","scale_factor":0.02},"geometry":{"type":"Polygon","coordinates":[[[77.71652238972877,12.916666665506703],[77.72507206215889,12.916666665506703],[77.72248039829181,12.908333332174118],[77.71393101094186,12.908333332174118],[77.71652238972877,12.916666665506703]]]}},{"type":"Feature","properties":{"lst_c":26.93,"lst_k":300.08,"lst_day_dn":15004,"qc_day":0,"lst_night_c":null,"lst_night_k":null,"lst_night_dn":0,"qc_night":2,"modis_row":850,"modis_col":691,"source_product":"MOD11A2.061","composite_start":"2026-09-14","units":"degC","scale_factor":0.02},"geometry":{"type":"Polygon","coordinates":[[[77.72507206215889,12.916666665506703],[77.73362173458901,12.916666665506703],[77.73102978564174,12.908333332174118],[77.72248039829181,12.908333332174118],[77.72507206215889,12.916666665506703]]]}},{"type":"Feature","properties":{"lst_c":27.21,"lst_k":300.36,"lst_day_dn":15018,"qc_day":0,"lst_night_c":null,"lst_night_k":null,"lst_night_dn":0,"qc_night":2,"modis_row":850,"modis_col":692,"source_product":"MOD11A2.061","composite_start":"2026-09-14","units":"degC","scale_factor":0.02},"geometry":{"type":"Polygon","coordinates":[[[77.73362173458901,12.916666665506703],[77.74217140701911,12.916666665506703],[77.73957917299168,12.908333332174118],[77.73102978564174,12.908333332174118],[77.73362173458901,12.916666665506703]]]}},{"type":"Feature","properties":{"lst_c":27.25,"lst_k":300.4,"lst_day_dn":15020,"qc_day":0,"lst_night_c":null,"lst_night_k":null,"lst_night_dn":0,"qc_night":2,"modis_row":850,"modis_col":693,"source_product":"MOD11A2.061","composite_start":"2026-09-14","units":"degC","scale_factor":0.02},"geometry":{"type":"Polygon","coordinates":[[[77.74217140701911,12.916666665506703],[77.75072107944922,12.916666665506703],[77.74812856034161,12.908333332174118],[77.73957917299168,12.908333332174118],[77.74217140701911,12.916666665506703]]]}},{"type":"Feature","properties":{"lst_c":27.25,"lst_k":300.4,"lst_day_dn":15020,"qc_day":0,"lst_night_c":null,"lst_night_k":null,"lst_night_dn":0,"qc_night":2,"modis_row":850,"modis_col":694,"source_product":"MOD11A2.061","composite_start":"2026-09-14","units":"degC","scale_factor":0.02},"geometry":{"type":"Polygon","coordinates":[[[77.75072107944922,12.916666665506703],[77.75927075187934,12.916666665506703],[77.75667794769156,12.908333332174118],[77.74812856034161,12.908333332174118],[77.75072107944922,12.916666665506703]]]}},{"type":"Feature","properties":{"lst_c":27.33,"lst_k":300.48,"lst_day_dn":15024,"qc_day":0,"lst_night_c":null,"lst_night_k":null,"lst_night_dn":0,"qc_night":2,"modis_row":850,"modis_col":695,"source_product":"MOD11A2.061","composite_start":"2026-09-14","units":"degC","scale_factor":0.02},"geometry":{"type":"Polygon","coordinates":[[[77.75927075187934,12.916666665506703],[77.76782042430946,12.916666665506703],[77.7652273350415,12.908333332174118],[77.75667794769156,12.908333332174118],[77.75927075187934,12.916666665506703]]]}},{"type":"Feature","properties":{"lst_c":27.45,"lst_k":300.6,"lst_day_dn":15030,"qc_day":0,"lst_night_c":null,"lst_night_k":null,"lst_night_dn":0,"qc_night":2,"modis_row":850,"modis_col":696,"source_product":"MOD11A2.061","composite_start":"2026-09-14","units":"degC","scale_factor":0.02},"geometry":{"type":"Polygon","coordinates":[[[77.76782042430946,12.916666665506703],[77.77637009673957,12.916666665506703],[77.77377672239143,12.908333332174118],[77.7652273350415,12.908333332174118],[77.76782042430946,12.916666665506703]]]}},{"type":"Feature","properties":{"lst_c":27.65,"lst_k":300.8,"lst_day_dn":15040,"qc_day":65,"lst_night_c":null,"lst_night_k":null,"lst_night_dn":0,"qc_night":2,"modis_row":851,"modis_col":660,"source_product":"MOD11A2.061","composite_start":"2026-09-14","units":"degC","scale_factor":0.02},"geometry":{"type":"Polygon","coordinates":[[[77.4574493904437,12.908333332174118],[77.46599877779363,12.908333332174118],[77.46341747719401,12.899999998841533],[77.45486837472441,12.899999998841533],[77.4574493904437,12.908333332174118]]]}},{"type":"Feature","properties":{"lst_c":26.49,"lst_k":299.64,"lst_day_dn":14982,"qc_day":65,"lst_night_c":null,"lst_night_k":null,"lst_night_dn":0,"qc_night":2,"modis_row":851,"modis_col":662,"source_product":"MOD11A2.061","composite_start":"2026-09-14","units":"degC","scale_factor":0.02},"geometry":{"type":"Polygon","coordinates":[[[77.47454816514359,12.908333332174118],[77.48309755249352,12.908333332174118],[77.48051568213326,12.899999998841533],[77.47196657966364,12.899999998841533],[77.47454816514359,12.908333332174118]]]}},{"type":"Feature","properties":{"lst_c":26.49,"lst_k":299.64,"lst_day_dn":14982,"qc_day":65,"lst_night_c":null,"lst_night_k":null,"lst_night_dn":0,"qc_night":2,"modis_row":851,"modis_col":663,"source_product":"MOD11A2.061","composite_start":"2026-09-14","units":"degC","scale_factor":0.02},"geometry":{"type":"Polygon","coordinates":[[[77.48309755249352,12.908333332174118],[77.49164693984346,12.908333332174118],[77.48906478460287,12.899999998841533],[77.48051568213326,12.899999998841533],[77.48309755249352,12.908333332174118]]]}},{"type":"Feature","properties":{"lst_c":25.33,"lst_k":298.48,"lst_day_dn":14924,"qc_day":65,"lst_night_c":null,"lst_night_k":null,"lst_night_dn":0,"qc_night":2,"modis_row":851,"modis_col":664,"source_product":"MOD11A2.061","composite_start":"2026-09-14","units":"degC","scale_factor":0.02},"geometry":{"type":"Polygon","coordinates":[[[77.49164693984346,12.908333332174118],[77.50019632719341,12.908333332174118],[77.49761388707249,12.899999998841533],[77.48906478460287,12.899999998841533],[77.49164693984346,12.908333332174118]]]}},{"type":"Feature","properties":{"lst_c":25.33,"lst_k":298.48,"lst_day_dn":14924,"qc_day":65,"lst_night_c":null,"lst_night_k":null,"lst_night_dn":0,"qc_night":2,"modis_row":851,"modis_col":665,"source_product":"MOD11A2.061","composite_start":"2026-09-14","units":"degC","scale_factor":0.02},"geometry":{"type":"Polygon","coordinates":[[[77.50019632719341,12.908333332174118],[77.50874571454334,12.908333332174118],[77.50616298954212,12.899999998841533],[77.49761388707249,12.899999998841533],[77.50019632719341,12.908333332174118]]]}},{"type":"Feature","properties":{"lst_c":26.23,"lst_k":299.38,"lst_day_dn":14969,"qc_day":65,"lst_night_c":null,"lst_night_k":null,"lst_night_dn":0,"qc_night":2,"modis_row":851,"modis_col":666,"source_product":"MOD11A2.061","composite_start":"2026-09-14","units":"degC","scale_factor":0.02},"geometry":{"type":"Polygon","coordinates":[[[77.50874571454334,12.908333332174118],[77.51729510189328,12.908333332174118],[77.51471209201172,12.899999998841533],[77.50616298954212,12.899999998841533],[77.50874571454334,12.908333332174118]]]}},{"type":"Feature","properties":{"lst_c":26.99,"lst_k":300.14,"lst_day_dn":15007,"qc_day":65,"lst_night_c":null,"lst_night_k":null,"lst_night_dn":0,"qc_night":2,"modis_row":851,"modis_col":667,"source_product":"MOD11A2.061","composite_start":"2026-09-14","units":"degC","scale_factor":0.02},"geometry":{"type":"Polygon","coordinates":[[[77.51729510189328,12.908333332174118],[77.52584448924321,12.908333332174118],[77.52326119448135,12.899999998841533],[77.51471209201172,12.899999998841533],[77.51729510189328,12.908333332174118]]]}},{"type":"Feature","properties":{"lst_c":27.43,"lst_k":300.58,"lst_day_dn":15029,"qc_day":65,"lst_night_c":null,"lst_night_k":null,"lst_night_dn":0,"qc_night":2,"modis_row":851,"modis_col":668,"source_product":"MOD11A2.061","composite_start":"2026-09-14","units":"degC","scale_factor":0.02},"geometry":{"type":"Polygon","coordinates":[[[77.52584448924321,12.908333332174118],[77.53439387659316,12.908333332174118],[77.53181029695097,12.899999998841533],[77.52326119448135,12.899999998841533],[77.52584448924321,12.908333332174118]]]}},{"type":"Feature","properties":{"lst_c":27.39,"lst_k":300.54,"lst_day_dn":15027,"qc_day":65,"lst_night_c":null,"lst_night_k":null,"lst_night_dn":0,"qc_night":2,"modis_row":851,"modis_col":669,"source_product":"MOD11A2.061","composite_start":"2026-09-14","units":"degC","scale_factor":0.02},"geometry":{"type":"Polygon","coordinates":[[[77.53439387659316,12.908333332174118],[77.5429432639431,12.908333332174118],[77.54035939942058,12.899999998841533],[77.53181029695097,12.899999998841533],[77.53439387659316,12.908333332174118]]]}},{"type":"Feature","properties":{"lst_c":28.61,"lst_k":301.76,"lst_day_dn":15088,"qc_day":65,"lst_night_c":null,"lst_night_k":null,"lst_night_dn":0,"qc_night":2,"modis_row":851,"modis_col":670,"source_product":"MOD11A2.061","composite_start":"2026-09-14","units":"degC","scale_factor":0.02},"geometry":{"type":"Polygon","coordinates":[[[77.5429432639431,12.908333332174118],[77.55149265129305,12.908333332174118],[77.5489085018902,12.899999998841533],[77.54035939942058,12.899999998841533],[77.5429432639431,12.908333332174118]]]}},{"type":"Feature","properties":{"lst_c":28.63,"lst_k":301.78,"lst_day_dn":15089,"qc_day":81,"lst_night_c":null,"lst_night_k":null,"lst_night_dn":0,"qc_night":2,"modis_row":851,"modis_col":671,"source_product":"MOD11A2.061","composite_start":"2026-09-14","units":"degC","scale_factor":0.02},"geometry":{"type":"Polygon","coordinates":[[[77.55149265129305,12.908333332174118],[77.56004203864298,12.908333332174118],[77.55745760435981,12.899999998841533],[77.5489085018902,12.899999998841533],[77.55149265129305,12.908333332174118]]]}},{"type":"Feature","properties":{"lst_c":28.67,"lst_k":301.82,"lst_day_dn":15091,"qc_day":81,"lst_night_c":null,"lst_night_k":null,"lst_night_dn":0,"qc_night":2,"modis_row":851,"modis_col":672,"source_product":"MOD11A2.061","composite_start":"2026-09-14","units":"degC","scale_factor":0.02},"geometry":{"type":"Polygon","coordinates":[[[77.56004203864298,12.908333332174118],[77.56859142599292,12.908333332174118],[77.56600670682943,12.899999998841533],[77.55745760435981,12.899999998841533],[77.56004203864298,12.908333332174118]]]}},{"type":"Feature","properties":{"lst_c":28.77,"lst_k":301.92,"lst_day_dn":15096,"qc_day":81,"lst_night_c":null,"lst_night_k":null,"lst_night_dn":0,"qc_night":2,"modis_row":851,"modis_col":673,"source_product":"MOD11A2.061","composite_start":"2026-09-14","units":"degC","scale_factor":0.02},"geometry":{"type":"Polygon","coordinates":[[[77.56859142599292,12.908333332174118],[77.57714081334285,12.908333332174118],[77.57455580929906,12.899999998841533],[77.56600670682943,12.899999998841533],[77.56859142599292,12.908333332174118]]]}},{"type":"Feature","properties":{"lst_c":28.09,"lst_k":301.24,"lst_day_dn":15062,"qc_day":81,"lst_night_c":null,"lst_night_k":null,"lst_night_dn":0,"qc_night":2,"modis_row":851,"modis_col":674,"source_product":"MOD11A2.061","composite_start":"2026-09-14","units":"degC","scale_factor":0.02},"geometry":{"type":"Polygon","coordinates":[[[77.57714081334285,12.908333332174118],[77.58569020069278,12.908333332174118],[77.58310491176864,12.899999998841533],[77.57455580929906,12.899999998841533],[77.57714081334285,12.908333332174118]]]}},{"type":"Feature","properties":{"lst_c":27.97,"lst_k":301.12,"lst_day_dn":15056,"qc_day":81,"lst_night_c":null,"lst_night_k":null,"lst_night_dn":0,"qc_night":2,"modis_row":851,"modis_col":675,"source_product":"MOD11A2.061","composite_start":"2026-09-14","units":"degC","scale_factor":0.02},"geometry":{"type":"Polygon","coordinates":[[[77.58569020069278,12.908333332174118],[77.59423958804273,12.908333332174118],[77.59165401423827,12.899999998841533],[77.58310491176864,12.899999998841533],[77.58569020069278,12.908333332174118]]]}},{"type":"Feature","properties":{"lst_c":27.89,"lst_k":301.04,"lst_day_dn":15052,"qc_day":81,"lst_night_c":null,"lst_night_k":null,"lst_night_dn":0,"qc_night":2,"modis_row":851,"modis_col":676,"source_product":"MOD11A2.061","composite_start":"2026-09-14","units":"degC","scale_factor":0.02},"geometry":{"type":"Polygon","coordinates":[[[77.59423958804273,12.908333332174118],[77.60278897539267,12.908333332174118],[77.60020311670787,12.899999998841533],[77.59165401423827,12.899999998841533],[77.59423958804273,12.908333332174118]]]}},{"type":"Feature","properties":{"lst_c":27.81,"lst_k":300.96,"lst_day_dn":15048,"qc_day":17,"lst_night_c":22.25,"lst_night_k":295.4,"lst_night_dn":14770,"qc_night":65,"modis_row":851,"modis_col":677,"source_product":"MOD11A2.061","composite_start":"2026-09-14","units":"degC","scale_factor":0.02},"geometry":{"type":"Polygon","coordinates":[[[77.60278897539267,12.908333332174118],[77.6113383627426,12.908333332174118],[77.6087522191775,12.899999998841533],[77.60020311670787,12.899999998841533],[77.60278897539267,12.908333332174118]]]}},{"type":"Feature","properties":{"lst_c":27.65,"lst_k":300.8,"lst_day_dn":15040,"qc_day":17,"lst_night_c":22.25,"lst_night_k":295.4,"lst_night_dn":14770,"qc_night":81,"modis_row":851,"modis_col":678,"source_product":"MOD11A2.061","composite_start":"2026-09-14","units":"degC","scale_factor":0.02},"geometry":{"type":"Polygon","coordinates":[[[77.6113383627426,12.908333332174118],[77.61988775009254,12.908333332174118],[77.61730132164712,12.899999998841533],[77.6087522191775,12.899999998841533],[77.6113383627426,12.908333332174118]]]}},{"type":"Feature","properties":{"lst_c":28.05,"lst_k":301.2,"lst_day_dn":15060,"qc_day":17,"lst_night_c":22.17,"lst_night_k":295.32,"lst_night_dn":14766,"qc_night":81,"modis_row":851,"modis_col":679,"source_product":"MOD11A2.061","composite_start":"2026-09-14","units":"degC","scale_factor":0.02},"geometry":{"type":"Polygon","coordinates":[[[77.61988775009254,12.908333332174118],[77.62843713744248,12.908333332174118],[77.62585042411673,12.899999998841533],[77.61730132164712,12.899999998841533],[77.61988775009254,12.908333332174118]]]}},{"type":"Feature","properties":{"lst_c":28.31,"lst_k":301.46,"lst_day_dn":15073,"qc_day":81,"lst_night_c":21.63,"lst_night_k":294.78,"lst_night_dn":14739,"qc_night":81,"modis_row":851,"modis_col":680,"source_product":"MOD11A2.061","composite_start":"2026-09-14","units":"degC","scale_factor":0.02},"geometry":{"type":"Polygon","coordinates":[[[77.62843713744248,12.908333332174118],[77.63698652479242,12.908333332174118],[77.63439952658635,12.899999998841533],[77.62585042411673,12.899999998841533],[77.62843713744248,12.908333332174118]]]}},{"type":"Feature","properties":{"lst_c":28.33,"lst_k":301.48,"lst_day_dn":15074,"qc_day":81,"lst_night_c":22.63,"lst_night_k":295.78,"lst_night_dn":14789,"qc_night":81,"modis_row":851,"modis_col":681,"source_product":"MOD11A2.061","composite_start":"2026-09-14","units":"degC","scale_factor":0.02},"geometry":{"type":"Polygon","coordinates":[[[77.63698652479242,12.908333332174118],[77.64553591214235,12.908333332174118],[77.64294862905598,12.899999998841533],[77.63439952658635,12.899999998841533],[77.63698652479242,12.908333332174118]]]}},{"type":"Feature","properties":{"lst_c":26.81,"lst_k":299.96,"lst_day_dn":14998,"qc_day":65,"lst_night_c":21.23,"lst_night_k":294.38,"lst_night_dn":14719,"qc_night":65,"modis_row":851,"modis_col":682,"source_product":"MOD11A2.061","composite_start":"2026-09-14","units":"degC","scale_factor":0.02},"geometry":{"type":"Polygon","coordinates":[[[77.64553591214235,12.908333332174118],[77.6540852994923,12.908333332174118],[77.65149773152558,12.899999998841533],[77.64294862905598,12.899999998841533],[77.64553591214235,12.908333332174118]]]}},{"type":"Feature","properties":{"lst_c":26.21,"lst_k":299.36,"lst_day_dn":14968,"qc_day":0,"lst_night_c":20.03,"lst_night_k":293.18,"lst_night_dn":14659,"qc_night":65,"modis_row":851,"modis_col":683,"source_product":"MOD11A2.061","composite_start":"2026-09-14","units":"degC","scale_factor":0.02},"geometry":{"type":"Polygon","coordinates":[[[77.6540852994923,12.908333332174118],[77.66263468684224,12.908333332174118],[77.66004683399521,12.899999998841533],[77.65149773152558,12.899999998841533],[77.6540852994923,12.908333332174118]]]}},{"type":"Feature","properties":{"lst_c":26.13,"lst_k":299.28,"lst_day_dn":14964,"qc_day":0,"lst_night_c":19.67,"lst_night_k":292.82,"lst_night_dn":14641,"qc_night":65,"modis_row":851,"modis_col":684,"source_product":"MOD11A2.061","composite_start":"2026-09-14","units":"degC","scale_factor":0.02},"geometry":{"type":"Polygon","coordinates":[[[77.66263468684224,12.908333332174118],[77.67118407419218,12.908333332174118],[77.66859593646483,12.899999998841533],[77.66004683399521,12.899999998841533],[77.66263468684224,12.908333332174118]]]}},{"type":"Feature","properties":{"lst_c":26.41,"lst_k":299.56,"lst_day_dn":14978,"qc_day":0,"lst_night_c":19.51,"lst_night_k":292.66,"lst_night_dn":14633,"qc_night":65,"modis_row":851,"modis_col":685,"source_product":"MOD11A2.061","composite_start":"2026-09-14","units":"degC","scale_factor":0.02},"geometry":{"type":"Polygon","coordinates":[[[77.67118407419218,12.908333332174118],[77.67973346154213,12.908333332174118],[77.67714503893444,12.899999998841533],[77.66859593646483,12.899999998841533],[77.67118407419218,12.908333332174118]]]}},{"type":"Feature","properties":{"lst_c":26.63,"lst_k":299.78,"lst_day_dn":14989,"qc_day":0,"lst_night_c":null,"lst_night_k":null,"lst_night_dn":0,"qc_night":2,"modis_row":851,"modis_col":686,"source_product":"MOD11A2.061","composite_start":"2026-09-14","units":"degC","scale_factor":0.02},"geometry":{"type":"Polygon","coordinates":[[[77.67973346154213,12.908333332174118],[77.68828284889206,12.908333332174118],[77.68569414140406,12.899999998841533],[77.67714503893444,12.899999998841533],[77.67973346154213,12.908333332174118]]]}},{"type":"Feature","properties":{"lst_c":26.83,"lst_k":299.98,"lst_day_dn":14999,"qc_day":0,"lst_night_c":null,"lst_night_k":null,"lst_night_dn":0,"qc_night":2,"modis_row":851,"modis_col":687,"source_product":"MOD11A2.061","composite_start":"2026-09-14","units":"degC","scale_factor":0.02},"geometry":{"type":"Polygon","coordinates":[[[77.68828284889206,12.908333332174118],[77.696832236242,12.908333332174118],[77.69424324387367,12.899999998841533],[77.68569414140406,12.899999998841533],[77.68828284889206,12.908333332174118]]]}},{"type":"Feature","properties":{"lst_c":27.01,"lst_k":300.16,"lst_day_dn":15008,"qc_day":0,"lst_night_c":null,"lst_night_k":null,"lst_night_dn":0,"qc_night":2,"modis_row":851,"modis_col":688,"source_product":"MOD11A2.061","composite_start":"2026-09-14","units":"degC","scale_factor":0.02},"geometry":{"type":"Polygon","coordinates":[[[77.696832236242,12.908333332174118],[77.70538162359193,12.908333332174118],[77.70279234634329,12.899999998841533],[77.69424324387367,12.899999998841533],[77.696832236242,12.908333332174118]]]}},{"type":"Feature","properties":{"lst_c":27.19,"lst_k":300.34,"lst_day_dn":15017,"qc_day":0,"lst_night_c":null,"lst_night_k":null,"lst_night_dn":0,"qc_night":2,"modis_row":851,"modis_col":689,"source_product":"MOD11A2.061","composite_start":"2026-09-14","units":"degC","scale_factor":0.02},"geometry":{"type":"Polygon","coordinates":[[[77.70538162359193,12.908333332174118],[77.71393101094186,12.908333332174118],[77.71134144881289,12.899999998841533],[77.70279234634329,12.899999998841533],[77.70538162359193,12.908333332174118]]]}},{"type":"Feature","properties":{"lst_c":26.91,"lst_k":300.06,"lst_day_dn":15003,"qc_day":0,"lst_night_c":null,"lst_night_k":null,"lst_night_dn":0,"qc_night":2,"modis_row":851,"modis_col":690,"source_product":"MOD11A2.061","composite_start":"2026-09-14","units":"degC","scale_factor":0.02},"geometry":{"type":"Polygon","coordinates":[[[77.71393101094186,12.908333332174118],[77.72248039829181,12.908333332174118],[77.71989055128252,12.899999998841533],[77.71134144881289,12.899999998841533],[77.71393101094186,12.908333332174118]]]}},{"type":"Feature","properties":{"lst_c":26.91,"lst_k":300.06,"lst_day_dn":15003,"qc_day":0,"lst_night_c":null,"lst_night_k":null,"lst_night_dn":0,"qc_night":2,"modis_row":851,"modis_col":691,"source_product":"MOD11A2.061","composite_start":"2026-09-14","units":"degC","scale_factor":0.02},"geometry":{"type":"Polygon","coordinates":[[[77.72248039829181,12.908333332174118],[77.73102978564174,12.908333332174118],[77.72843965375213,12.899999998841533],[77.71989055128252,12.899999998841533],[77.72248039829181,12.908333332174118]]]}},{"type":"Feature","properties":{"lst_c":27.09,"lst_k":300.24,"lst_day_dn":15012,"qc_day":0,"lst_night_c":null,"lst_night_k":null,"lst_night_dn":0,"qc_night":2,"modis_row":851,"modis_col":692,"source_product":"MOD11A2.061","composite_start":"2026-09-14","units":"degC","scale_factor":0.02},"geometry":{"type":"Polygon","coordinates":[[[77.73102978564174,12.908333332174118],[77.73957917299168,12.908333332174118],[77.73698875622175,12.899999998841533],[77.72843965375213,12.899999998841533],[77.73102978564174,12.908333332174118]]]}},{"type":"Feature","properties":{"lst_c":27.35,"lst_k":300.5,"lst_day_dn":15025,"qc_day":0,"lst_night_c":null,"lst_night_k":null,"lst_night_dn":0,"qc_night":2,"modis_row":851,"modis_col":693,"source_product":"MOD11A2.061","composite_start":"2026-09-14","units":"degC","scale_factor":0.02},"geometry":{"type":"Polygon","coordinates":[[[77.73957917299168,12.908333332174118],[77.74812856034161,12.908333332174118],[77.74553785869136,12.899999998841533],[77.73698875622175,12.899999998841533],[77.73957917299168,12.908333332174118]]]}},{"type":"Feature","properties":{"lst_c":27.25,"lst_k":300.4,"lst_day_dn":15020,"qc_day":0,"lst_night_c":null,"lst_night_k":null,"lst_night_dn":0,"qc_night":2,"modis_row":851,"modis_col":694,"source_product":"MOD11A2.061","composite_start":"2026-09-14","units":"degC","scale_factor":0.02},"geometry":{"type":"Polygon","coordinates":[[[77.74812856034161,12.908333332174118],[77.75667794769156,12.908333332174118],[77.754086961161,12.899999998841533],[77.74553785869136,12.899999998841533],[77.74812856034161,12.908333332174118]]]}},{"type":"Feature","properties":{"lst_c":27.27,"lst_k":300.42,"lst_day_dn":15021,"qc_day":0,"lst_night_c":null,"lst_night_k":null,"lst_night_dn":0,"qc_night":2,"modis_row":851,"modis_col":695,"source_product":"MOD11A2.061","composite_start":"2026-09-14","units":"degC","scale_factor":0.02},"geometry":{"type":"Polygon","coordinates":[[[77.75667794769156,12.908333332174118],[77.7652273350415,12.908333332174118],[77.7626360636306,12.899999998841533],[77.754086961161,12.899999998841533],[77.75667794769156,12.908333332174118]]]}},{"type":"Feature","properties":{"lst_c":27.29,"lst_k":300.44,"lst_day_dn":15022,"qc_day":0,"lst_night_c":null,"lst_night_k":null,"lst_night_dn":0,"qc_night":2,"modis_row":851,"modis_col":696,"source_product":"MOD11A2.061","composite_start":"2026-09-14","units":"degC","scale_factor":0.02},"geometry":{"type":"Polygon","coordinates":[[[77.7652273350415,12.908333332174118],[77.77377672239143,12.908333332174118],[77.77118516610022,12.899999998841533],[77.7626360636306,12.899999998841533],[77.7652273350415,12.908333332174118]]]}},{"type":"Feature","properties":{"lst_c":26.87,"lst_k":300.02,"lst_day_dn":15001,"qc_day":65,"lst_night_c":null,"lst_night_k":null,"lst_night_dn":0,"qc_night":2,"modis_row":852,"modis_col":667,"source_product":"MOD11A2.061","composite_start":"2026-09-14","units":"degC","scale_factor":0.02},"geometry":{"type":"Polygon","coordinates":[[[77.51471209201172,12.899999998841533],[77.52326119448135,12.899999998841533],[77.52067971169025,12.891666665508946],[77.51213089390114,12.891666665508946],[77.51471209201172,12.899999998841533]]]}},{"type":"Feature","properties":{"lst_c":27.53,"lst_k":300.68,"lst_day_dn":15034,"qc_day":65,"lst_night_c":null,"lst_night_k":null,"lst_night_dn":0,"qc_night":2,"modis_row":852,"modis_col":668,"source_product":"MOD11A2.061","composite_start":"2026-09-14","units":"degC","scale_factor":0.02},"geometry":{"type":"Polygon","coordinates":[[[77.52326119448135,12.899999998841533],[77.53181029695097,12.899999998841533],[77.52922852947938,12.891666665508946],[77.52067971169025,12.891666665508946],[77.52326119448135,12.899999998841533]]]}},{"type":"Feature","properties":{"lst_c":27.21,"lst_k":300.36,"lst_day_dn":15018,"qc_day":65,"lst_night_c":null,"lst_night_k":null,"lst_night_dn":0,"qc_night":2,"modis_row":852,"modis_col":669,"source_product":"MOD11A2.061","composite_start":"2026-09-14","units":"degC","scale_factor":0.02},"geometry":{"type":"Polygon","coordinates":[[[77.53181029695097,12.899999998841533],[77.54035939942058,12.899999998841533],[77.53777734726849,12.891666665508946],[77.52922852947938,12.891666665508946],[77.53181029695097,12.899999998841533]]]}},{"type":"Feature","properties":{"lst_c":28.31,"lst_k":301.46,"lst_day_dn":15073,"qc_day":65,"lst_night_c":null,"lst_night_k":null,"lst_night_dn":0,"qc_night":2,"modis_row":852,"modis_col":670,"source_product":"MOD11A2.061","composite_start":"2026-09-14","units":"degC","scale_factor":0.02},"geometry":{"type":"Polygon","coordinates":[[[77.54035939942058,12.899999998841533],[77.5489085018902,12.899999998841533],[77.54632616505761,12.891666665508946],[77.53777734726849,12.891666665508946],[77.54035939942058,12.899999998841533]]]}},{"type":"Feature","properties":{"lst_c":28.55,"lst_k":301.7,"lst_day_dn":15085,"qc_day":81,"lst_night_c":null,"lst_night_k":null,"lst_night_dn":0,"qc_night":2,"modis_row":852,"modis_col":671,"source_product":"MOD11A2.061","composite_start":"2026-09-14","units":"degC","scale_factor":0.02},"geometry":{"type":"Polygon","coordinates":[[[77.5489085018902,12.899999998841533],[77.55745760435981,12.899999998841533],[77.55487498284673,12.891666665508946],[77.54632616505761,12.891666665508946],[77.5489085018902,12.899999998841533]]]}},{"type":"Feature","properties":{"lst_c":28.55,"lst_k":301.7,"lst_day_dn":15085,"qc_day":145,"lst_night_c":null,"lst_night_k":null,"lst_night_dn":0,"qc_night":2,"modis_row":852,"modis_col":672,"source_product":"MOD11A2.061","composite_start":"2026-09-14","units":"degC","scale_factor":0.02},"geometry":{"type":"Polygon","coordinates":[[[77.55745760435981,12.899999998841533],[77.56600670682943,12.899999998841533],[77.56342380063583,12.891666665508946],[77.55487498284673,12.891666665508946],[77.55745760435981,12.899999998841533]]]}},{"type":"Feature","properties":{"lst_c":29.19,"lst_k":302.34,"lst_day_dn":15117,"qc_day":81,"lst_night_c":null,"lst_night_k":null,"lst_night_dn":0,"qc_night":2,"modis_row":852,"modis_col":673,"source_product":"MOD11A2.061","composite_start":"2026-09-14","units":"degC","scale_factor":0.02},"geometry":{"type":"Polygon","coordinates":[[[77.56600670682943,12.899999998841533],[77.57455580929906,12.899999998841533],[77.57197261842495,12.891666665508946],[77.56342380063583,12.891666665508946],[77.56600670682943,12.899999998841533]]]}},{"type":"Feature","properties":{"lst_c":28.45,"lst_k":301.6,"lst_day_dn":15080,"qc_day":0,"lst_night_c":null,"lst_night_k":null,"lst_night_dn":0,"qc_night":2,"modis_row":852,"modis_col":674,"source_product":"MOD11A2.061","composite_start":"2026-09-14","units":"degC","scale_factor":0.02},"geometry":{"type":"Polygon","coordinates":[[[77.57455580929906,12.899999998841533],[77.58310491176864,12.899999998841533],[77.58052143621406,12.891666665508946],[77.57197261842495,12.891666665508946],[77.57455580929906,12.899999998841533]]]}},{"type":"Feature","properties":{"lst_c":27.89,"lst_k":301.04,"lst_day_dn":15052,"qc_day":0,"lst_night_c":null,"lst_night_k":null,"lst_night_dn":0,"qc_night":2,"modis_row":852,"modis_col":675,"source_product":"MOD11A2.061","composite_start":"2026-09-14","units":"degC","scale_factor":0.02},"geometry":{"type":"Polygon","coordinates":[[[77.58310491176864,12.899999998841533],[77.59165401423827,12.899999998841533],[77.58907025400316,12.891666665508946],[77.58052143621406,12.891666665508946],[77.58310491176864,12.899999998841533]]]}},{"type":"Feature","properties":{"lst_c":27.73,"lst_k":300.88,"lst_day_dn":15044,"qc_day":65,"lst_night_c":null,"lst_night_k":null,"lst_night_dn":0,"qc_night":2,"modis_row":852,"modis_col":676,"source_product":"MOD11A2.061","composite_start":"2026-09-14","units":"degC","scale_factor":0.02},"geometry":{"type":"Polygon","coordinates":[[[77.59165401423827,12.899999998841533],[77.60020311670787,12.899999998841533],[77.59761907179228,12.891666665508946],[77.58907025400316,12.891666665508946],[77.59165401423827,12.899999998841533]]]}},{"type":"Feature","properties":{"lst_c":28.05,"lst_k":301.2,"lst_day_dn":15060,"qc_day":65,"lst_night_c":null,"lst_night_k":null,"lst_night_dn":0,"qc_night":2,"modis_row":852,"modis_col":677,"source_product":"MOD11A2.061","composite_start":"2026-09-14","units":"degC","scale_factor":0.02},"geometry":{"type":"Polygon","coordinates":[[[77.60020311670787,12.899999998841533],[77.6087522191775,12.899999998841533],[77.6061678895814,12.891666665508946],[77.59761907179228,12.891666665508946],[77.60020311670787,12.899999998841533]]]}},{"type":"Feature","properties":{"lst_c":27.51,"lst_k":300.66,"lst_day_dn":15033,"qc_day":65,"lst_night_c":null,"lst_night_k":null,"lst_night_dn":0,"qc_night":2,"modis_row":852,"modis_col":678,"source_product":"MOD11A2.061","composite_start":"2026-09-14","units":"degC","scale_factor":0.02},"geometry":{"type":"Polygon","coordinates":[[[77.6087522191775,12.899999998841533],[77.61730132164712,12.899999998841533],[77.61471670737052,12.891666665508946],[77.6061678895814,12.891666665508946],[77.6087522191775,12.899999998841533]]]}},{"type":"Feature","properties":{"lst_c":27.57,"lst_k":300.72,"lst_day_dn":15036,"qc_day":0,"lst_night_c":null,"lst_night_k":null,"lst_night_dn":0,"qc_night":2,"modis_row":852,"modis_col":679,"source_product":"MOD11A2.061","composite_start":"2026-09-14","units":"degC","scale_factor":0.02},"geometry":{"type":"Polygon","coordinates":[[[77.61730132164712,12.899999998841533],[77.62585042411673,12.899999998841533],[77.62326552515962,12.891666665508946],[77.61471670737052,12.891666665508946],[77.61730132164712,12.899999998841533]]]}},{"type":"Feature","properties":{"lst_c":27.81,"lst_k":300.96,"lst_day_dn":15048,"qc_day":81,"lst_night_c":19.69,"lst_night_k":292.84,"lst_night_dn":14642,"qc_night":81,"modis_row":852,"modis_col":680,"source_product":"MOD11A2.061","composite_start":"2026-09-14","units":"degC","scale_factor":0.02},"geometry":{"type":"Polygon","coordinates":[[[77.62585042411673,12.899999998841533],[77.63439952658635,12.899999998841533],[77.63181434294874,12.891666665508946],[77.62326552515962,12.891666665508946],[77.62585042411673,12.899999998841533]]]}},{"type":"Feature","properties":{"lst_c":27.95,"lst_k":301.1,"lst_day_dn":15055,"qc_day":81,"lst_night_c":19.87,"lst_night_k":293.02,"lst_night_dn":14651,"qc_night":81,"modis_row":852,"modis_col":681,"source_product":"MOD11A2.061","composite_start":"2026-09-14","units":"degC","scale_factor":0.02},"geometry":{"type":"Polygon","coordinates":[[[77.63439952658635,12.899999998841533],[77.64294862905598,12.899999998841533],[77.64036316073786,12.891666665508946],[77.63181434294874,12.891666665508946],[77.63439952658635,12.899999998841533]]]}},{"type":"Feature","properties":{"lst_c":26.71,"lst_k":299.86,"lst_day_dn":14993,"qc_day":81,"lst_night_c":20.67,"lst_night_k":293.82,"lst_night_dn":14691,"qc_night":81,"modis_row":852,"modis_col":682,"source_product":"MOD11A2.061","composite_start":"2026-09-14","units":"degC","scale_factor":0.02},"geometry":{"type":"Polygon","coordinates":[[[77.64294862905598,12.899999998841533],[77.65149773152558,12.899999998841533],[77.64891197852697,12.891666665508946],[77.64036316073786,12.891666665508946],[77.64294862905598,12.899999998841533]]]}},{"type":"Feature","properties":{"lst_c":26.37,"lst_k":299.52,"lst_day_dn":14976,"qc_day":65,"lst_night_c":20.77,"lst_night_k":293.92,"lst_night_dn":14696,"qc_night":65,"modis_row":852,"modis_col":683,"source_product":"MOD11A2.061","composite_start":"2026-09-14","units":"degC","scale_factor":0.02},"geometry":{"type":"Polygon","coordinates":[[[77.65149773152558,12.899999998841533],[77.66004683399521,12.899999998841533],[77.6574607963161,12.891666665508946],[77.64891197852697,12.891666665508946],[77.65149773152558,12.899999998841533]]]}},{"type":"Feature","properties":{"lst_c":26.15,"lst_k":299.3,"lst_day_dn":14965,"qc_day":65,"lst_night_c":19.67,"lst_night_k":292.82,"lst_night_dn":14641,"qc_night":65,"modis_row":852,"modis_col":684,"source_product":"MOD11A2.061","composite_start":"2026-09-14","units":"degC","scale_factor":0.02},"geometry":{"type":"Polygon","coordinates":[[[77.66004683399521,12.899999998841533],[77.66859593646483,12.899999998841533],[77.6660096141052,12.891666665508946],[77.6574607963161,12.891666665508946],[77.66004683399521,12.899999998841533]]]}},{"type":"Feature","properties":{"lst_c":26.19,"lst_k":299.34,"lst_day_dn":14967,"qc_day":65,"lst_night_c":19.67,"lst_night_k":292.82,"lst_night_dn":14641,"qc_night":65,"modis_row":852,"modis_col":685,"source_product":"MOD11A2.061","composite_start":"2026-09-14","units":"degC","scale_factor":0.02},"geometry":{"type":"Polygon","coordinates":[[[77.66859593646483,12.899999998841533],[77.67714503893444,12.899999998841533],[77.67455843189433,12.891666665508946],[77.6660096141052,12.891666665508946],[77.66859593646483,12.899999998841533]]]}},{"type":"Feature","properties":{"lst_c":26.53,"lst_k":299.68,"lst_day_dn":14984,"qc_day":65,"lst_night_c":null,"lst_night_k":null,"lst_night_dn":0,"qc_night":2,"modis_row":852,"modis_col":686,"source_product":"MOD11A2.061","composite_start":"2026-09-14","units":"degC","scale_factor":0.02},"geometry":{"type":"Polygon","coordinates":[[[77.67714503893444,12.899999998841533],[77.68569414140406,12.899999998841533],[77.68310724968345,12.891666665508946],[77.67455843189433,12.891666665508946],[77.67714503893444,12.899999998841533]]]}},{"type":"Feature","properties":{"lst_c":26.73,"lst_k":299.88,"lst_day_dn":14994,"qc_day":65,"lst_night_c":null,"lst_night_k":null,"lst_night_dn":0,"qc_night":2,"modis_row":852,"modis_col":687,"source_product":"MOD11A2.061","composite_start":"2026-09-14","units":"degC","scale_factor":0.02},"geometry":{"type":"Polygon","coordinates":[[[77.68569414140406,12.899999998841533],[77.69424324387367,12.899999998841533],[77.69165606747255,12.891666665508946],[77.68310724968345,12.891666665508946],[77.68569414140406,12.899999998841533]]]}},{"type":"Feature","properties":{"lst_c":26.81,"lst_k":299.96,"lst_day_dn":14998,"qc_day":0,"lst_night_c":null,"lst_night_k":null,"lst_night_dn":0,"qc_night":2,"modis_row":852,"modis_col":688,"source_product":"MOD11A2.061","composite_start":"2026-09-14","units":"degC","scale_factor":0.02},"geometry":{"type":"Polygon","coordinates":[[[77.69424324387367,12.899999998841533],[77.70279234634329,12.899999998841533],[77.70020488526167,12.891666665508946],[77.69165606747255,12.891666665508946],[77.69424324387367,12.899999998841533]]]}},{"type":"Feature","properties":{"lst_c":26.63,"lst_k":299.78,"lst_day_dn":14989,"qc_day":0,"lst_night_c":null,"lst_night_k":null,"lst_night_dn":0,"qc_night":2,"modis_row":852,"modis_col":689,"source_product":"MOD11A2.061","composite_start":"2026-09-14","units":"degC","scale_factor":0.02},"geometry":{"type":"Polygon","coordinates":[[[77.70279234634329,12.899999998841533],[77.71134144881289,12.899999998841533],[77.70875370305076,12.891666665508946],[77.70020488526167,12.891666665508946],[77.70279234634329,12.899999998841533]]]}},{"type":"Feature","properties":{"lst_c":26.89,"lst_k":300.04,"lst_day_dn":15002,"qc_day":0,"lst_night_c":null,"lst_night_k":null,"lst_night_dn":0,"qc_night":2,"modis_row":852,"modis_col":690,"source_product":"MOD11A2.061","composite_start":"2026-09-14","units":"degC","scale_factor":0.02},"geometry":{"type":"Polygon","coordinates":[[[77.71134144881289,12.899999998841533],[77.71989055128252,12.899999998841533],[77.71730252083988,12.891666665508946],[77.70875370305076,12.891666665508946],[77.71134144881289,12.899999998841533]]]}},{"type":"Feature","properties":{"lst_c":26.91,"lst_k":300.06,"lst_day_dn":15003,"qc_day":0,"lst_night_c":null,"lst_night_k":null,"lst_night_dn":0,"qc_night":2,"modis_row":852,"modis_col":691,"source_product":"MOD11A2.061","composite_start":"2026-09-14","units":"degC","scale_factor":0.02},"geometry":{"type":"Polygon","coordinates":[[[77.71989055128252,12.899999998841533],[77.72843965375213,12.899999998841533],[77.72585133862901,12.891666665508946],[77.71730252083988,12.891666665508946],[77.71989055128252,12.899999998841533]]]}},{"type":"Feature","properties":{"lst_c":26.97,"lst_k":300.12,"lst_day_dn":15006,"qc_day":0,"lst_night_c":null,"lst_night_k":null,"lst_night_dn":0,"qc_night":2,"modis_row":852,"modis_col":692,"source_product":"MOD11A2.061","composite_start":"2026-09-14","units":"degC","scale_factor":0.02},"geometry":{"type":"Polygon","coordinates":[[[77.72843965375213,12.899999998841533],[77.73698875622175,12.899999998841533],[77.73440015641812,12.891666665508946],[77.72585133862901,12.891666665508946],[77.72843965375213,12.899999998841533]]]}},{"type":"Feature","properties":{"lst_c":27.23,"lst_k":300.38,"lst_day_dn":15019,"qc_day":0,"lst_night_c":null,"lst_night_k":null,"lst_night_dn":0,"qc_night":2,"modis_row":852,"modis_col":693,"source_product":"MOD11A2.061","composite_start":"2026-09-14","units":"degC","scale_factor":0.02},"geometry":{"type":"Polygon","coordinates":[[[77.73698875622175,12.899999998841533],[77.74553785869136,12.899999998841533],[77.74294897420724,12.891666665508946],[77.73440015641812,12.891666665508946],[77.73698875622175,12.899999998841533]]]}},{"type":"Feature","properties":{"lst_c":27.41,"lst_k":300.56,"lst_day_dn":15028,"qc_day":0,"lst_night_c":null,"lst_night_k":null,"lst_night_dn":0,"qc_night":2,"modis_row":852,"modis_col":694,"source_product":"MOD11A2.061","composite_start":"2026-09-14","units":"degC","scale_factor":0.02},"geometry":{"type":"Polygon","coordinates":[[[77.74553785869136,12.899999998841533],[77.754086961161,12.899999998841533],[77.75149779199634,12.891666665508946],[77.74294897420724,12.891666665508946],[77.74553785869136,12.899999998841533]]]}},{"type":"Feature","properties":{"lst_c":27.35,"lst_k":300.5,"lst_day_dn":15025,"qc_day":0,"lst_night_c":null,"lst_night_k":null,"lst_night_dn":0,"qc_night":2,"modis_row":852,"modis_col":695,"source_product":"MOD11A2.061","composite_start":"2026-09-14","units":"degC","scale_factor":0.02},"geometry":{"type":"Polygon","coordinates":[[[77.754086961161,12.899999998841533],[77.7626360636306,12.899999998841533],[77.76004660978546,12.891666665508946],[77.75149779199634,12.891666665508946],[77.754086961161,12.899999998841533]]]}},{"type":"Feature","properties":{"lst_c":27.45,"lst_k":300.6,"lst_day_dn":15030,"qc_day":0,"lst_night_c":null,"lst_night_k":null,"lst_night_dn":0,"qc_night":2,"modis_row":852,"modis_col":696,"source_product":"MOD11A2.061","composite_start":"2026-09-14","units":"degC","scale_factor":0.02},"geometry":{"type":"Polygon","coordinates":[[[77.7626360636306,12.899999998841533],[77.77118516610022,12.899999998841533],[77.76859542757458,12.891666665508946],[77.76004660978546,12.891666665508946],[77.7626360636306,12.899999998841533]]]}},{"type":"Feature","properties":{"lst_c":29.19,"lst_k":302.34,"lst_day_dn":15117,"qc_day":81,"lst_night_c":null,"lst_night_k":null,"lst_night_dn":0,"qc_night":2,"modis_row":853,"modis_col":673,"source_product":"MOD11A2.061","composite_start":"2026-09-14","units":"degC","scale_factor":0.02},"geometry":{"type":"Polygon","coordinates":[[[77.56342380063583,12.891666665508946],[77.57197261842495,12.891666665508946],[77.56939124043015,12.883333332176361],[77.56084270712174,12.883333332176361],[77.56342380063583,12.891666665508946]]]}},{"type":"Feature","properties":{"lst_c":28.59,"lst_k":301.74,"lst_day_dn":15087,"qc_day":81,"lst_night_c":null,"lst_night_k":null,"lst_night_dn":0,"qc_night":2,"modis_row":853,"modis_col":674,"source_product":"MOD11A2.061","composite_start":"2026-09-14","units":"degC","scale_factor":0.02},"geometry":{"type":"Polygon","coordinates":[[[77.57197261842495,12.891666665508946],[77.58052143621406,12.891666665508946],[77.57793977373852,12.883333332176361],[77.56939124043015,12.883333332176361],[77.57197261842495,12.891666665508946]]]}},{"type":"Feature","properties":{"lst_c":27.99,"lst_k":301.14,"lst_day_dn":15057,"qc_day":0,"lst_night_c":null,"lst_night_k":null,"lst_night_dn":0,"qc_night":2,"modis_row":853,"modis_col":675,"source_product":"MOD11A2.061","composite_start":"2026-09-14","units":"degC","scale_factor":0.02},"geometry":{"type":"Polygon","coordinates":[[[77.58052143621406,12.891666665508946],[77.58907025400316,12.891666665508946],[77.58648830704693,12.883333332176361],[77.57793977373852,12.883333332176361],[77.58052143621406,12.891666665508946]]]}},{"type":"Feature","properties":{"lst_c":27.49,"lst_k":300.64,"lst_day_dn":15032,"qc_day":81,"lst_night_c":null,"lst_night_k":null,"lst_night_dn":0,"qc_night":2,"modis_row":853,"modis_col":676,"source_product":"MOD11A2.061","composite_start":"2026-09-14","units":"degC","scale_factor":0.02},"geometry":{"type":"Polygon","coordinates":[[[77.58907025400316,12.891666665508946],[77.59761907179228,12.891666665508946],[77.59503684035533,12.883333332176361],[77.58648830704693,12.883333332176361],[77.58907025400316,12.891666665508946]]]}},{"type":"Feature","properties":{"lst_c":28.15,"lst_k":301.3,"lst_day_dn":15065,"qc_day":81,"lst_night_c":null,"lst_night_k":null,"lst_night_dn":0,"qc_night":2,"modis_row":853,"modis_col":677,"source_product":"MOD11A2.061","composite_start":"2026-09-14","units":"degC","scale_factor":0.02},"geometry":{"type":"Polygon","coordinates":[[[77.59761907179228,12.891666665508946],[77.6061678895814,12.891666665508946],[77.60358537366373,12.883333332176361],[77.59503684035533,12.883333332176361],[77.59761907179228,12.891666665508946]]]}},{"type":"Feature","properties":{"lst_c":27.61,"lst_k":300.76,"lst_day_dn":15038,"qc_day":81,"lst_night_c":null,"lst_night_k":null,"lst_night_dn":0,"qc_night":2,"modis_row":853,"modis_col":678,"source_product":"MOD11A2.061","composite_start":"2026-09-14","units":"degC","scale_factor":0.02},"geometry":{"type":"Polygon","coordinates":[[[77.6061678895814,12.891666665508946],[77.61471670737052,12.891666665508946],[77.61213390697213,12.883333332176361],[77.60358537366373,12.883333332176361],[77.6061678895814,12.891666665508946]]]}},{"type":"Feature","properties":{"lst_c":27.19,"lst_k":300.34,"lst_day_dn":15017,"qc_day":0,"lst_night_c":null,"lst_night_k":null,"lst_night_dn":0,"qc_night":2,"modis_row":853,"modis_col":679,"source_product":"MOD11A2.061","composite_start":"2026-09-14","units":"degC","scale_factor":0.02},"geometry":{"type":"Polygon","coordinates":[[[77.61471670737052,12.891666665508946],[77.62326552515962,12.891666665508946],[77.62068244028053,12.883333332176361],[77.61213390697213,12.883333332176361],[77.61471670737052,12.891666665508946]]]}},{"type":"Feature","properties":{"lst_c":26.87,"lst_k":300.02,"lst_day_dn":15001,"qc_day":0,"lst_night_c":18.89,"lst_night_k":292.04,"lst_night_dn":14602,"qc_night":81,"modis_row":853,"modis_col":680,"source_product":"MOD11A2.061","composite_start":"2026-09-14","units":"degC","scale_factor":0.02},"geometry":{"type":"Polygon","coordinates":[[[77.62326552515962,12.891666665508946],[77.63181434294874,12.891666665508946],[77.62923097358895,12.883333332176361],[77.62068244028053,12.883333332176361],[77.62326552515962,12.891666665508946]]]}},{"type":"Feature","properties":{"lst_c":27.53,"lst_k":300.68,"lst_day_dn":15034,"qc_day":81,"lst_night_c":18.89,"lst_night_k":292.04,"lst_night_dn":14602,"qc_night":81,"modis_row":853,"modis_col":681,"source_product":"MOD11A2.061","composite_start":"2026-09-14","units":"degC","scale_factor":0.02},"geometry":{"type":"Polygon","coordinates":[[[77.63181434294874,12.891666665508946],[77.64036316073786,12.891666665508946],[77.63777950689735,12.883333332176361],[77.62923097358895,12.883333332176361],[77.63181434294874,12.891666665508946]]]}},{"type":"Feature","properties":{"lst_c":26.73,"lst_k":299.88,"lst_day_dn":14994,"qc_day":81,"lst_night_c":20.51,"lst_night_k":293.66,"lst_night_dn":14683,"qc_night":81,"modis_row":853,"modis_col":682,"source_product":"MOD11A2.061","composite_start":"2026-09-14","units":"degC","scale_factor":0.02},"geometry":{"type":"Polygon","coordinates":[[[77.64036316073786,12.891666665508946],[77.64891197852697,12.891666665508946],[77.64632804020574,12.883333332176361],[77.63777950689735,12.883333332176361],[77.64036316073786,12.891666665508946]]]}},{"type":"Feature","properties":{"lst_c":26.43,"lst_k":299.58,"lst_day_dn":14979,"qc_day":81,"lst_night_c":20.83,"lst_night_k":293.98,"lst_night_dn":14699,"qc_night":65,"modis_row":853,"modis_col":683,"source_product":"MOD11A2.061","composite_start":"2026-09-14","units":"degC","scale_factor":0.02},"geometry":{"type":"Polygon","coordinates":[[[77.64891197852697,12.891666665508946],[77.6574607963161,12.891666665508946],[77.65487657351414,12.883333332176361],[77.64632804020574,12.883333332176361],[77.64891197852697,12.891666665508946]]]}},{"type":"Feature","properties":{"lst_c":26.29,"lst_k":299.44,"lst_day_dn":14972,"qc_day":65,"lst_night_c":null,"lst_night_k":null,"lst_night_dn":0,"qc_night":2,"modis_row":853,"modis_col":684,"source_product":"MOD11A2.061","composite_start":"2026-09-14","units":"degC","scale_factor":0.02},"geometry":{"type":"Polygon","coordinates":[[[77.6574607963161,12.891666665508946],[77.6660096141052,12.891666665508946],[77.66342510682256,12.883333332176361],[77.65487657351414,12.883333332176361],[77.6574607963161,12.891666665508946]]]}},{"type":"Feature","properties":{"lst_c":26.19,"lst_k":299.34,"lst_day_dn":14967,"qc_day":65,"lst_night_c":null,"lst_night_k":null,"lst_night_dn":0,"qc_night":2,"modis_row":853,"modis_col":685,"source_product":"MOD11A2.061","composite_start":"2026-09-14","units":"degC","scale_factor":0.02},"geometry":{"type":"Polygon","coordinates":[[[77.6660096141052,12.891666665508946],[77.67455843189433,12.891666665508946],[77.67197364013094,12.883333332176361],[77.66342510682256,12.883333332176361],[77.6660096141052,12.891666665508946]]]}},{"type":"Feature","properties":{"lst_c":26.59,"lst_k":299.74,"lst_day_dn":14987,"qc_day":65,"lst_night_c":null,"lst_night_k":null,"lst_night_dn":0,"qc_night":2,"modis_row":853,"modis_col":686,"source_product":"MOD11A2.061","composite_start":"2026-09-14","units":"degC","scale_factor":0.02},"geometry":{"type":"Polygon","coordinates":[[[77.67455843189433,12.891666665508946],[77.68310724968345,12.891666665508946],[77.68052217343936,12.883333332176361],[77.67197364013094,12.883333332176361],[77.67455843189433,12.891666665508946]]]}},{"type":"Feature","properties":{"lst_c":26.87,"lst_k":300.02,"lst_day_dn":15001,"qc_day":65,"lst_night_c":null,"lst_night_k":null,"lst_night_dn":0,"qc_night":2,"modis_row":853,"modis_col":687,"source_product":"MOD11A2.061","composite_start":"2026-09-14","units":"degC","scale_factor":0.02},"geometry":{"type":"Polygon","coordinates":[[[77.68310724968345,12.891666665508946],[77.69165606747255,12.891666665508946],[77.68907070674776,12.883333332176361],[77.68052217343936,12.883333332176361],[77.68310724968345,12.891666665508946]]]}},{"type":"Feature","properties":{"lst_c":26.93,"lst_k":300.08,"lst_day_dn":15004,"qc_day":65,"lst_night_c":null,"lst_night_k":null,"lst_night_dn":0,"qc_night":2,"modis_row":853,"modis_col":688,"source_product":"MOD11A2.061","composite_start":"2026-09-14","units":"degC","scale_factor":0.02},"geometry":{"type":"Polygon","coordinates":[[[77.69165606747255,12.891666665508946],[77.70020488526167,12.891666665508946],[77.69761924005616,12.883333332176361],[77.68907070674776,12.883333332176361],[77.69165606747255,12.891666665508946]]]}},{"type":"Feature","properties":{"lst_c":26.79,"lst_k":299.94,"lst_day_dn":14997,"qc_day":0,"lst_night_c":null,"lst_night_k":null,"lst_night_dn":0,"qc_night":2,"modis_row":853,"modis_col":689,"source_product":"MOD11A2.061","composite_start":"2026-09-14","units":"degC","scale_factor":0.02},"geometry":{"type":"Polygon","coordinates":[[[77.70020488526167,12.891666665508946],[77.70875370305076,12.891666665508946],[77.70616777336454,12.883333332176361],[77.69761924005616,12.883333332176361],[77.70020488526167,12.891666665508946]]]}},{"type":"Feature","properties":{"lst_c":26.97,"lst_k":300.12,"lst_day_dn":15006,"qc_day":0,"lst_night_c":null,"lst_night_k":null,"lst_night_dn":0,"qc_night":2,"modis_row":853,"modis_col":690,"source_product":"MOD11A2.061","composite_start":"2026-09-14","units":"degC","scale_factor":0.02},"geometry":{"type":"Polygon","coordinates":[[[77.70875370305076,12.891666665508946],[77.71730252083988,12.891666665508946],[77.71471630667294,12.883333332176361],[77.70616777336454,12.883333332176361],[77.70875370305076,12.891666665508946]]]}},{"type":"Feature","properties":{"lst_c":26.99,"lst_k":300.14,"lst_day_dn":15007,"qc_day":0,"lst_night_c":null,"lst_night_k":null,"lst_night_dn":0,"qc_night":2,"modis_row":853,"modis_col":691,"source_product":"MOD11A2.061","composite_start":"2026-09-14","units":"degC","scale_factor":0.02},"geometry":{"type":"Polygon","coordinates":[[[77.71730252083988,12.891666665508946],[77.72585133862901,12.891666665508946],[77.72326483998134,12.883333332176361],[77.71471630667294,12.883333332176361],[77.71730252083988,12.891666665508946]]]}},{"type":"Feature","properties":{"lst_c":26.95,"lst_k":300.1,"lst_day_dn":15005,"qc_day":0,"lst_night_c":null,"lst_night_k":null,"lst_night_dn":0,"qc_night":2,"modis_row":853,"modis_col":692,"source_product":"MOD11A2.061","composite_start":"2026-09-14","units":"degC","scale_factor":0.02},"geometry":{"type":"Polygon","coordinates":[[[77.72585133862901,12.891666665508946],[77.73440015641812,12.891666665508946],[77.73181337328975,12.883333332176361],[77.72326483998134,12.883333332176361],[77.72585133862901,12.891666665508946]]]}},{"type":"Feature","properties":{"lst_c":27.05,"lst_k":300.2,"lst_day_dn":15010,"qc_day":0,"lst_night_c":null,"lst_night_k":null,"lst_night_dn":0,"qc_night":2,"modis_row":853,"modis_col":693,"source_product":"MOD11A2.061","composite_start":"2026-09-14","units":"degC","scale_factor":0.02},"geometry":{"type":"Polygon","coordinates":[[[77.73440015641812,12.891666665508946],[77.74294897420724,12.891666665508946],[77.74036190659815,12.883333332176361],[77.73181337328975,12.883333332176361],[77.73440015641812,12.891666665508946]]]}},{"type":"Feature","properties":{"lst_c":27.77,"lst_k":300.92,"lst_day_dn":15046,"qc_day":0,"lst_night_c":null,"lst_night_k":null,"lst_night_dn":0,"qc_night":2,"modis_row":853,"modis_col":694,"source_product":"MOD11A2.061","composite_start":"2026-09-14","units":"degC","scale_factor":0.02},"geometry":{"type":"Polygon","coordinates":[[[77.74294897420724,12.891666665508946],[77.75149779199634,12.891666665508946],[77.74891043990655,12.883333332176361],[77.74036190659815,12.883333332176361],[77.74294897420724,12.891666665508946]]]}},{"type":"Feature","properties":{"lst_c":27.83,"lst_k":300.98,"lst_day_dn":15049,"qc_day":0,"lst_night_c":null,"lst_night_k":null,"lst_night_dn":0,"qc_night":2,"modis_row":853,"modis_col":695,"source_product":"MOD11A2.061","composite_start":"2026-09-14","units":"degC","scale_factor":0.02},"geometry":{"type":"Polygon","coordinates":[[[77.75149779199634,12.891666665508946],[77.76004660978546,12.891666665508946],[77.75745897321497,12.883333332176361],[77.74891043990655,12.883333332176361],[77.75149779199634,12.891666665508946]]]}},{"type":"Feature","properties":{"lst_c":27.43,"lst_k":300.58,"lst_day_dn":15029,"qc_day":0,"lst_night_c":null,"lst_night_k":null,"lst_night_dn":0,"qc_night":2,"modis_row":853,"modis_col":696,"source_product":"MOD11A2.061","composite_start":"2026-09-14","units":"degC","scale_factor":0.02},"geometry":{"type":"Polygon","coordinates":[[[77.76004660978546,12.891666665508946],[77.76859542757458,12.891666665508946],[77.76600750652335,12.883333332176361],[77.75745897321497,12.883333332176361],[77.76004660978546,12.891666665508946]]]}},{"type":"Feature","properties":{"lst_c":27.59,"lst_k":300.74,"lst_day_dn":15037,"qc_day":81,"lst_night_c":null,"lst_night_k":null,"lst_night_dn":0,"qc_night":2,"modis_row":854,"modis_col":677,"source_product":"MOD11A2.061","composite_start":"2026-09-14","units":"degC","scale_factor":0.02},"geometry":{"type":"Polygon","coordinates":[[[77.59503684035533,12.883333332176361],[77.60358537366373,12.883333332176361],[77.60100467113419,12.874999998843778],[77.59245642210675,12.874999998843778],[77.59503684035533,12.883333332176361]]]}},{"type":"Feature","properties":{"lst_c":27.35,"lst_k":300.5,"lst_day_dn":15025,"qc_day":81,"lst_night_c":null,"lst_night_k":null,"lst_night_dn":0,"qc_night":2,"modis_row":854,"modis_col":678,"source_product":"MOD11A2.061","composite_start":"2026-09-14","units":"degC","scale_factor":0.02},"geometry":{"type":"Polygon","coordinates":[[[77.60358537366373,12.883333332176361],[77.61213390697213,12.883333332176361],[77.60955292016165,12.874999998843778],[77.60100467113419,12.874999998843778],[77.60358537366373,12.883333332176361]]]}},{"type":"Feature","properties":{"lst_c":27.01,"lst_k":300.16,"lst_day_dn":15008,"qc_day":0,"lst_night_c":null,"lst_night_k":null,"lst_night_dn":0,"qc_night":2,"modis_row":854,"modis_col":679,"source_product":"MOD11A2.061","composite_start":"2026-09-14","units":"degC","scale_factor":0.02},"geometry":{"type":"Polygon","coordinates":[[[77.61213390697213,12.883333332176361],[77.62068244028053,12.883333332176361],[77.61810116918909,12.874999998843778],[77.60955292016165,12.874999998843778],[77.61213390697213,12.883333332176361]]]}},{"type":"Feature","properties":{"lst_c":26.89,"lst_k":300.04,"lst_day_dn":15002,"qc_day":0,"lst_night_c":null,"lst_night_k":null,"lst_night_dn":0,"qc_night":2,"modis_row":854,"modis_col":680,"source_product":"MOD11A2.061","composite_start":"2026-09-14","units":"degC","scale_factor":0.02},"geometry":{"type":"Polygon","coordinates":[[[77.62068244028053,12.883333332176361],[77.62923097358895,12.883333332176361],[77.62664941821653,12.874999998843778],[77.61810116918909,12.874999998843778],[77.62068244028053,12.883333332176361]]]}},{"type":"Feature","properties":{"lst_c":26.71,"lst_k":299.86,"lst_day_dn":14993,"qc_day":65,"lst_night_c":null,"lst_night_k":null,"lst_night_dn":0,"qc_night":2,"modis_row":854,"modis_col":681,"source_product":"MOD11A2.061","composite_start":"2026-09-14","units":"degC","scale_factor":0.02},"geometry":{"type":"Polygon","coordinates":[[[77.62923097358895,12.883333332176361],[77.63777950689735,12.883333332176361],[77.63519766724399,12.874999998843778],[77.62664941821653,12.874999998843778],[77.62923097358895,12.883333332176361]]]}},{"type":"Feature","properties":{"lst_c":26.41,"lst_k":299.56,"lst_day_dn":14978,"qc_day":65,"lst_night_c":null,"lst_night_k":null,"lst_night_dn":0,"qc_night":2,"modis_row":854,"modis_col":682,"source_product":"MOD11A2.061","composite_start":"2026-09-14","units":"degC","scale_factor":0.02},"geometry":{"type":"Polygon","coordinates":[[[77.63777950689735,12.883333332176361],[77.64632804020574,12.883333332176361],[77.64374591627143,12.874999998843778],[77.63519766724399,12.874999998843778],[77.63777950689735,12.883333332176361]]]}},{"type":"Feature","properties":{"lst_c":26.19,"lst_k":299.34,"lst_day_dn":14967,"qc_day":65,"lst_night_c":null,"lst_night_k":null,"lst_night_dn":0,"qc_night":2,"modis_row":854,"modis_col":683,"source_product":"MOD11A2.061","composite_start":"2026-09-14","units":"degC","scale_factor":0.02},"geometry":{"type":"Polygon","coordinates":[[[77.64632804020574,12.883333332176361],[77.65487657351414,12.883333332176361],[77.65229416529887,12.874999998843778],[77.64374591627143,12.874999998843778],[77.64632804020574,12.883333332176361]]]}},{"type":"Feature","properties":{"lst_c":25.41,"lst_k":298.56,"lst_day_dn":14928,"qc_day":65,"lst_night_c":null,"lst_night_k":null,"lst_night_dn":0,"qc_night":2,"modis_row":854,"modis_col":686,"source_product":"MOD11A2.061","composite_start":"2026-09-14","units":"degC","scale_factor":0.02},"geometry":{"type":"Polygon","coordinates":[[[77.67197364013094,12.883333332176361],[77.68052217343936,12.883333332176361],[77.6779389123812,12.874999998843778],[77.66939066335375,12.874999998843778],[77.67197364013094,12.883333332176361]]]}},{"type":"Feature","properties":{"lst_c":25.63,"lst_k":298.78,"lst_day_dn":14939,"qc_day":65,"lst_night_c":null,"lst_night_k":null,"lst_night_dn":0,"qc_night":2,"modis_row":854,"modis_col":687,"source_product":"MOD11A2.061","composite_start":"2026-09-14","units":"degC","scale_factor":0.02},"geometry":{"type":"Polygon","coordinates":[[[77.68052217343936,12.883333332176361],[77.68907070674776,12.883333332176361],[77.68648716140865,12.874999998843778],[77.6779389123812,12.874999998843778],[77.68052217343936,12.883333332176361]]]}},{"type":"Feature","properties":{"lst_c":26.35,"lst_k":299.5,"lst_day_dn":14975,"qc_day":65,"lst_night_c":null,"lst_night_k":null,"lst_night_dn":0,"qc_night":2,"modis_row":854,"modis_col":688,"source_product":"MOD11A2.061","composite_start":"2026-09-14","units":"degC","scale_factor":0.02},"geometry":{"type":"Polygon","coordinates":[[[77.68907070674776,12.883333332176361],[77.69761924005616,12.883333332176361],[77.69503541043609,12.874999998843778],[77.68648716140865,12.874999998843778],[77.68907070674776,12.883333332176361]]]}},{"type":"Feature","properties":{"lst_c":26.85,"lst_k":300.0,"lst_day_dn":15000,"qc_day":65,"lst_night_c":null,"lst_night_k":null,"lst_night_dn":0,"qc_night":2,"modis_row":854,"modis_col":689,"source_product":"MOD11A2.061","composite_start":"2026-09-14","units":"degC","scale_factor":0.02},"geometry":{"type":"Polygon","coordinates":[[[77.69761924005616,12.883333332176361],[77.70616777336454,12.883333332176361],[77.70358365946352,12.874999998843778],[77.69503541043609,12.874999998843778],[77.69761924005616,12.883333332176361]]]}},{"type":"Feature","properties":{"lst_c":27.13,"lst_k":300.28,"lst_day_dn":15014,"qc_day":0,"lst_night_c":null,"lst_night_k":null,"lst_night_dn":0,"qc_night":2,"modis_row":854,"modis_col":690,"source_product":"MOD11A2.061","composite_start":"2026-09-14","units":"degC","scale_factor":0.02},"geometry":{"type":"Polygon","coordinates":[[[77.70616777336454,12.883333332176361],[77.71471630667294,12.883333332176361],[77.71213190849096,12.874999998843778],[77.70358365946352,12.874999998843778],[77.70616777336454,12.883333332176361]]]}},{"type":"Feature","properties":{"lst_c":27.19,"lst_k":300.34,"lst_day_dn":15017,"qc_day":0,"lst_night_c":null,"lst_night_k":null,"lst_night_dn":0,"qc_night":2,"modis_row":854,"modis_col":691,"source_product":"MOD11A2.061","composite_start":"2026-09-14","units":"degC","scale_factor":0.02},"geometry":{"type":"Polygon","coordinates":[[[77.71471630667294,12.883333332176361],[77.72326483998134,12.883333332176361],[77.72068015751842,12.874999998843778],[77.71213190849096,12.874999998843778],[77.71471630667294,12.883333332176361]]]}},{"type":"Feature","properties":{"lst_c":27.01,"lst_k":300.16,"lst_day_dn":15008,"qc_day":0,"lst_night_c":null,"lst_night_k":null,"lst_night_dn":0,"qc_night":2,"modis_row":854,"modis_col":692,"source_product":"MOD11A2.061","composite_start":"2026-09-14","units":"degC","scale_factor":0.02},"geometry":{"type":"Polygon","coordinates":[[[77.72326483998134,12.883333332176361],[77.73181337328975,12.883333332176361],[77.72922840654586,12.874999998843778],[77.72068015751842,12.874999998843778],[77.72326483998134,12.883333332176361]]]}},{"type":"Feature","properties":{"lst_c":27.25,"lst_k":300.4,"lst_day_dn":15020,"qc_day":0,"lst_night_c":null,"lst_night_k":null,"lst_night_dn":0,"qc_night":2,"modis_row":854,"modis_col":693,"source_product":"MOD11A2.061","composite_start":"2026-09-14","units":"degC","scale_factor":0.02},"geometry":{"type":"Polygon","coordinates":[[[77.73181337328975,12.883333332176361],[77.74036190659815,12.883333332176361],[77.7377766555733,12.874999998843778],[77.72922840654586,12.874999998843778],[77.73181337328975,12.883333332176361]]]}},{"type":"Feature","properties":{"lst_c":27.19,"lst_k":300.34,"lst_day_dn":15017,"qc_day":0,"lst_night_c":null,"lst_night_k":null,"lst_night_dn":0,"qc_night":2,"modis_row":854,"modis_col":694,"source_product":"MOD11A2.061","composite_start":"2026-09-14","units":"degC","scale_factor":0.02},"geometry":{"type":"Polygon","coordinates":[[[77.74036190659815,12.883333332176361],[77.74891043990655,12.883333332176361],[77.74632490460074,12.874999998843778],[77.7377766555733,12.874999998843778],[77.74036190659815,12.883333332176361]]]}},{"type":"Feature","properties":{"lst_c":27.17,"lst_k":300.32,"lst_day_dn":15016,"qc_day":0,"lst_night_c":null,"lst_night_k":null,"lst_night_dn":0,"qc_night":2,"modis_row":854,"modis_col":695,"source_product":"MOD11A2.061","composite_start":"2026-09-14","units":"degC","scale_factor":0.02},"geometry":{"type":"Polygon","coordinates":[[[77.74891043990655,12.883333332176361],[77.75745897321497,12.883333332176361],[77.75487315362818,12.874999998843778],[77.74632490460074,12.874999998843778],[77.74891043990655,12.883333332176361]]]}},{"type":"Feature","properties":{"lst_c":27.21,"lst_k":300.36,"lst_day_dn":15018,"qc_day":0,"lst_night_c":null,"lst_night_k":null,"lst_night_dn":0,"qc_night":2,"modis_row":854,"modis_col":696,"source_product":"MOD11A2.061","composite_start":"2026-09-14","units":"degC","scale_factor":0.02},"geometry":{"type":"Polygon","coordinates":[[[77.75745897321497,12.883333332176361],[77.76600750652335,12.883333332176361],[77.76342140265562,12.874999998843778],[77.75487315362818,12.874999998843778],[77.75745897321497,12.883333332176361]]]}},{"type":"Feature","properties":{"lst_c":26.41,"lst_k":299.56,"lst_day_dn":14978,"qc_day":0,"lst_night_c":null,"lst_night_k":null,"lst_night_dn":0,"qc_night":2,"modis_row":855,"modis_col":677,"source_product":"MOD11A2.061","composite_start":"2026-09-14","units":"degC","scale_factor":0.02},"geometry":{"type":"Polygon","coordinates":[[[77.59245642210675,12.874999998843778],[77.60100467113419,12.874999998843778],[77.5984257817027,12.866666665511191],[77.58987781675648,12.866666665511191],[77.59245642210675,12.874999998843778]]]}},{"type":"Feature","properties":{"lst_c":26.19,"lst_k":299.34,"lst_day_dn":14967,"qc_day":0,"lst_night_c":null,"lst_night_k":null,"lst_night_dn":0,"qc_night":2,"modis_row":855,"modis_col":678,"source_product":"MOD11A2.061","composite_start":"2026-09-14","units":"degC","scale_factor":0.02},"geometry":{"type":"Polygon","coordinates":[[[77.60100467113419,12.874999998843778],[77.60955292016165,12.874999998843778],[77.6069737466489,12.866666665511191],[77.5984257817027,12.866666665511191],[77.60100467113419,12.874999998843778]]]}},{"type":"Feature","properties":{"lst_c":26.15,"lst_k":299.3,"lst_day_dn":14965,"qc_day":0,"lst_night_c":null,"lst_night_k":null,"lst_night_dn":0,"qc_night":2,"modis_row":855,"modis_col":679,"source_product":"MOD11A2.061","composite_start":"2026-09-14","units":"degC","scale_factor":0.02},"geometry":{"type":"Polygon","coordinates":[[[77.60955292016165,12.874999998843778],[77.61810116918909,12.874999998843778],[77.61552171159512,12.866666665511191],[77.6069737466489,12.866666665511191],[77.60955292016165,12.874999998843778]]]}},{"type":"Feature","properties":{"lst_c":26.89,"lst_k":300.04,"lst_day_dn":15002,"qc_day":0,"lst_night_c":null,"lst_night_k":null,"lst_night_dn":0,"qc_night":2,"modis_row":855,"modis_col":680,"source_product":"MOD11A2.061","composite_start":"2026-09-14","units":"degC","scale_factor":0.02},"geometry":{"type":"Polygon","coordinates":[[[77.61810116918909,12.874999998843778],[77.62664941821653,12.874999998843778],[77.62406967654134,12.866666665511191],[77.61552171159512,12.866666665511191],[77.61810116918909,12.874999998843778]]]}},{"type":"Feature","properties":{"lst_c":26.81,"lst_k":299.96,"lst_day_dn":14998,"qc_day":0,"lst_night_c":null,"lst_night_k":null,"lst_night_dn":0,"qc_night":2,"modis_row":855,"modis_col":681,"source_product":"MOD11A2.061","composite_start":"2026-09-14","units":"degC","scale_factor":0.02},"geometry":{"type":"Polygon","coordinates":[[[77.62664941821653,12.874999998843778],[77.63519766724399,12.874999998843778],[77.63261764148754,12.866666665511191],[77.62406967654134,12.866666665511191],[77.62664941821653,12.874999998843778]]]}},{"type":"Feature","properties":{"lst_c":26.33,"lst_k":299.48,"lst_day_dn":14974,"qc_day":65,"lst_night_c":null,"lst_night_k":null,"lst_night_dn":0,"qc_night":2,"modis_row":855,"modis_col":682,"source_product":"MOD11A2.061","composite_start":"2026-09-14","units":"degC","scale_factor":0.02},"geometry":{"type":"Polygon","coordinates":[[[77.63519766724399,12.874999998843778],[77.64374591627143,12.874999998843778],[77.64116560643376,12.866666665511191],[77.63261764148754,12.866666665511191],[77.63519766724399,12.874999998843778]]]}},{"type":"Feature","properties":{"lst_c":25.91,"lst_k":299.06,"lst_day_dn":14953,"qc_day":65,"lst_night_c":null,"lst_night_k":null,"lst_night_dn":0,"qc_night":2,"modis_row":855,"modis_col":683,"source_product":"MOD11A2.061","composite_start":"2026-09-14","units":"degC","scale_factor":0.02},"geometry":{"type":"Polygon","coordinates":[[[77.64374591627143,12.874999998843778],[77.65229416529887,12.874999998843778],[77.64971357137998,12.866666665511191],[77.64116560643376,12.866666665511191],[77.64374591627143,12.874999998843778]]]}},{"type":"Feature","properties":{"lst_c":24.71,"lst_k":297.86,"lst_day_dn":14893,"qc_day":65,"lst_night_c":null,"lst_night_k":null,"lst_night_dn":0,"qc_night":2,"modis_row":855,"modis_col":686,"source_product":"MOD11A2.061","composite_start":"2026-09-14","units":"degC","scale_factor":0.02},"geometry":{"type":"Polygon","coordinates":[[[77.66939066335375,12.874999998843778],[77.6779389123812,12.874999998843778],[77.67535746621861,12.866666665511191],[77.6668095012724,12.866666665511191],[77.66939066335375,12.874999998843778]]]}},{"type":"Feature","properties":{"lst_c":24.93,"lst_k":298.08,"lst_day_dn":14904,"qc_day":65,"lst_night_c":null,"lst_night_k":null,"lst_night_dn":0,"qc_night":2,"modis_row":855,"modis_col":687,"source_product":"MOD11A2.061","composite_start":"2026-09-14","units":"degC","scale_factor":0.02},"geometry":{"type":"Polygon","coordinates":[[[77.6779389123812,12.874999998843778],[77.68648716140865,12.874999998843778],[77.68390543116482,12.866666665511191],[77.67535746621861,12.866666665511191],[77.6779389123812,12.874999998843778]]]}},{"type":"Feature","properties":{"lst_c":25.89,"lst_k":299.04,"lst_day_dn":14952,"qc_day":65,"lst_night_c":null,"lst_night_k":null,"lst_night_dn":0,"qc_night":2,"modis_row":855,"modis_col":688,"source_product":"MOD11A2.061","composite_start":"2026-09-14","units":"degC","scale_factor":0.02},"geometry":{"type":"Polygon","coordinates":[[[77.68648716140865,12.874999998843778],[77.69503541043609,12.874999998843778],[77.69245339611103,12.866666665511191],[77.68390543116482,12.866666665511191],[77.68648716140865,12.874999998843778]]]}},{"type":"Feature","properties":{"lst_c":26.59,"lst_k":299.74,"lst_day_dn":14987,"qc_day":65,"lst_night_c":null,"lst_night_k":null,"lst_night_dn":0,"qc_night":2,"modis_row":855,"modis_col":689,"source_product":"MOD11A2.061","composite_start":"2026-09-14","units":"degC","scale_factor":0.02},"geometry":{"type":"Polygon","coordinates":[[[77.69503541043609,12.874999998843778],[77.70358365946352,12.874999998843778],[77.70100136105722,12.866666665511191],[77.69245339611103,12.866666665511191],[77.69503541043609,12.874999998843778]]]}},{"type":"Feature","properties":{"lst_c":27.01,"lst_k":300.16,"lst_day_dn":15008,"qc_day":0,"lst_night_c":null,"lst_night_k":null,"lst_night_dn":0,"qc_night":2,"modis_row":855,"modis_col":690,"source_product":"MOD11A2.061","composite_start":"2026-09-14","units":"degC","scale_factor":0.02},"geometry":{"type":"Polygon","coordinates":[[[77.70358365946352,12.874999998843778],[77.71213190849096,12.874999998843778],[77.70954932600343,12.866666665511191],[77.70100136105722,12.866666665511191],[77.70358365946352,12.874999998843778]]]}},{"type":"Feature","properties":{"lst_c":27.33,"lst_k":300.48,"lst_day_dn":15024,"qc_day":0,"lst_night_c":null,"lst_night_k":null,"lst_night_dn":0,"qc_night":2,"modis_row":855,"modis_col":691,"source_product":"MOD11A2.061","composite_start":"2026-09-14","units":"degC","scale_factor":0.02},"geometry":{"type":"Polygon","coordinates":[[[77.71213190849096,12.874999998843778],[77.72068015751842,12.874999998843778],[77.71809729094964,12.866666665511191],[77.70954932600343,12.866666665511191],[77.71213190849096,12.874999998843778]]]}},{"type":"Feature","properties":{"lst_c":27.17,"lst_k":300.32,"lst_day_dn":15016,"qc_day":0,"lst_night_c":null,"lst_night_k":null,"lst_night_dn":0,"qc_night":2,"modis_row":855,"modis_col":692,"source_product":"MOD11A2.061","composite_start":"2026-09-14","units":"degC","scale_factor":0.02},"geometry":{"type":"Polygon","coordinates":[[[77.72068015751842,12.874999998843778],[77.72922840654586,12.874999998843778],[77.72664525589586,12.866666665511191],[77.71809729094964,12.866666665511191],[77.72068015751842,12.874999998843778]]]}},{"type":"Feature","properties":{"lst_c":27.21,"lst_k":300.36,"lst_day_dn":15018,"qc_day":0,"lst_night_c":null,"lst_night_k":null,"lst_night_dn":0,"qc_night":2,"modis_row":855,"modis_col":693,"source_product":"MOD11A2.061","composite_start":"2026-09-14","units":"degC","scale_factor":0.02},"geometry":{"type":"Polygon","coordinates":[[[77.72922840654586,12.874999998843778],[77.7377766555733,12.874999998843778],[77.73519322084206,12.866666665511191],[77.72664525589586,12.866666665511191],[77.72922840654586,12.874999998843778]]]}},{"type":"Feature","properties":{"lst_c":27.31,"lst_k":300.46,"lst_day_dn":15023,"qc_day":0,"lst_night_c":null,"lst_night_k":null,"lst_night_dn":0,"qc_night":2,"modis_row":855,"modis_col":694,"source_product":"MOD11A2.061","composite_start":"2026-09-14","units":"degC","scale_factor":0.02},"geometry":{"type":"Polygon","coordinates":[[[77.7377766555733,12.874999998843778],[77.74632490460074,12.874999998843778],[77.74374118578828,12.866666665511191],[77.73519322084206,12.866666665511191],[77.7377766555733,12.874999998843778]]]}},{"type":"Feature","properties":{"lst_c":27.41,"lst_k":300.56,"lst_day_dn":15028,"qc_day":0,"lst_night_c":null,"lst_night_k":null,"lst_night_dn":0,"qc_night":2,"modis_row":855,"modis_col":695,"source_product":"MOD11A2.061","composite_start":"2026-09-14","units":"degC","scale_factor":0.02},"geometry":{"type":"Polygon","coordinates":[[[77.74632490460074,12.874999998843778],[77.75487315362818,12.874999998843778],[77.7522891507345,12.866666665511191],[77.74374118578828,12.866666665511191],[77.74632490460074,12.874999998843778]]]}},{"type":"Feature","properties":{"lst_c":27.45,"lst_k":300.6,"lst_day_dn":15030,"qc_day":0,"lst_night_c":null,"lst_night_k":null,"lst_night_dn":0,"qc_night":2,"modis_row":855,"modis_col":696,"source_product":"MOD11A2.061","composite_start":"2026-09-14","units":"degC","scale_factor":0.02},"geometry":{"type":"Polygon","coordinates":[[[77.75487315362818,12.874999998843778],[77.76342140265562,12.874999998843778],[77.7608371156807,12.866666665511191],[77.7522891507345,12.866666665511191],[77.75487315362818,12.874999998843778]]]}},{"type":"Feature","properties":{"lst_c":26.61,"lst_k":299.76,"lst_day_dn":14988,"qc_day":0,"lst_night_c":null,"lst_night_k":null,"lst_night_dn":0,"qc_night":2,"modis_row":856,"modis_col":677,"source_product":"MOD11A2.061","composite_start":"2026-09-14","units":"degC","scale_factor":0.02},"geometry":{"type":"Polygon","coordinates":[[[77.58987781675648,12.866666665511191],[77.5984257817027,12.866666665511191],[77.59584870507939,12.858333332178608],[77.5873010240147,12.858333332178608],[77.58987781675648,12.866666665511191]]]}},{"type":"Feature","properties":{"lst_c":26.47,"lst_k":299.62,"lst_day_dn":14981,"qc_day":0,"lst_night_c":null,"lst_night_k":null,"lst_night_dn":0,"qc_night":2,"modis_row":856,"modis_col":678,"source_product":"MOD11A2.061","composite_start":"2026-09-14","units":"degC","scale_factor":0.02},"geometry":{"type":"Polygon","coordinates":[[[77.5984257817027,12.866666665511191],[77.6069737466489,12.866666665511191],[77.60439638614406,12.858333332178608],[77.59584870507939,12.858333332178608],[77.5984257817027,12.866666665511191]]]}},{"type":"Feature","properties":{"lst_c":26.13,"lst_k":299.28,"lst_day_dn":14964,"qc_day":0,"lst_night_c":null,"lst_night_k":null,"lst_night_dn":0,"qc_night":2,"modis_row":856,"modis_col":679,"source_product":"MOD11A2.061","composite_start":"2026-09-14","units":"degC","scale_factor":0.02},"geometry":{"type":"Polygon","coordinates":[[[77.6069737466489,12.866666665511191],[77.61552171159512,12.866666665511191],[77.61294406720873,12.858333332178608],[77.60439638614406,12.858333332178608],[77.6069737466489,12.866666665511191]]]}},{"type":"Feature","properties":{"lst_c":26.75,"lst_k":299.9,"lst_day_dn":14995,"qc_day":0,"lst_night_c":null,"lst_night_k":null,"lst_night_dn":0,"qc_night":2,"modis_row":856,"modis_col":680,"source_product":"MOD11A2.061","composite_start":"2026-09-14","units":"degC","scale_factor":0.02},"geometry":{"type":"Polygon","coordinates":[[[77.61552171159512,12.866666665511191],[77.62406967654134,12.866666665511191],[77.6214917482734,12.858333332178608],[77.61294406720873,12.858333332178608],[77.61552171159512,12.866666665511191]]]}},{"type":"Feature","properties":{"lst_c":26.73,"lst_k":299.88,"lst_day_dn":14994,"qc_day":0,"lst_night_c":null,"lst_night_k":null,"lst_night_dn":0,"qc_night":2,"modis_row":856,"modis_col":681,"source_product":"MOD11A2.061","composite_start":"2026-09-14","units":"degC","scale_factor":0.02},"geometry":{"type":"Polygon","coordinates":[[[77.62406967654134,12.866666665511191],[77.63261764148754,12.866666665511191],[77.63003942933807,12.858333332178608],[77.6214917482734,12.858333332178608],[77.62406967654134,12.866666665511191]]]}},{"type":"Feature","properties":{"lst_c":26.53,"lst_k":299.68,"lst_day_dn":14984,"qc_day":65,"lst_night_c":null,"lst_night_k":null,"lst_night_dn":0,"qc_night":2,"modis_row":856,"modis_col":682,"source_product":"MOD11A2.061","composite_start":"2026-09-14","units":"degC","scale_factor":0.02},"geometry":{"type":"Polygon","coordinates":[[[77.63261764148754,12.866666665511191],[77.64116560643376,12.866666665511191],[77.63858711040274,12.858333332178608],[77.63003942933807,12.858333332178608],[77.63261764148754,12.866666665511191]]]}},{"type":"Feature","properties":{"lst_c":26.01,"lst_k":299.16,"lst_day_dn":14958,"qc_day":65,"lst_night_c":null,"lst_night_k":null,"lst_night_dn":0,"qc_night":2,"modis_row":856,"modis_col":683,"source_product":"MOD11A2.061","composite_start":"2026-09-14","units":"degC","scale_factor":0.02},"geometry":{"type":"Polygon","coordinates":[[[77.64116560643376,12.866666665511191],[77.64971357137998,12.866666665511191],[77.64713479146741,12.858333332178608],[77.63858711040274,12.858333332178608],[77.64116560643376,12.866666665511191]]]}},{"type":"Feature","properties":{"lst_c":26.03,"lst_k":299.18,"lst_day_dn":14959,"qc_day":65,"lst_night_c":null,"lst_night_k":null,"lst_night_dn":0,"qc_night":2,"modis_row":856,"modis_col":684,"source_product":"MOD11A2.061","composite_start":"2026-09-14","units":"degC","scale_factor":0.02},"geometry":{"type":"Polygon","coordinates":[[[77.64971357137998,12.866666665511191],[77.65826153632618,12.866666665511191],[77.65568247253209,12.858333332178608],[77.64713479146741,12.858333332178608],[77.64971357137998,12.866666665511191]]]}},{"type":"Feature","properties":{"lst_c":25.49,"lst_k":298.64,"lst_day_dn":14932,"qc_day":65,"lst_night_c":null,"lst_night_k":null,"lst_night_dn":0,"qc_night":2,"modis_row":856,"modis_col":685,"source_product":"MOD11A2.061","composite_start":"2026-09-14","units":"degC","scale_factor":0.02},"geometry":{"type":"Polygon","coordinates":[[[77.65826153632618,12.866666665511191],[77.6668095012724,12.866666665511191],[77.66423015359676,12.858333332178608],[77.65568247253209,12.858333332178608],[77.65826153632618,12.866666665511191]]]}},{"type":"Feature","properties":{"lst_c":25.45,"lst_k":298.6,"lst_day_dn":14930,"qc_day":65,"lst_night_c":null,"lst_night_k":null,"lst_night_dn":0,"qc_night":2,"modis_row":856,"modis_col":686,"source_product":"MOD11A2.061","composite_start":"2026-09-14","units":"degC","scale_factor":0.02},"geometry":{"type":"Polygon","coordinates":[[[77.6668095012724,12.866666665511191],[77.67535746621861,12.866666665511191],[77.67277783466143,12.858333332178608],[77.66423015359676,12.858333332178608],[77.6668095012724,12.866666665511191]]]}},{"type":"Feature","properties":{"lst_c":25.23,"lst_k":298.38,"lst_day_dn":14919,"qc_day":65,"lst_night_c":null,"lst_night_k":null,"lst_night_dn":0,"qc_night":2,"modis_row":856,"modis_col":687,"source_product":"MOD11A2.061","composite_start":"2026-09-14","units":"degC","scale_factor":0.02},"geometry":{"type":"Polygon","coordinates":[[[77.67535746621861,12.866666665511191],[77.68390543116482,12.866666665511191],[77.6813255157261,12.858333332178608],[77.67277783466143,12.858333332178608],[77.67535746621861,12.866666665511191]]]}},{"type":"Feature","properties":{"lst_c":25.69,"lst_k":298.84,"lst_day_dn":14942,"qc_day":65,"lst_night_c":null,"lst_night_k":null,"lst_night_dn":0,"qc_night":2,"modis_row":856,"modis_col":688,"source_product":"MOD11A2.061","composite_start":"2026-09-14","units":"degC","scale_factor":0.02},"geometry":{"type":"Polygon","coordinates":[[[77.68390543116482,12.866666665511191],[77.69245339611103,12.866666665511191],[77.68987319679077,12.858333332178608],[77.6813255157261,12.858333332178608],[77.68390543116482,12.866666665511191]]]}},{"type":"Feature","properties":{"lst_c":26.27,"lst_k":299.42,"lst_day_dn":14971,"qc_day":65,"lst_night_c":null,"lst_night_k":null,"lst_night_dn":0,"qc_night":2,"modis_row":856,"modis_col":689,"source_product":"MOD11A2.061","composite_start":"2026-09-14","units":"degC","scale_factor":0.02},"geometry":{"type":"Polygon","coordinates":[[[77.69245339611103,12.866666665511191],[77.70100136105722,12.866666665511191],[77.69842087785543,12.858333332178608],[77.68987319679077,12.858333332178608],[77.69245339611103,12.866666665511191]]]}},{"type":"Feature","properties":{"lst_c":26.69,"lst_k":299.84,"lst_day_dn":14992,"qc_day":65,"lst_night_c":null,"lst_night_k":null,"lst_night_dn":0,"qc_night":2,"modis_row":856,"modis_col":690,"source_product":"MOD11A2.061","composite_start":"2026-09-14","units":"degC","scale_factor":0.02},"geometry":{"type":"Polygon","coordinates":[[[77.70100136105722,12.866666665511191],[77.70954932600343,12.866666665511191],[77.70696855892011,12.858333332178608],[77.69842087785543,12.858333332178608],[77.70100136105722,12.866666665511191]]]}},{"type":"Feature","properties":{"lst_c":27.01,"lst_k":300.16,"lst_day_dn":15008,"qc_day":65,"lst_night_c":null,"lst_night_k":null,"lst_night_dn":0,"qc_night":2,"modis_row":856,"modis_col":691,"source_product":"MOD11A2.061","composite_start":"2026-09-14","units":"degC","scale_factor":0.02},"geometry":{"type":"Polygon","coordinates":[[[77.70954932600343,12.866666665511191],[77.71809729094964,12.866666665511191],[77.71551623998478,12.858333332178608],[77.70696855892011,12.858333332178608],[77.70954932600343,12.866666665511191]]]}},{"type":"Feature","properties":{"lst_c":26.93,"lst_k":300.08,"lst_day_dn":15004,"qc_day":65,"lst_night_c":null,"lst_night_k":null,"lst_night_dn":0,"qc_night":2,"modis_row":856,"modis_col":692,"source_product":"MOD11A2.061","composite_start":"2026-09-14","units":"degC","scale_factor":0.02},"geometry":{"type":"Polygon","coordinates":[[[77.71809729094964,12.866666665511191],[77.72664525589586,12.866666665511191],[77.72406392104945,12.858333332178608],[77.71551623998478,12.858333332178608],[77.71809729094964,12.866666665511191]]]}},{"type":"Feature","properties":{"lst_c":27.07,"lst_k":300.22,"lst_day_dn":15011,"qc_day":0,"lst_night_c":null,"lst_night_k":null,"lst_night_dn":0,"qc_night":2,"modis_row":856,"modis_col":693,"source_product":"MOD11A2.061","composite_start":"2026-09-14","units":"degC","scale_factor":0.02},"geometry":{"type":"Polygon","coordinates":[[[77.72664525589586,12.866666665511191],[77.73519322084206,12.866666665511191],[77.73261160211412,12.858333332178608],[77.72406392104945,12.858333332178608],[77.72664525589586,12.866666665511191]]]}},{"type":"Feature","properties":{"lst_c":27.07,"lst_k":300.22,"lst_day_dn":15011,"qc_day":0,"lst_night_c":null,"lst_night_k":null,"lst_night_dn":0,"qc_night":2,"modis_row":856,"modis_col":694,"source_product":"MOD11A2.061","composite_start":"2026-09-14","units":"degC","scale_factor":0.02},"geometry":{"type":"Polygon","coordinates":[[[77.73519322084206,12.866666665511191],[77.74374118578828,12.866666665511191],[77.74115928317879,12.858333332178608],[77.73261160211412,12.858333332178608],[77.73519322084206,12.866666665511191]]]}},{"type":"Feature","properties":{"lst_c":26.97,"lst_k":300.12,"lst_day_dn":15006,"qc_day":0,"lst_night_c":null,"lst_night_k":null,"lst_night_dn":0,"qc_night":2,"modis_row":856,"modis_col":695,"source_product":"MOD11A2.061","composite_start":"2026-09-14","units":"degC","scale_factor":0.02},"geometry":{"type":"Polygon","coordinates":[[[77.74374118578828,12.866666665511191],[77.7522891507345,12.866666665511191],[77.74970696424346,12.858333332178608],[77.74115928317879,12.858333332178608],[77.74374118578828,12.866666665511191]]]}},{"type":"Feature","properties":{"lst_c":27.29,"lst_k":300.44,"lst_day_dn":15022,"qc_day":0,"lst_night_c":null,"lst_night_k":null,"lst_night_dn":0,"qc_night":2,"modis_row":856,"modis_col":696,"source_product":"MOD11A2.061","composite_start":"2026-09-14","units":"degC","scale_factor":0.02},"geometry":{"type":"Polygon","coordinates":[[[77.7522891507345,12.866666665511191],[77.7608371156807,12.866666665511191],[77.75825464530814,12.858333332178608],[77.74970696424346,12.858333332178608],[77.7522891507345,12.866666665511191]]]}},{"type":"Feature","properties":{"lst_c":21.73,"lst_k":294.88,"lst_day_dn":14744,"qc_day":65,"lst_night_c":null,"lst_night_k":null,"lst_night_dn":0,"qc_night":2,"modis_row":857,"modis_col":653,"source_product":"MOD11A2.061","composite_start":"2026-09-14","units":"degC","scale_factor":0.02},"geometry":{"type":"Polygon","coordinates":[[[77.38215667846262,12.858333332178608],[77.3907043595273,12.858333332178608],[77.38813590378766,12.849999998846023],[77.37958850640486,12.849999998846023],[77.38215667846262,12.858333332178608]]]}},{"type":"Feature","properties":{"lst_c":21.73,"lst_k":294.88,"lst_day_dn":14744,"qc_day":65,"lst_night_c":null,"lst_night_k":null,"lst_night_dn":0,"qc_night":2,"modis_row":857,"modis_col":654,"source_product":"MOD11A2.061","composite_start":"2026-09-14","units":"degC","scale_factor":0.02},"geometry":{"type":"Polygon","coordinates":[[[77.3907043595273,12.858333332178608],[77.39925204059197,12.858333332178608],[77.39668330117044,12.849999998846023],[77.38813590378766,12.849999998846023],[77.3907043595273,12.858333332178608]]]}},{"type":"Feature","properties":{"lst_c":21.73,"lst_k":294.88,"lst_day_dn":14744,"qc_day":65,"lst_night_c":null,"lst_night_k":null,"lst_night_dn":0,"qc_night":2,"modis_row":857,"modis_col":655,"source_product":"MOD11A2.061","composite_start":"2026-09-14","units":"degC","scale_factor":0.02},"geometry":{"type":"Polygon","coordinates":[[[77.39925204059197,12.858333332178608],[77.40779972165664,12.858333332178608],[77.40523069855324,12.849999998846023],[77.39668330117044,12.849999998846023],[77.39925204059197,12.858333332178608]]]}},{"type":"Feature","properties":{"lst_c":26.65,"lst_k":299.8,"lst_day_dn":14990,"qc_day":0,"lst_night_c":null,"lst_night_k":null,"lst_night_dn":0,"qc_night":2,"modis_row":857,"modis_col":677,"source_product":"MOD11A2.061","composite_start":"2026-09-14","units":"degC","scale_factor":0.02},"geometry":{"type":"Polygon","coordinates":[[[77.5873010240147,12.858333332178608],[77.59584870507939,12.858333332178608],[77.59327344097463,12.849999998846023],[77.58472604359184,12.849999998846023],[77.5873010240147,12.858333332178608]]]}},{"type":"Feature","properties":{"lst_c":26.61,"lst_k":299.76,"lst_day_dn":14988,"qc_day":0,"lst_night_c":null,"lst_night_k":null,"lst_night_dn":0,"qc_night":2,"modis_row":857,"modis_col":678,"source_product":"MOD11A2.061","composite_start":"2026-09-14","units":"degC","scale_factor":0.02},"geometry":{"type":"Polygon","coordinates":[[[77.59584870507939,12.858333332178608],[77.60439638614406,12.858333332178608],[77.60182083835743,12.849999998846023],[77.59327344097463,12.849999998846023],[77.59584870507939,12.858333332178608]]]}},{"type":"Feature","properties":{"lst_c":26.31,"lst_k":299.46,"lst_day_dn":14973,"qc_day":0,"lst_night_c":null,"lst_night_k":null,"lst_night_dn":0,"qc_night":2,"modis_row":857,"modis_col":679,"source_product":"MOD11A2.061","composite_start":"2026-09-14","units":"degC","scale_factor":0.02},"geometry":{"type":"Polygon","coordinates":[[[77.60439638614406,12.858333332178608],[77.61294406720873,12.858333332178608],[77.61036823574021,12.849999998846023],[77.60182083835743,12.849999998846023],[77.60439638614406,12.858333332178608]]]}},{"type":"Feature","properties":{"lst_c":26.69,"lst_k":299.84,"lst_day_dn":14992,"qc_day":0,"lst_night_c":null,"lst_night_k":null,"lst_night_dn":0,"qc_night":2,"modis_row":857,"modis_col":680,"source_product":"MOD11A2.061","composite_start":"2026-09-14","units":"degC","scale_factor":0.02},"geometry":{"type":"Polygon","coordinates":[[[77.61294406720873,12.858333332178608],[77.6214917482734,12.858333332178608],[77.618915633123,12.849999998846023],[77.61036823574021,12.849999998846023],[77.61294406720873,12.858333332178608]]]}},{"type":"Feature","properties":{"lst_c":26.53,"lst_k":299.68,"lst_day_dn":14984,"qc_day":0,"lst_night_c":null,"lst_night_k":null,"lst_night_dn":0,"qc_night":2,"modis_row":857,"modis_col":681,"source_product":"MOD11A2.061","composite_start":"2026-09-14","units":"degC","scale_factor":0.02},"geometry":{"type":"Polygon","coordinates":[[[77.6214917482734,12.858333332178608],[77.63003942933807,12.858333332178608],[77.6274630305058,12.849999998846023],[77.618915633123,12.849999998846023],[77.6214917482734,12.858333332178608]]]}},{"type":"Feature","properties":{"lst_c":26.21,"lst_k":299.36,"lst_day_dn":14968,"qc_day":65,"lst_night_c":null,"lst_night_k":null,"lst_night_dn":0,"qc_night":2,"modis_row":857,"modis_col":682,"source_product":"MOD11A2.061","composite_start":"2026-09-14","units":"degC","scale_factor":0.02},"geometry":{"type":"Polygon","coordinates":[[[77.63003942933807,12.858333332178608],[77.63858711040274,12.858333332178608],[77.63601042788859,12.849999998846023],[77.6274630305058,12.849999998846023],[77.63003942933807,12.858333332178608]]]}},{"type":"Feature","properties":{"lst_c":25.81,"lst_k":298.96,"lst_day_dn":14948,"qc_day":65,"lst_night_c":null,"lst_night_k":null,"lst_night_dn":0,"qc_night":2,"modis_row":857,"modis_col":683,"source_product":"MOD11A2.061","composite_start":"2026-09-14","units":"degC","scale_factor":0.02},"geometry":{"type":"Polygon","coordinates":[[[77.63858711040274,12.858333332178608],[77.64713479146741,12.858333332178608],[77.64455782527138,12.849999998846023],[77.63601042788859,12.849999998846023],[77.63858711040274,12.858333332178608]]]}},{"type":"Feature","properties":{"lst_c":25.81,"lst_k":298.96,"lst_day_dn":14948,"qc_day":65,"lst_night_c":null,"lst_night_k":null,"lst_night_dn":0,"qc_night":2,"modis_row":857,"modis_col":684,"source_product":"MOD11A2.061","composite_start":"2026-09-14","units":"degC","scale_factor":0.02},"geometry":{"type":"Polygon","coordinates":[[[77.64713479146741,12.858333332178608],[77.65568247253209,12.858333332178608],[77.65310522265418,12.849999998846023],[77.64455782527138,12.849999998846023],[77.64713479146741,12.858333332178608]]]}},{"type":"Feature","properties":{"lst_c":25.53,"lst_k":298.68,"lst_day_dn":14934,"qc_day":65,"lst_night_c":null,"lst_night_k":null,"lst_night_dn":0,"qc_night":2,"modis_row":857,"modis_col":685,"source_product":"MOD11A2.061","composite_start":"2026-09-14","units":"degC","scale_factor":0.02},"geometry":{"type":"Polygon","coordinates":[[[77.65568247253209,12.858333332178608],[77.66423015359676,12.858333332178608],[77.66165262003697,12.849999998846023],[77.65310522265418,12.849999998846023],[77.65568247253209,12.858333332178608]]]}},{"type":"Feature","properties":{"lst_c":25.53,"lst_k":298.68,"lst_day_dn":14934,"qc_day":65,"lst_night_c":null,"lst_night_k":null,"lst_night_dn":0,"qc_night":2,"modis_row":857,"modis_col":686,"source_product":"MOD11A2.061","composite_start":"2026-09-14","units":"degC","scale_factor":0.02},"geometry":{"type":"Polygon","coordinates":[[[77.66423015359676,12.858333332178608],[77.67277783466143,12.858333332178608],[77.67020001741975,12.849999998846023],[77.66165262003697,12.849999998846023],[77.66423015359676,12.858333332178608]]]}},{"type":"Feature","properties":{"lst_c":25.49,"lst_k":298.64,"lst_day_dn":14932,"qc_day":65,"lst_night_c":null,"lst_night_k":null,"lst_night_dn":0,"qc_night":2,"modis_row":857,"modis_col":687,"source_product":"MOD11A2.061","composite_start":"2026-09-14","units":"degC","scale_factor":0.02},"geometry":{"type":"Polygon","coordinates":[[[77.67277783466143,12.858333332178608],[77.6813255157261,12.858333332178608],[77.67874741480254,12.849999998846023],[77.67020001741975,12.849999998846023],[77.67277783466143,12.858333332178608]]]}},{"type":"Feature","properties":{"lst_c":25.65,"lst_k":298.8,"lst_day_dn":14940,"qc_day":65,"lst_night_c":null,"lst_night_k":null,"lst_night_dn":0,"qc_night":2,"modis_row":857,"modis_col":688,"source_product":"MOD11A2.061","composite_start":"2026-09-14","units":"degC","scale_factor":0.02},"geometry":{"type":"Polygon","coordinates":[[[77.6813255157261,12.858333332178608],[77.68987319679077,12.858333332178608],[77.68729481218534,12.849999998846023],[77.67874741480254,12.849999998846023],[77.6813255157261,12.858333332178608]]]}},{"type":"Feature","properties":{"lst_c":26.09,"lst_k":299.24,"lst_day_dn":14962,"qc_day":65,"lst_night_c":null,"lst_night_k":null,"lst_night_dn":0,"qc_night":2,"modis_row":857,"modis_col":689,"source_product":"MOD11A2.061","composite_start":"2026-09-14","units":"degC","scale_factor":0.02},"geometry":{"type":"Polygon","coordinates":[[[77.68987319679077,12.858333332178608],[77.69842087785543,12.858333332178608],[77.69584220956811,12.849999998846023],[77.68729481218534,12.849999998846023],[77.68987319679077,12.858333332178608]]]}},{"type":"Feature","properties":{"lst_c":26.51,"lst_k":299.66,"lst_day_dn":14983,"qc_day":65,"lst_night_c":null,"lst_night_k":null,"lst_night_dn":0,"qc_night":2,"modis_row":857,"modis_col":690,"source_product":"MOD11A2.061","composite_start":"2026-09-14","units":"degC","scale_factor":0.02},"geometry":{"type":"Polygon","coordinates":[[[77.69842087785543,12.858333332178608],[77.70696855892011,12.858333332178608],[77.7043896069509,12.849999998846023],[77.69584220956811,12.849999998846023],[77.69842087785543,12.858333332178608]]]}},{"type":"Feature","properties":{"lst_c":26.75,"lst_k":299.9,"lst_day_dn":14995,"qc_day":65,"lst_night_c":null,"lst_night_k":null,"lst_night_dn":0,"qc_night":2,"modis_row":857,"modis_col":691,"source_product":"MOD11A2.061","composite_start":"2026-09-14","units":"degC","scale_factor":0.02},"geometry":{"type":"Polygon","coordinates":[[[77.70696855892011,12.858333332178608],[77.71551623998478,12.858333332178608],[77.7129370043337,12.849999998846023],[77.7043896069509,12.849999998846023],[77.70696855892011,12.858333332178608]]]}},{"type":"Feature","properties":{"lst_c":26.65,"lst_k":299.8,"lst_day_dn":14990,"qc_day":65,"lst_night_c":null,"lst_night_k":null,"lst_night_dn":0,"qc_night":2,"modis_row":857,"modis_col":692,"source_product":"MOD11A2.061","composite_start":"2026-09-14","units":"degC","scale_factor":0.02},"geometry":{"type":"Polygon","coordinates":[[[77.71551623998478,12.858333332178608],[77.72406392104945,12.858333332178608],[77.7214844017165,12.849999998846023],[77.7129370043337,12.849999998846023],[77.71551623998478,12.858333332178608]]]}},{"type":"Feature","properties":{"lst_c":26.77,"lst_k":299.92,"lst_day_dn":14996,"qc_day":65,"lst_night_c":null,"lst_night_k":null,"lst_night_dn":0,"qc_night":2,"modis_row":857,"modis_col":693,"source_product":"MOD11A2.061","composite_start":"2026-09-14","units":"degC","scale_factor":0.02},"geometry":{"type":"Polygon","coordinates":[[[77.72406392104945,12.858333332178608],[77.73261160211412,12.858333332178608],[77.73003179909928,12.849999998846023],[77.7214844017165,12.849999998846023],[77.72406392104945,12.858333332178608]]]}},{"type":"Feature","properties":{"lst_c":26.97,"lst_k":300.12,"lst_day_dn":15006,"qc_day":0,"lst_night_c":null,"lst_night_k":null,"lst_night_dn":0,"qc_night":2,"modis_row":857,"modis_col":694,"source_product":"MOD11A2.061","composite_start":"2026-09-14","units":"degC","scale_factor":0.02},"geometry":{"type":"Polygon","coordinates":[[[77.73261160211412,12.858333332178608],[77.74115928317879,12.858333332178608],[77.73857919648208,12.849999998846023],[77.73003179909928,12.849999998846023],[77.73261160211412,12.858333332178608]]]}},{"type":"Feature","properties":{"lst_c":27.01,"lst_k":300.16,"lst_day_dn":15008,"qc_day":0,"lst_night_c":null,"lst_night_k":null,"lst_night_dn":0,"qc_night":2,"modis_row":857,"modis_col":695,"source_product":"MOD11A2.061","composite_start":"2026-09-14","units":"degC","scale_factor":0.02},"geometry":{"type":"Polygon","coordinates":[[[77.74115928317879,12.858333332178608],[77.74970696424346,12.858333332178608],[77.74712659386488,12.849999998846023],[77.73857919648208,12.849999998846023],[77.74115928317879,12.858333332178608]]]}},{"type":"Feature","properties":{"lst_c":26.85,"lst_k":300.0,"lst_day_dn":15000,"qc_day":0,"lst_night_c":null,"lst_night_k":null,"lst_night_dn":0,"qc_night":2,"modis_row":857,"modis_col":696,"source_product":"MOD11A2.061","composite_start":"2026-09-14","units":"degC","scale_factor":0.02},"geometry":{"type":"Polygon","coordinates":[[[77.74970696424346,12.858333332178608],[77.75825464530814,12.858333332178608],[77.75567399124765,12.849999998846023],[77.74712659386488,12.849999998846023],[77.74970696424346,12.858333332178608]]]}},{"type":"Feature","properties":{"lst_c":21.73,"lst_k":294.88,"lst_day_dn":14744,"qc_day":65,"lst_night_c":null,"lst_night_k":null,"lst_night_dn":0,"qc_night":2,"modis_row":858,"modis_col":653,"source_product":"MOD11A2.061","composite_start":"2026-09-14","units":"degC","scale_factor":0.02},"geometry":{"type":"Polygon","coordinates":[[[77.37958850640486,12.849999998846023],[77.38813590378766,12.849999998846023],[77.38556925548606,12.841666665513438],[77.37702214158553,12.841666665513438],[77.37958850640486,12.849999998846023]]]}},{"type":"Feature","properties":{"lst_c":21.73,"lst_k":294.88,"lst_day_dn":14744,"qc_day":65,"lst_night_c":null,"lst_night_k":null,"lst_night_dn":0,"qc_night":2,"modis_row":858,"modis_col":654,"source_product":"MOD11A2.061","composite_start":"2026-09-14","units":"degC","scale_factor":0.02},"geometry":{"type":"Polygon","coordinates":[[[77.38813590378766,12.849999998846023],[77.39668330117044,12.849999998846023],[77.39411636938661,12.841666665513438],[77.38556925548606,12.841666665513438],[77.38813590378766,12.849999998846023]]]}},{"type":"Feature","properties":{"lst_c":21.73,"lst_k":294.88,"lst_day_dn":14744,"qc_day":65,"lst_night_c":null,"lst_night_k":null,"lst_night_dn":0,"qc_night":2,"modis_row":858,"modis_col":655,"source_product":"MOD11A2.061","composite_start":"2026-09-14","units":"degC","scale_factor":0.02},"geometry":{"type":"Polygon","coordinates":[[[77.39668330117044,12.849999998846023],[77.40523069855324,12.849999998846023],[77.40266348328714,12.841666665513438],[77.39411636938661,12.841666665513438],[77.39668330117044,12.849999998846023]]]}},{"type":"Feature","properties":{"lst_c":25.59,"lst_k":298.74,"lst_day_dn":14937,"qc_day":65,"lst_night_c":null,"lst_night_k":null,"lst_night_dn":0,"qc_night":2,"modis_row":858,"modis_col":676,"source_product":"MOD11A2.061","composite_start":"2026-09-14","units":"degC","scale_factor":0.02},"geometry":{"type":"Polygon","coordinates":[[[77.57617864620904,12.849999998846023],[77.58472604359184,12.849999998846023],[77.58215287519846,12.841666665513438],[77.57360576129793,12.841666665513438],[77.57617864620904,12.849999998846023]]]}},{"type":"Feature","properties":{"lst_c":25.91,"lst_k":299.06,"lst_day_dn":14953,"qc_day":65,"lst_night_c":null,"lst_night_k":null,"lst_night_dn":0,"qc_night":2,"modis_row":858,"modis_col":677,"source_product":"MOD11A2.061","composite_start":"2026-09-14","units":"degC","scale_factor":0.02},"geometry":{"type":"Polygon","coordinates":[[[77.58472604359184,12.849999998846023],[77.59327344097463,12.849999998846023],[77.59069998909901,12.841666665513438],[77.58215287519846,12.841666665513438],[77.58472604359184,12.849999998846023]]]}},{"type":"Feature","properties":{"lst_c":26.27,"lst_k":299.42,"lst_day_dn":14971,"qc_day":65,"lst_night_c":null,"lst_night_k":null,"lst_night_dn":0,"qc_night":2,"modis_row":858,"modis_col":678,"source_product":"MOD11A2.061","composite_start":"2026-09-14","units":"degC","scale_factor":0.02},"geometry":{"type":"Polygon","coordinates":[[[77.59327344097463,12.849999998846023],[77.60182083835743,12.849999998846023],[77.59924710299954,12.841666665513438],[77.59069998909901,12.841666665513438],[77.59327344097463,12.849999998846023]]]}},{"type":"Feature","properties":{"lst_c":26.25,"lst_k":299.4,"lst_day_dn":14970,"qc_day":0,"lst_night_c":null,"lst_night_k":null,"lst_night_dn":0,"qc_night":2,"modis_row":858,"modis_col":679,"source_product":"MOD11A2.061","composite_start":"2026-09-14","units":"degC","scale_factor":0.02},"geometry":{"type":"Polygon","coordinates":[[[77.60182083835743,12.849999998846023],[77.61036823574021,12.849999998846023],[77.60779421690009,12.841666665513438],[77.59924710299954,12.841666665513438],[77.60182083835743,12.849999998846023]]]}},{"type":"Feature","properties":{"lst_c":26.51,"lst_k":299.66,"lst_day_dn":14983,"qc_day":0,"lst_night_c":null,"lst_night_k":null,"lst_night_dn":0,"qc_night":2,"modis_row":858,"modis_col":680,"source_product":"MOD11A2.061","composite_start":"2026-09-14","units":"degC","scale_factor":0.02},"geometry":{"type":"Polygon","coordinates":[[[77.61036823574021,12.849999998846023],[77.618915633123,12.849999998846023],[77.61634133080062,12.841666665513438],[77.60779421690009,12.841666665513438],[77.61036823574021,12.849999998846023]]]}},{"type":"Feature","properties":{"lst_c":26.61,"lst_k":299.76,"lst_day_dn":14988,"qc_day":0,"lst_night_c":null,"lst_night_k":null,"lst_night_dn":0,"qc_night":2,"modis_row":858,"modis_col":681,"source_product":"MOD11A2.061","composite_start":"2026-09-14","units":"degC","scale_factor":0.02},"geometry":{"type":"Polygon","coordinates":[[[77.618915633123,12.849999998846023],[77.6274630305058,12.849999998846023],[77.62488844470117,12.841666665513438],[77.61634133080062,12.841666665513438],[77.618915633123,12.849999998846023]]]}},{"type":"Feature","properties":{"lst_c":26.43,"lst_k":299.58,"lst_day_dn":14979,"qc_day":65,"lst_night_c":null,"lst_night_k":null,"lst_night_dn":0,"qc_night":2,"modis_row":858,"modis_col":682,"source_product":"MOD11A2.061","composite_start":"2026-09-14","units":"degC","scale_factor":0.02},"geometry":{"type":"Polygon","coordinates":[[[77.6274630305058,12.849999998846023],[77.63601042788859,12.849999998846023],[77.6334355586017,12.841666665513438],[77.62488844470117,12.841666665513438],[77.6274630305058,12.849999998846023]]]}},{"type":"Feature","properties":{"lst_c":26.23,"lst_k":299.38,"lst_day_dn":14969,"qc_day":65,"lst_night_c":null,"lst_night_k":null,"lst_night_dn":0,"qc_night":2,"modis_row":858,"modis_col":683,"source_product":"MOD11A2.061","composite_start":"2026-09-14","units":"degC","scale_factor":0.02},"geometry":{"type":"Polygon","coordinates":[[[77.63601042788859,12.849999998846023],[77.64455782527138,12.849999998846023],[77.64198267250225,12.841666665513438],[77.6334355586017,12.841666665513438],[77.63601042788859,12.849999998846023]]]}},{"type":"Feature","properties":{"lst_c":26.19,"lst_k":299.34,"lst_day_dn":14967,"qc_day":65,"lst_night_c":null,"lst_night_k":null,"lst_night_dn":0,"qc_night":2,"modis_row":858,"modis_col":684,"source_product":"MOD11A2.061","composite_start":"2026-09-14","units":"degC","scale_factor":0.02},"geometry":{"type":"Polygon","coordinates":[[[77.64455782527138,12.849999998846023],[77.65310522265418,12.849999998846023],[77.65052978640279,12.841666665513438],[77.64198267250225,12.841666665513438],[77.64455782527138,12.849999998846023]]]}},{"type":"Feature","properties":{"lst_c":25.53,"lst_k":298.68,"lst_day_dn":14934,"qc_day":65,"lst_night_c":null,"lst_night_k":null,"lst_night_dn":0,"qc_night":2,"modis_row":858,"modis_col":685,"source_product":"MOD11A2.061","composite_start":"2026-09-14","units":"degC","scale_factor":0.02},"geometry":{"type":"Polygon","coordinates":[[[77.65310522265418,12.849999998846023],[77.66165262003697,12.849999998846023],[77.65907690030333,12.841666665513438],[77.65052978640279,12.841666665513438],[77.65310522265418,12.849999998846023]]]}},{"type":"Feature","properties":{"lst_c":25.59,"lst_k":298.74,"lst_day_dn":14937,"qc_day":65,"lst_night_c":null,"lst_night_k":null,"lst_night_dn":0,"qc_night":2,"modis_row":858,"modis_col":686,"source_product":"MOD11A2.061","composite_start":"2026-09-14","units":"degC","scale_factor":0.02},"geometry":{"type":"Polygon","coordinates":[[[77.66165262003697,12.849999998846023],[77.67020001741975,12.849999998846023],[77.66762401420387,12.841666665513438],[77.65907690030333,12.841666665513438],[77.66165262003697,12.849999998846023]]]}},{"type":"Feature","properties":{"lst_c":26.17,"lst_k":299.32,"lst_day_dn":14966,"qc_day":65,"lst_night_c":null,"lst_night_k":null,"lst_night_dn":0,"qc_night":2,"modis_row":858,"modis_col":687,"source_product":"MOD11A2.061","composite_start":"2026-09-14","units":"degC","scale_factor":0.02},"geometry":{"type":"Polygon","coordinates":[[[77.67020001741975,12.849999998846023],[77.67874741480254,12.849999998846023],[77.67617112810441,12.841666665513438],[77.66762401420387,12.841666665513438],[77.67020001741975,12.849999998846023]]]}},{"type":"Feature","properties":{"lst_c":26.17,"lst_k":299.32,"lst_day_dn":14966,"qc_day":65,"lst_night_c":null,"lst_night_k":null,"lst_night_dn":0,"qc_night":2,"modis_row":858,"modis_col":688,"source_product":"MOD11A2.061","composite_start":"2026-09-14","units":"degC","scale_factor":0.02},"geometry":{"type":"Polygon","coordinates":[[[77.67874741480254,12.849999998846023],[77.68729481218534,12.849999998846023],[77.68471824200495,12.841666665513438],[77.67617112810441,12.841666665513438],[77.67874741480254,12.849999998846023]]]}},{"type":"Feature","properties":{"lst_c":26.75,"lst_k":299.9,"lst_day_dn":14995,"qc_day":65,"lst_night_c":null,"lst_night_k":null,"lst_night_dn":0,"qc_night":2,"modis_row":858,"modis_col":691,"source_product":"MOD11A2.061","composite_start":"2026-09-14","units":"degC","scale_factor":0.02},"geometry":{"type":"Polygon","coordinates":[[[77.7043896069509,12.849999998846023],[77.7129370043337,12.849999998846023],[77.71035958370656,12.841666665513438],[77.70181246980601,12.841666665513438],[77.7043896069509,12.849999998846023]]]}},{"type":"Feature","properties":{"lst_c":25.91,"lst_k":299.06,"lst_day_dn":14953,"qc_day":65,"lst_night_c":null,"lst_night_k":null,"lst_night_dn":0,"qc_night":2,"modis_row":858,"modis_col":692,"source_product":"MOD11A2.061","composite_start":"2026-09-14","units":"degC","scale_factor":0.02},"geometry":{"type":"Polygon","coordinates":[[[77.7129370043337,12.849999998846023],[77.7214844017165,12.849999998846023],[77.7189066976071,12.841666665513438],[77.71035958370656,12.841666665513438],[77.7129370043337,12.849999998846023]]]}},{"type":"Feature","properties":{"lst_c":26.05,"lst_k":299.2,"lst_day_dn":14960,"qc_day":65,"lst_night_c":null,"lst_night_k":null,"lst_night_dn":0,"qc_night":2,"modis_row":858,"modis_col":693,"source_product":"MOD11A2.061","composite_start":"2026-09-14","units":"degC","scale_factor":0.02},"geometry":{"type":"Polygon","coordinates":[[[77.7214844017165,12.849999998846023],[77.73003179909928,12.849999998846023],[77.72745381150764,12.841666665513438],[77.7189066976071,12.841666665513438],[77.7214844017165,12.849999998846023]]]}},{"type":"Feature","properties":{"lst_c":26.35,"lst_k":299.5,"lst_day_dn":14975,"qc_day":65,"lst_night_c":null,"lst_night_k":null,"lst_night_dn":0,"qc_night":2,"modis_row":858,"modis_col":694,"source_product":"MOD11A2.061","composite_start":"2026-09-14","units":"degC","scale_factor":0.02},"geometry":{"type":"Polygon","coordinates":[[[77.73003179909928,12.849999998846023],[77.73857919648208,12.849999998846023],[77.73600092540818,12.841666665513438],[77.72745381150764,12.841666665513438],[77.73003179909928,12.849999998846023]]]}},{"type":"Feature","properties":{"lst_c":26.97,"lst_k":300.12,"lst_day_dn":15006,"qc_day":65,"lst_night_c":null,"lst_night_k":null,"lst_night_dn":0,"qc_night":2,"modis_row":858,"modis_col":695,"source_product":"MOD11A2.061","composite_start":"2026-09-14","units":"degC","scale_factor":0.02},"geometry":{"type":"Polygon","coordinates":[[[77.73857919648208,12.849999998846023],[77.74712659386488,12.849999998846023],[77.74454803930873,12.841666665513438],[77.73600092540818,12.841666665513438],[77.73857919648208,12.849999998846023]]]}},{"type":"Feature","properties":{"lst_c":27.01,"lst_k":300.16,"lst_day_dn":15008,"qc_day":0,"lst_night_c":null,"lst_night_k":null,"lst_night_dn":0,"qc_night":2,"modis_row":858,"modis_col":696,"source_product":"MOD11A2.061","composite_start":"2026-09-14","units":"degC","scale_factor":0.02},"geometry":{"type":"Polygon","coordinates":[[[77.74712659386488,12.849999998846023],[77.75567399124765,12.849999998846023],[77.75309515320926,12.841666665513438],[77.74454803930873,12.841666665513438],[77.74712659386488,12.849999998846023]]]}},{"type":"Feature","properties":{"lst_c":21.73,"lst_k":294.88,"lst_day_dn":14744,"qc_day":65,"lst_night_c":null,"lst_night_k":null,"lst_night_dn":0,"qc_night":2,"modis_row":859,"modis_col":654,"source_product":"MOD11A2.061","composite_start":"2026-09-14","units":"degC","scale_factor":0.02},"geometry":{"type":"Polygon","coordinates":[[[77.38556925548606,12.841666665513438],[77.39411636938661,12.841666665513438],[77.391551244952,12.833333332180851],[77.38300441433412,12.833333332180851],[77.38556925548606,12.841666665513438]]]}},{"type":"Feature","properties":{"lst_c":21.73,"lst_k":294.88,"lst_day_dn":14744,"qc_day":65,"lst_night_c":null,"lst_night_k":null,"lst_night_dn":0,"qc_night":2,"modis_row":859,"modis_col":655,"source_product":"MOD11A2.061","composite_start":"2026-09-14","units":"degC","scale_factor":0.02},"geometry":{"type":"Polygon","coordinates":[[[77.39411636938661,12.841666665513438],[77.40266348328714,12.841666665513438],[77.40009807556989,12.833333332180851],[77.391551244952,12.833333332180851],[77.39411636938661,12.841666665513438]]]}},{"type":"Feature","properties":{"lst_c":25.41,"lst_k":298.56,"lst_day_dn":14928,"qc_day":65,"lst_night_c":null,"lst_night_k":null,"lst_night_dn":0,"qc_night":2,"modis_row":859,"modis_col":677,"source_product":"MOD11A2.061","composite_start":"2026-09-14","units":"degC","scale_factor":0.02},"geometry":{"type":"Polygon","coordinates":[[[77.58215287519846,12.841666665513438],[77.59069998909901,12.841666665513438],[77.58812834916337,12.833333332180851],[77.57958151854548,12.833333332180851],[77.58215287519846,12.841666665513438]]]}},{"type":"Feature","properties":{"lst_c":25.91,"lst_k":299.06,"lst_day_dn":14953,"qc_day":65,"lst_night_c":null,"lst_night_k":null,"lst_night_dn":0,"qc_night":2,"modis_row":859,"modis_col":678,"source_product":"MOD11A2.061","composite_start":"2026-09-14","units":"degC","scale_factor":0.02},"geometry":{"type":"Polygon","coordinates":[[[77.59069998909901,12.841666665513438],[77.59924710299954,12.841666665513438],[77.59667517978124,12.833333332180851],[77.58812834916337,12.833333332180851],[77.59069998909901,12.841666665513438]]]}},{"type":"Feature","properties":{"lst_c":26.11,"lst_k":299.26,"lst_day_dn":14963,"qc_day":65,"lst_night_c":null,"lst_night_k":null,"lst_night_dn":0,"qc_night":2,"modis_row":859,"modis_col":679,"source_product":"MOD11A2.061","composite_start":"2026-09-14","units":"degC","scale_factor":0.02},"geometry":{"type":"Polygon","coordinates":[[[77.59924710299954,12.841666665513438],[77.60779421690009,12.841666665513438],[77.60522201039913,12.833333332180851],[77.59667517978124,12.833333332180851],[77.59924710299954,12.841666665513438]]]}},{"type":"Feature","properties":{"lst_c":26.19,"lst_k":299.34,"lst_day_dn":14967,"qc_day":65,"lst_night_c":null,"lst_night_k":null,"lst_night_dn":0,"qc_night":2,"modis_row":859,"modis_col":680,"source_product":"MOD11A2.061","composite_start":"2026-09-14","units":"degC","scale_factor":0.02},"geometry":{"type":"Polygon","coordinates":[[[77.60779421690009,12.841666665513438],[77.61634133080062,12.841666665513438],[77.61376884101702,12.833333332180851],[77.60522201039913,12.833333332180851],[77.60779421690009,12.841666665513438]]]}},{"type":"Feature","properties":{"lst_c":26.19,"lst_k":299.34,"lst_day_dn":14967,"qc_day":65,"lst_night_c":null,"lst_night_k":null,"lst_night_dn":0,"qc_night":2,"modis_row":859,"modis_col":681,"source_product":"MOD11A2.061","composite_start":"2026-09-14","units":"degC","scale_factor":0.02},"geometry":{"type":"Polygon","coordinates":[[[77.61634133080062,12.841666665513438],[77.62488844470117,12.841666665513438],[77.62231567163491,12.833333332180851],[77.61376884101702,12.833333332180851],[77.61634133080062,12.841666665513438]]]}},{"type":"Feature","properties":{"lst_c":26.41,"lst_k":299.56,"lst_day_dn":14978,"qc_day":65,"lst_night_c":null,"lst_night_k":null,"lst_night_dn":0,"qc_night":2,"modis_row":859,"modis_col":682,"source_product":"MOD11A2.061","composite_start":"2026-09-14","units":"degC","scale_factor":0.02},"geometry":{"type":"Polygon","coordinates":[[[77.62488844470117,12.841666665513438],[77.6334355586017,12.841666665513438],[77.6308625022528,12.833333332180851],[77.62231567163491,12.833333332180851],[77.62488844470117,12.841666665513438]]]}},{"type":"Feature","properties":{"lst_c":26.45,"lst_k":299.6,"lst_day_dn":14980,"qc_day":65,"lst_night_c":null,"lst_night_k":null,"lst_night_dn":0,"qc_night":2,"modis_row":859,"modis_col":683,"source_product":"MOD11A2.061","composite_start":"2026-09-14","units":"degC","scale_factor":0.02},"geometry":{"type":"Polygon","coordinates":[[[77.6334355586017,12.841666665513438],[77.64198267250225,12.841666665513438],[77.63940933287068,12.833333332180851],[77.6308625022528,12.833333332180851],[77.6334355586017,12.841666665513438]]]}},{"type":"Feature","properties":{"lst_c":26.09,"lst_k":299.24,"lst_day_dn":14962,"qc_day":65,"lst_night_c":null,"lst_night_k":null,"lst_night_dn":0,"qc_night":2,"modis_row":859,"modis_col":684,"source_product":"MOD11A2.061","composite_start":"2026-09-14","units":"degC","scale_factor":0.02},"geometry":{"type":"Polygon","coordinates":[[[77.64198267250225,12.841666665513438],[77.65052978640279,12.841666665513438],[77.64795616348856,12.833333332180851],[77.63940933287068,12.833333332180851],[77.64198267250225,12.841666665513438]]]}},{"type":"Feature","properties":{"lst_c":25.77,"lst_k":298.92,"lst_day_dn":14946,"qc_day":65,"lst_night_c":null,"lst_night_k":null,"lst_night_dn":0,"qc_night":2,"modis_row":859,"modis_col":685,"source_product":"MOD11A2.061","composite_start":"2026-09-14","units":"degC","scale_factor":0.02},"geometry":{"type":"Polygon","coordinates":[[[77.65052978640279,12.841666665513438],[77.65907690030333,12.841666665513438],[77.65650299410645,12.833333332180851],[77.64795616348856,12.833333332180851],[77.65052978640279,12.841666665513438]]]}},{"type":"Feature","properties":{"lst_c":25.51,"lst_k":298.66,"lst_day_dn":14933,"qc_day":65,"lst_night_c":null,"lst_night_k":null,"lst_night_dn":0,"qc_night":2,"modis_row":859,"modis_col":686,"source_product":"MOD11A2.061","composite_start":"2026-09-14","units":"degC","scale_factor":0.02},"geometry":{"type":"Polygon","coordinates":[[[77.65907690030333,12.841666665513438],[77.66762401420387,12.841666665513438],[77.66504982472433,12.833333332180851],[77.65650299410645,12.833333332180851],[77.65907690030333,12.841666665513438]]]}},{"type":"Feature","properties":{"lst_c":26.17,"lst_k":299.32,"lst_day_dn":14966,"qc_day":65,"lst_night_c":null,"lst_night_k":null,"lst_night_dn":0,"qc_night":2,"modis_row":859,"modis_col":687,"source_product":"MOD11A2.061","composite_start":"2026-09-14","units":"degC","scale_factor":0.02},"geometry":{"type":"Polygon","coordinates":[[[77.66762401420387,12.841666665513438],[77.67617112810441,12.841666665513438],[77.67359665534224,12.833333332180851],[77.66504982472433,12.833333332180851],[77.66762401420387,12.841666665513438]]]}},{"type":"Feature","properties":{"lst_c":26.17,"lst_k":299.32,"lst_day_dn":14966,"qc_day":65,"lst_night_c":null,"lst_night_k":null,"lst_night_dn":0,"qc_night":2,"modis_row":859,"modis_col":688,"source_product":"MOD11A2.061","composite_start":"2026-09-14","units":"degC","scale_factor":0.02},"geometry":{"type":"Polygon","coordinates":[[[77.67617112810441,12.841666665513438],[77.68471824200495,12.841666665513438],[77.68214348596013,12.833333332180851],[77.67359665534224,12.833333332180851],[77.67617112810441,12.841666665513438]]]}},{"type":"Feature","properties":{"lst_c":24.89,"lst_k":298.04,"lst_day_dn":14902,"qc_day":65,"lst_night_c":null,"lst_night_k":null,"lst_night_dn":0,"qc_night":2,"modis_row":859,"modis_col":692,"source_product":"MOD11A2.061","composite_start":"2026-09-14","units":"degC","scale_factor":0.02},"geometry":{"type":"Polygon","coordinates":[[[77.71035958370656,12.841666665513438],[77.7189066976071,12.841666665513438],[77.71633080843164,12.833333332180851],[77.70778397781375,12.833333332180851],[77.71035958370656,12.841666665513438]]]}},{"type":"Feature","properties":{"lst_c":25.23,"lst_k":298.38,"lst_day_dn":14919,"qc_day":65,"lst_night_c":null,"lst_night_k":null,"lst_night_dn":0,"qc_night":2,"modis_row":859,"modis_col":693,"source_product":"MOD11A2.061","composite_start":"2026-09-14","units":"degC","scale_factor":0.02},"geometry":{"type":"Polygon","coordinates":[[[77.7189066976071,12.841666665513438],[77.72745381150764,12.841666665513438],[77.72487763904954,12.833333332180851],[77.71633080843164,12.833333332180851],[77.7189066976071,12.841666665513438]]]}},{"type":"Feature","properties":{"lst_c":25.91,"lst_k":299.06,"lst_day_dn":14953,"qc_day":65,"lst_night_c":null,"lst_night_k":null,"lst_night_dn":0,"qc_night":2,"modis_row":859,"modis_col":694,"source_product":"MOD11A2.061","composite_start":"2026-09-14","units":"degC","scale_factor":0.02},"geometry":{"type":"Polygon","coordinates":[[[77.72745381150764,12.841666665513438],[77.73600092540818,12.841666665513438],[77.73342446966743,12.833333332180851],[77.72487763904954,12.833333332180851],[77.72745381150764,12.841666665513438]]]}},{"type":"Feature","properties":{"lst_c":25.97,"lst_k":299.12,"lst_day_dn":14956,"qc_day":65,"lst_night_c":null,"lst_night_k":null,"lst_night_dn":0,"qc_night":2,"modis_row":859,"modis_col":695,"source_product":"MOD11A2.061","composite_start":"2026-09-14","units":"degC","scale_factor":0.02},"geometry":{"type":"Polygon","coordinates":[[[77.73600092540818,12.841666665513438],[77.74454803930873,12.841666665513438],[77.74197130028531,12.833333332180851],[77.73342446966743,12.833333332180851],[77.73600092540818,12.841666665513438]]]}},{"type":"Feature","properties":{"lst_c":26.73,"lst_k":299.88,"lst_day_dn":14994,"qc_day":0,"lst_night_c":null,"lst_night_k":null,"lst_night_dn":0,"qc_night":2,"modis_row":859,"modis_col":696,"source_product":"MOD11A2.061","composite_start":"2026-09-14","units":"degC","scale_factor":0.02},"geometry":{"type":"Polygon","coordinates":[[[77.74454803930873,12.841666665513438],[77.75309515320926,12.841666665513438],[77.75051813090319,12.833333332180851],[77.74197130028531,12.833333332180851],[77.74454803930873,12.841666665513438]]]}},{"type":"Feature","properties":{"lst_c":24.85,"lst_k":298.0,"lst_day_dn":14900,"qc_day":65,"lst_night_c":null,"lst_night_k":null,"lst_night_dn":0,"qc_night":2,"modis_row":860,"modis_col":677,"source_product":"MOD11A2.061","composite_start":"2026-09-14","units":"degC","scale_factor":0.02},"geometry":{"type":"Polygon","coordinates":[[[77.57958151854548,12.833333332180851],[77.58812834916337,12.833333332180851],[77.58555852087873,12.824999998848268],[77.57701197334394,12.824999998848268],[77.57958151854548,12.833333332180851]]]}},{"type":"Feature","properties":{"lst_c":25.05,"lst_k":298.2,"lst_day_dn":14910,"qc_day":65,"lst_night_c":null,"lst_night_k":null,"lst_night_dn":0,"qc_night":2,"modis_row":860,"modis_col":678,"source_product":"MOD11A2.061","composite_start":"2026-09-14","units":"degC","scale_factor":0.02},"geometry":{"type":"Polygon","coordinates":[[[77.58812834916337,12.833333332180851],[77.59667517978124,12.833333332180851],[77.59410506841354,12.824999998848268],[77.58555852087873,12.824999998848268],[77.58812834916337,12.833333332180851]]]}},{"type":"Feature","properties":{"lst_c":25.37,"lst_k":298.52,"lst_day_dn":14926,"qc_day":65,"lst_night_c":null,"lst_night_k":null,"lst_night_dn":0,"qc_night":2,"modis_row":860,"modis_col":679,"source_product":"MOD11A2.061","composite_start":"2026-09-14","units":"degC","scale_factor":0.02},"geometry":{"type":"Polygon","coordinates":[[[77.59667517978124,12.833333332180851],[77.60522201039913,12.833333332180851],[77.60265161594833,12.824999998848268],[77.59410506841354,12.824999998848268],[77.59667517978124,12.833333332180851]]]}},{"type":"Feature","properties":{"lst_c":25.85,"lst_k":299.0,"lst_day_dn":14950,"qc_day":65,"lst_night_c":null,"lst_night_k":null,"lst_night_dn":0,"qc_night":2,"modis_row":860,"modis_col":680,"source_product":"MOD11A2.061","composite_start":"2026-09-14","units":"degC","scale_factor":0.02},"geometry":{"type":"Polygon","coordinates":[[[77.60522201039913,12.833333332180851],[77.61376884101702,12.833333332180851],[77.61119816348312,12.824999998848268],[77.60265161594833,12.824999998848268],[77.60522201039913,12.833333332180851]]]}},{"type":"Feature","properties":{"lst_c":26.19,"lst_k":299.34,"lst_day_dn":14967,"qc_day":65,"lst_night_c":null,"lst_night_k":null,"lst_night_dn":0,"qc_night":2,"modis_row":860,"modis_col":681,"source_product":"MOD11A2.061","composite_start":"2026-09-14","units":"degC","scale_factor":0.02},"geometry":{"type":"Polygon","coordinates":[[[77.61376884101702,12.833333332180851],[77.62231567163491,12.833333332180851],[77.61974471101793,12.824999998848268],[77.61119816348312,12.824999998848268],[77.61376884101702,12.833333332180851]]]}},{"type":"Feature","properties":{"lst_c":26.45,"lst_k":299.6,"lst_day_dn":14980,"qc_day":65,"lst_night_c":null,"lst_night_k":null,"lst_night_dn":0,"qc_night":2,"modis_row":860,"modis_col":682,"source_product":"MOD11A2.061","composite_start":"2026-09-14","units":"degC","scale_factor":0.02},"geometry":{"type":"Polygon","coordinates":[[[77.62231567163491,12.833333332180851],[77.6308625022528,12.833333332180851],[77.62829125855272,12.824999998848268],[77.61974471101793,12.824999998848268],[77.62231567163491,12.833333332180851]]]}},{"type":"Feature","properties":{"lst_c":26.61,"lst_k":299.76,"lst_day_dn":14988,"qc_day":65,"lst_night_c":null,"lst_night_k":null,"lst_night_dn":0,"qc_night":2,"modis_row":860,"modis_col":683,"source_product":"MOD11A2.061","composite_start":"2026-09-14","units":"degC","scale_factor":0.02},"geometry":{"type":"Polygon","coordinates":[[[77.6308625022528,12.833333332180851],[77.63940933287068,12.833333332180851],[77.63683780608751,12.824999998848268],[77.62829125855272,12.824999998848268],[77.6308625022528,12.833333332180851]]]}},{"type":"Feature","properties":{"lst_c":26.23,"lst_k":299.38,"lst_day_dn":14969,"qc_day":65,"lst_night_c":null,"lst_night_k":null,"lst_night_dn":0,"qc_night":2,"modis_row":860,"modis_col":684,"source_product":"MOD11A2.061","composite_start":"2026-09-14","units":"degC","scale_factor":0.02},"geometry":{"type":"Polygon","coordinates":[[[77.63940933287068,12.833333332180851],[77.64795616348856,12.833333332180851],[77.64538435362232,12.824999998848268],[77.63683780608751,12.824999998848268],[77.63940933287068,12.833333332180851]]]}},{"type":"Feature","properties":{"lst_c":25.95,"lst_k":299.1,"lst_day_dn":14955,"qc_day":65,"lst_night_c":null,"lst_night_k":null,"lst_night_dn":0,"qc_night":2,"modis_row":860,"modis_col":685,"source_product":"MOD11A2.061","composite_start":"2026-09-14","units":"degC","scale_factor":0.02},"geometry":{"type":"Polygon","coordinates":[[[77.64795616348856,12.833333332180851],[77.65650299410645,12.833333332180851],[77.65393090115711,12.824999998848268],[77.64538435362232,12.824999998848268],[77.64795616348856,12.833333332180851]]]}},{"type":"Feature","properties":{"lst_c":25.79,"lst_k":298.94,"lst_day_dn":14947,"qc_day":65,"lst_night_c":null,"lst_night_k":null,"lst_night_dn":0,"qc_night":2,"modis_row":860,"modis_col":686,"source_product":"MOD11A2.061","composite_start":"2026-09-14","units":"degC","scale_factor":0.02},"geometry":{"type":"Polygon","coordinates":[[[77.65650299410645,12.833333332180851],[77.66504982472433,12.833333332180851],[77.66247744869192,12.824999998848268],[77.65393090115711,12.824999998848268],[77.65650299410645,12.833333332180851]]]}},{"type":"Feature","properties":{"lst_c":26.05,"lst_k":299.2,"lst_day_dn":14960,"qc_day":65,"lst_night_c":null,"lst_night_k":null,"lst_night_dn":0,"qc_night":2,"modis_row":860,"modis_col":687,"source_product":"MOD11A2.061","composite_start":"2026-09-14","units":"degC","scale_factor":0.02},"geometry":{"type":"Polygon","coordinates":[[[77.66504982472433,12.833333332180851],[77.67359665534224,12.833333332180851],[77.67102399622671,12.824999998848268],[77.66247744869192,12.824999998848268],[77.66504982472433,12.833333332180851]]]}},{"type":"Feature","properties":{"lst_c":26.47,"lst_k":299.62,"lst_day_dn":14981,"qc_day":65,"lst_night_c":null,"lst_night_k":null,"lst_night_dn":0,"qc_night":2,"modis_row":860,"modis_col":688,"source_product":"MOD11A2.061","composite_start":"2026-09-14","units":"degC","scale_factor":0.02},"geometry":{"type":"Polygon","coordinates":[[[77.67359665534224,12.833333332180851],[77.68214348596013,12.833333332180851],[77.67957054376151,12.824999998848268],[77.67102399622671,12.824999998848268],[77.67359665534224,12.833333332180851]]]}},{"type":"Feature","properties":{"lst_c":26.25,"lst_k":299.4,"lst_day_dn":14970,"qc_day":65,"lst_night_c":null,"lst_night_k":null,"lst_night_dn":0,"qc_night":2,"modis_row":860,"modis_col":689,"source_product":"MOD11A2.061","composite_start":"2026-09-14","units":"degC","scale_factor":0.02},"geometry":{"type":"Polygon","coordinates":[[[77.68214348596013,12.833333332180851],[77.69069031657799,12.833333332180851],[77.68811709129629,12.824999998848268],[77.67957054376151,12.824999998848268],[77.68214348596013,12.833333332180851]]]}},{"type":"Feature","properties":{"lst_c":26.37,"lst_k":299.52,"lst_day_dn":14976,"qc_day":65,"lst_night_c":null,"lst_night_k":null,"lst_night_dn":0,"qc_night":2,"modis_row":860,"modis_col":690,"source_product":"MOD11A2.061","composite_start":"2026-09-14","units":"degC","scale_factor":0.02},"geometry":{"type":"Polygon","coordinates":[[[77.69069031657799,12.833333332180851],[77.69923714719587,12.833333332180851],[77.69666363883108,12.824999998848268],[77.68811709129629,12.824999998848268],[77.69069031657799,12.833333332180851]]]}},{"type":"Feature","properties":{"lst_c":24.33,"lst_k":297.48,"lst_day_dn":14874,"qc_day":65,"lst_night_c":null,"lst_night_k":null,"lst_night_dn":0,"qc_night":2,"modis_row":860,"modis_col":692,"source_product":"MOD11A2.061","composite_start":"2026-09-14","units":"degC","scale_factor":0.02},"geometry":{"type":"Polygon","coordinates":[[[77.70778397781375,12.833333332180851],[77.71633080843164,12.833333332180851],[77.71375673390068,12.824999998848268],[77.70521018636587,12.824999998848268],[77.70778397781375,12.833333332180851]]]}},{"type":"Feature","properties":{"lst_c":24.35,"lst_k":297.5,"lst_day_dn":14875,"qc_day":65,"lst_night_c":null,"lst_night_k":null,"lst_night_dn":0,"qc_night":2,"modis_row":860,"modis_col":693,"source_product":"MOD11A2.061","composite_start":"2026-09-14","units":"degC","scale_factor":0.02},"geometry":{"type":"Polygon","coordinates":[[[77.71633080843164,12.833333332180851],[77.72487763904954,12.833333332180851],[77.72230328143547,12.824999998848268],[77.71375673390068,12.824999998848268],[77.71633080843164,12.833333332180851]]]}},{"type":"Feature","properties":{"lst_c":25.63,"lst_k":298.78,"lst_day_dn":14939,"qc_day":65,"lst_night_c":null,"lst_night_k":null,"lst_night_dn":0,"qc_night":2,"modis_row":860,"modis_col":694,"source_product":"MOD11A2.061","composite_start":"2026-09-14","units":"degC","scale_factor":0.02},"geometry":{"type":"Polygon","coordinates":[[[77.72487763904954,12.833333332180851],[77.73342446966743,12.833333332180851],[77.73084982897028,12.824999998848268],[77.72230328143547,12.824999998848268],[77.72487763904954,12.833333332180851]]]}},{"type":"Feature","properties":{"lst_c":25.91,"lst_k":299.06,"lst_day_dn":14953,"qc_day":65,"lst_night_c":null,"lst_night_k":null,"lst_night_dn":0,"qc_night":2,"modis_row":860,"modis_col":695,"source_product":"MOD11A2.061","composite_start":"2026-09-14","units":"degC","scale_factor":0.02},"geometry":{"type":"Polygon","coordinates":[[[77.73342446966743,12.833333332180851],[77.74197130028531,12.833333332180851],[77.73939637650507,12.824999998848268],[77.73084982897028,12.824999998848268],[77.73342446966743,12.833333332180851]]]}},{"type":"Feature","properties":{"lst_c":26.15,"lst_k":299.3,"lst_day_dn":14965,"qc_day":65,"lst_night_c":null,"lst_night_k":null,"lst_night_dn":0,"qc_night":2,"modis_row":860,"modis_col":696,"source_product":"MOD11A2.061","composite_start":"2026-09-14","units":"degC","scale_factor":0.02},"geometry":{"type":"Polygon","coordinates":[[[77.74197130028531,12.833333332180851],[77.75051813090319,12.833333332180851],[77.74794292403988,12.824999998848268],[77.73939637650507,12.824999998848268],[77.74197130028531,12.833333332180851]]]}},{"type":"Feature","properties":{"lst_c":25.29,"lst_k":298.44,"lst_day_dn":14922,"qc_day":65,"lst_night_c":null,"lst_night_k":null,"lst_night_dn":0,"qc_night":2,"modis_row":861,"modis_col":679,"source_product":"MOD11A2.061","composite_start":"2026-09-14","units":"degC","scale_factor":0.02},"geometry":{"type":"Polygon","coordinates":[[[77.59410506841354,12.824999998848268],[77.60265161594833,12.824999998848268],[77.60008303325887,12.816666665515685],[77.59153676860763,12.816666665515685],[77.59410506841354,12.824999998848268]]]}},{"type":"Feature","properties":{"lst_c":25.77,"lst_k":298.92,"lst_day_dn":14946,"qc_day":65,"lst_night_c":null,"lst_night_k":null,"lst_night_dn":0,"qc_night":2,"modis_row":861,"modis_col":680,"source_product":"MOD11A2.061","composite_start":"2026-09-14","units":"degC","scale_factor":0.02},"geometry":{"type":"Polygon","coordinates":[[[77.60265161594833,12.824999998848268],[77.61119816348312,12.824999998848268],[77.60862929791013,12.816666665515685],[77.60008303325887,12.816666665515685],[77.60265161594833,12.824999998848268]]]}},{"type":"Feature","properties":{"lst_c":25.81,"lst_k":298.96,"lst_day_dn":14948,"qc_day":65,"lst_night_c":null,"lst_night_k":null,"lst_night_dn":0,"qc_night":2,"modis_row":861,"modis_col":681,"source_product":"MOD11A2.061","composite_start":"2026-09-14","units":"degC","scale_factor":0.02},"geometry":{"type":"Polygon","coordinates":[[[77.61119816348312,12.824999998848268],[77.61974471101793,12.824999998848268],[77.61717556256136,12.816666665515685],[77.60862929791013,12.816666665515685],[77.61119816348312,12.824999998848268]]]}},{"type":"Feature","properties":{"lst_c":26.09,"lst_k":299.24,"lst_day_dn":14962,"qc_day":65,"lst_night_c":null,"lst_night_k":null,"lst_night_dn":0,"qc_night":2,"modis_row":861,"modis_col":682,"source_product":"MOD11A2.061","composite_start":"2026-09-14","units":"degC","scale_factor":0.02},"geometry":{"type":"Polygon","coordinates":[[[77.61974471101793,12.824999998848268],[77.62829125855272,12.824999998848268],[77.6257218272126,12.816666665515685],[77.61717556256136,12.816666665515685],[77.61974471101793,12.824999998848268]]]}},{"type":"Feature","properties":{"lst_c":26.51,"lst_k":299.66,"lst_day_dn":14983,"qc_day":65,"lst_night_c":null,"lst_night_k":null,"lst_night_dn":0,"qc_night":2,"modis_row":861,"modis_col":683,"source_product":"MOD11A2.061","composite_start":"2026-09-14","units":"degC","scale_factor":0.02},"geometry":{"type":"Polygon","coordinates":[[[77.62829125855272,12.824999998848268],[77.63683780608751,12.824999998848268],[77.63426809186385,12.816666665515685],[77.6257218272126,12.816666665515685],[77.62829125855272,12.824999998848268]]]}},{"type":"Feature","properties":{"lst_c":26.61,"lst_k":299.76,"lst_day_dn":14988,"qc_day":0,"lst_night_c":null,"lst_night_k":null,"lst_night_dn":0,"qc_night":2,"modis_row":861,"modis_col":684,"source_product":"MOD11A2.061","composite_start":"2026-09-14","units":"degC","scale_factor":0.02},"geometry":{"type":"Polygon","coordinates":[[[77.63683780608751,12.824999998848268],[77.64538435362232,12.824999998848268],[77.64281435651507,12.816666665515685],[77.63426809186385,12.816666665515685],[77.63683780608751,12.824999998848268]]]}},{"type":"Feature","properties":{"lst_c":26.19,"lst_k":299.34,"lst_day_dn":14967,"qc_day":0,"lst_night_c":null,"lst_night_k":null,"lst_night_dn":0,"qc_night":2,"modis_row":861,"modis_col":685,"source_product":"MOD11A2.061","composite_start":"2026-09-14","units":"degC","scale_factor":0.02},"geometry":{"type":"Polygon","coordinates":[[[77.64538435362232,12.824999998848268],[77.65393090115711,12.824999998848268],[77.65136062116632,12.816666665515685],[77.64281435651507,12.816666665515685],[77.64538435362232,12.824999998848268]]]}},{"type":"Feature","properties":{"lst_c":26.25,"lst_k":299.4,"lst_day_dn":14970,"qc_day":65,"lst_night_c":null,"lst_night_k":null,"lst_night_dn":0,"qc_night":2,"modis_row":861,"modis_col":686,"source_product":"MOD11A2.061","composite_start":"2026-09-14","units":"degC","scale_factor":0.02},"geometry":{"type":"Polygon","coordinates":[[[77.65393090115711,12.824999998848268],[77.66247744869192,12.824999998848268],[77.65990688581756,12.816666665515685],[77.65136062116632,12.816666665515685],[77.65393090115711,12.824999998848268]]]}},{"type":"Feature","properties":{"lst_c":26.71,"lst_k":299.86,"lst_day_dn":14993,"qc_day":65,"lst_night_c":null,"lst_night_k":null,"lst_night_dn":0,"qc_night":2,"modis_row":861,"modis_col":687,"source_product":"MOD11A2.061","composite_start":"2026-09-14","units":"degC","scale_factor":0.02},"geometry":{"type":"Polygon","coordinates":[[[77.66247744869192,12.824999998848268],[77.67102399622671,12.824999998848268],[77.6684531504688,12.816666665515685],[77.65990688581756,12.816666665515685],[77.66247744869192,12.824999998848268]]]}},{"type":"Feature","properties":{"lst_c":27.41,"lst_k":300.56,"lst_day_dn":15028,"qc_day":65,"lst_night_c":null,"lst_night_k":null,"lst_night_dn":0,"qc_night":2,"modis_row":861,"modis_col":688,"source_product":"MOD11A2.061","composite_start":"2026-09-14","units":"degC","scale_factor":0.02},"geometry":{"type":"Polygon","coordinates":[[[77.67102399622671,12.824999998848268],[77.67957054376151,12.824999998848268],[77.67699941512005,12.816666665515685],[77.6684531504688,12.816666665515685],[77.67102399622671,12.824999998848268]]]}},{"type":"Feature","properties":{"lst_c":26.89,"lst_k":300.04,"lst_day_dn":15002,"qc_day":65,"lst_night_c":null,"lst_night_k":null,"lst_night_dn":0,"qc_night":2,"modis_row":861,"modis_col":689,"source_product":"MOD11A2.061","composite_start":"2026-09-14","units":"degC","scale_factor":0.02},"geometry":{"type":"Polygon","coordinates":[[[77.67957054376151,12.824999998848268],[77.68811709129629,12.824999998848268],[77.68554567977127,12.816666665515685],[77.67699941512005,12.816666665515685],[77.67957054376151,12.824999998848268]]]}},{"type":"Feature","properties":{"lst_c":26.71,"lst_k":299.86,"lst_day_dn":14993,"qc_day":65,"lst_night_c":null,"lst_night_k":null,"lst_night_dn":0,"qc_night":2,"modis_row":861,"modis_col":690,"source_product":"MOD11A2.061","composite_start":"2026-09-14","units":"degC","scale_factor":0.02},"geometry":{"type":"Polygon","coordinates":[[[77.68811709129629,12.824999998848268],[77.69666363883108,12.824999998848268],[77.69409194442251,12.816666665515685],[77.68554567977127,12.816666665515685],[77.68811709129629,12.824999998848268]]]}},{"type":"Feature","properties":{"lst_c":24.17,"lst_k":297.32,"lst_day_dn":14866,"qc_day":65,"lst_night_c":null,"lst_night_k":null,"lst_night_dn":0,"qc_night":2,"modis_row":861,"modis_col":692,"source_product":"MOD11A2.061","composite_start":"2026-09-14","units":"degC","scale_factor":0.02},"geometry":{"type":"Polygon","coordinates":[[[77.70521018636587,12.824999998848268],[77.71375673390068,12.824999998848268],[77.711184473725,12.816666665515685],[77.70263820907375,12.816666665515685],[77.70521018636587,12.824999998848268]]]}},{"type":"Feature","properties":{"lst_c":24.17,"lst_k":297.32,"lst_day_dn":14866,"qc_day":65,"lst_night_c":null,"lst_night_k":null,"lst_night_dn":0,"qc_night":2,"modis_row":861,"modis_col":693,"source_product":"MOD11A2.061","composite_start":"2026-09-14","units":"degC","scale_factor":0.02},"geometry":{"type":"Polygon","coordinates":[[[77.71375673390068,12.824999998848268],[77.72230328143547,12.824999998848268],[77.71973073837624,12.816666665515685],[77.711184473725,12.816666665515685],[77.71375673390068,12.824999998848268]]]}},{"type":"Feature","properties":{"lst_c":23.53,"lst_k":296.68,"lst_day_dn":14834,"qc_day":65,"lst_night_c":null,"lst_night_k":null,"lst_night_dn":0,"qc_night":2,"modis_row":861,"modis_col":694,"source_product":"MOD11A2.061","composite_start":"2026-09-14","units":"degC","scale_factor":0.02},"geometry":{"type":"Polygon","coordinates":[[[77.72230328143547,12.824999998848268],[77.73084982897028,12.824999998848268],[77.72827700302747,12.816666665515685],[77.71973073837624,12.816666665515685],[77.72230328143547,12.824999998848268]]]}},{"type":"Feature","properties":{"lst_c":24.69,"lst_k":297.84,"lst_day_dn":14892,"qc_day":65,"lst_night_c":null,"lst_night_k":null,"lst_night_dn":0,"qc_night":2,"modis_row":861,"modis_col":695,"source_product":"MOD11A2.061","composite_start":"2026-09-14","units":"degC","scale_factor":0.02},"geometry":{"type":"Polygon","coordinates":[[[77.73084982897028,12.824999998848268],[77.73939637650507,12.824999998848268],[77.73682326767872,12.816666665515685],[77.72827700302747,12.816666665515685],[77.73084982897028,12.824999998848268]]]}},{"type":"Feature","properties":{"lst_c":26.01,"lst_k":299.16,"lst_day_dn":14958,"qc_day":65,"lst_night_c":null,"lst_night_k":null,"lst_night_dn":0,"qc_night":2,"modis_row":861,"modis_col":696,"source_product":"MOD11A2.061","composite_start":"2026-09-14","units":"degC","scale_factor":0.02},"geometry":{"type":"Polygon","coordinates":[[[77.73939637650507,12.824999998848268],[77.74794292403988,12.824999998848268],[77.74536953232996,12.816666665515685],[77.73682326767872,12.816666665515685],[77.73939637650507,12.824999998848268]]]}},{"type":"Feature","properties":{"lst_c":25.39,"lst_k":298.54,"lst_day_dn":14927,"qc_day":65,"lst_night_c":null,"lst_night_k":null,"lst_night_dn":0,"qc_night":2,"modis_row":862,"modis_col":681,"source_product":"MOD11A2.061","composite_start":"2026-09-14","units":"degC","scale_factor":0.02},"geometry":{"type":"Polygon","coordinates":[[[77.60862929791013,12.816666665515685],[77.61717556256136,12.816666665515685],[77.6146082259766,12.808333332183098],[77.60606224400942,12.808333332183098],[77.60862929791013,12.816666665515685]]]}},{"type":"Feature","properties":{"lst_c":25.53,"lst_k":298.68,"lst_day_dn":14934,"qc_day":65,"lst_night_c":null,"lst_night_k":null,"lst_night_dn":0,"qc_night":2,"modis_row":862,"modis_col":682,"source_product":"MOD11A2.061","composite_start":"2026-09-14","units":"degC","scale_factor":0.02},"geometry":{"type":"Polygon","coordinates":[[[77.61717556256136,12.816666665515685],[77.6257218272126,12.816666665515685],[77.62315420794378,12.808333332183098],[77.6146082259766,12.808333332183098],[77.61717556256136,12.816666665515685]]]}},{"type":"Feature","properties":{"lst_c":25.99,"lst_k":299.14,"lst_day_dn":14957,"qc_day":65,"lst_night_c":null,"lst_night_k":null,"lst_night_dn":0,"qc_night":2,"modis_row":862,"modis_col":683,"source_product":"MOD11A2.061","composite_start":"2026-09-14","units":"degC","scale_factor":0.02},"geometry":{"type":"Polygon","coordinates":[[[77.6257218272126,12.816666665515685],[77.63426809186385,12.816666665515685],[77.63170018991097,12.808333332183098],[77.62315420794378,12.808333332183098],[77.6257218272126,12.816666665515685]]]}},{"type":"Feature","properties":{"lst_c":25.85,"lst_k":299.0,"lst_day_dn":14950,"qc_day":65,"lst_night_c":null,"lst_night_k":null,"lst_night_dn":0,"qc_night":2,"modis_row":862,"modis_col":684,"source_product":"MOD11A2.061","composite_start":"2026-09-14","units":"degC","scale_factor":0.02},"geometry":{"type":"Polygon","coordinates":[[[77.63426809186385,12.816666665515685],[77.64281435651507,12.816666665515685],[77.64024617187815,12.808333332183098],[77.63170018991097,12.808333332183098],[77.63426809186385,12.816666665515685]]]}},{"type":"Feature","properties":{"lst_c":26.13,"lst_k":299.28,"lst_day_dn":14964,"qc_day":0,"lst_night_c":null,"lst_night_k":null,"lst_night_dn":0,"qc_night":2,"modis_row":862,"modis_col":685,"source_product":"MOD11A2.061","composite_start":"2026-09-14","units":"degC","scale_factor":0.02},"geometry":{"type":"Polygon","coordinates":[[[77.64281435651507,12.816666665515685],[77.65136062116632,12.816666665515685],[77.64879215384535,12.808333332183098],[77.64024617187815,12.808333332183098],[77.64281435651507,12.816666665515685]]]}},{"type":"Feature","properties":{"lst_c":26.55,"lst_k":299.7,"lst_day_dn":14985,"qc_day":0,"lst_night_c":null,"lst_night_k":null,"lst_night_dn":0,"qc_night":2,"modis_row":862,"modis_col":686,"source_product":"MOD11A2.061","composite_start":"2026-09-14","units":"degC","scale_factor":0.02},"geometry":{"type":"Polygon","coordinates":[[[77.65136062116632,12.816666665515685],[77.65990688581756,12.816666665515685],[77.65733813581254,12.808333332183098],[77.64879215384535,12.808333332183098],[77.65136062116632,12.816666665515685]]]}},{"type":"Feature","properties":{"lst_c":27.29,"lst_k":300.44,"lst_day_dn":15022,"qc_day":65,"lst_night_c":null,"lst_night_k":null,"lst_night_dn":0,"qc_night":2,"modis_row":862,"modis_col":687,"source_product":"MOD11A2.061","composite_start":"2026-09-14","units":"degC","scale_factor":0.02},"geometry":{"type":"Polygon","coordinates":[[[77.65990688581756,12.816666665515685],[77.6684531504688,12.816666665515685],[77.66588411777973,12.808333332183098],[77.65733813581254,12.808333332183098],[77.65990688581756,12.816666665515685]]]}},{"type":"Feature","properties":{"lst_c":27.05,"lst_k":300.2,"lst_day_dn":15010,"qc_day":65,"lst_night_c":null,"lst_night_k":null,"lst_night_dn":0,"qc_night":2,"modis_row":862,"modis_col":688,"source_product":"MOD11A2.061","composite_start":"2026-09-14","units":"degC","scale_factor":0.02},"geometry":{"type":"Polygon","coordinates":[[[77.6684531504688,12.816666665515685],[77.67699941512005,12.816666665515685],[77.6744300997469,12.808333332183098],[77.66588411777973,12.808333332183098],[77.6684531504688,12.816666665515685]]]}},{"type":"Feature","properties":{"lst_c":27.31,"lst_k":300.46,"lst_day_dn":15023,"qc_day":65,"lst_night_c":null,"lst_night_k":null,"lst_night_dn":0,"qc_night":2,"modis_row":862,"modis_col":689,"source_product":"MOD11A2.061","composite_start":"2026-09-14","units":"degC","scale_factor":0.02},"geometry":{"type":"Polygon","coordinates":[[[77.67699941512005,12.816666665515685],[77.68554567977127,12.816666665515685],[77.68297608171407,12.808333332183098],[77.6744300997469,12.808333332183098],[77.67699941512005,12.816666665515685]]]}},{"type":"Feature","properties":{"lst_c":27.45,"lst_k":300.6,"lst_day_dn":15030,"qc_day":65,"lst_night_c":null,"lst_night_k":null,"lst_night_dn":0,"qc_night":2,"modis_row":862,"modis_col":690,"source_product":"MOD11A2.061","composite_start":"2026-09-14","units":"degC","scale_factor":0.02},"geometry":{"type":"Polygon","coordinates":[[[77.68554567977127,12.816666665515685],[77.69409194442251,12.816666665515685],[77.69152206368126,12.808333332183098],[77.68297608171407,12.808333332183098],[77.68554567977127,12.816666665515685]]]}},{"type":"Feature","properties":{"lst_c":25.71,"lst_k":298.86,"lst_day_dn":14943,"qc_day":65,"lst_night_c":null,"lst_night_k":null,"lst_night_dn":0,"qc_night":2,"modis_row":862,"modis_col":693,"source_product":"MOD11A2.061","composite_start":"2026-09-14","units":"degC","scale_factor":0.02},"geometry":{"type":"Polygon","coordinates":[[[77.711184473725,12.816666665515685],[77.71973073837624,12.816666665515685],[77.71716000958283,12.808333332183098],[77.70861402761562,12.808333332183098],[77.711184473725,12.816666665515685]]]}},{"type":"Feature","properties":{"lst_c":25.71,"lst_k":298.86,"lst_day_dn":14943,"qc_day":65,"lst_night_c":null,"lst_night_k":null,"lst_night_dn":0,"qc_night":2,"modis_row":862,"modis_col":694,"source_product":"MOD11A2.061","composite_start":"2026-09-14","units":"degC","scale_factor":0.02},"geometry":{"type":"Polygon","coordinates":[[[77.71973073837624,12.816666665515685],[77.72827700302747,12.816666665515685],[77.72570599155002,12.808333332183098],[77.71716000958283,12.808333332183098],[77.71973073837624,12.816666665515685]]]}},{"type":"Feature","properties":{"lst_c":25.61,"lst_k":298.76,"lst_day_dn":14938,"qc_day":65,"lst_night_c":null,"lst_night_k":null,"lst_night_dn":0,"qc_night":2,"modis_row":862,"modis_col":695,"source_product":"MOD11A2.061","composite_start":"2026-09-14","units":"degC","scale_factor":0.02},"geometry":{"type":"Polygon","coordinates":[[[77.72827700302747,12.816666665515685],[77.73682326767872,12.816666665515685],[77.73425197351719,12.808333332183098],[77.72570599155002,12.808333332183098],[77.72827700302747,12.816666665515685]]]}},{"type":"Feature","properties":{"lst_c":25.99,"lst_k":299.14,"lst_day_dn":14957,"qc_day":65,"lst_night_c":null,"lst_night_k":null,"lst_night_dn":0,"qc_night":2,"modis_row":862,"modis_col":696,"source_product":"MOD11A2.061","composite_start":"2026-09-14","units":"degC","scale_factor":0.02},"geometry":{"type":"Polygon","coordinates":[[[77.73682326767872,12.816666665515685],[77.74536953232996,12.816666665515685],[77.74279795548438,12.808333332183098],[77.73425197351719,12.808333332183098],[77.73682326767872,12.816666665515685]]]}},{"type":"Feature","properties":{"lst_c":17.23,"lst_k":290.38,"lst_day_dn":14519,"qc_day":65,"lst_night_c":null,"lst_night_k":null,"lst_night_dn":0,"qc_night":2,"modis_row":863,"modis_col":653,"source_product":"MOD11A2.061","composite_start":"2026-09-14","units":"degC","scale_factor":0.02},"geometry":{"type":"Polygon","coordinates":[[[77.36677474892822,12.808333332183098],[77.37532073089541,12.808333332183098],[77.37276311546242,12.799999998850511],[77.36421741597981,12.799999998850511],[77.36677474892822,12.808333332183098]]]}},{"type":"Feature","properties":{"lst_c":25.29,"lst_k":298.44,"lst_day_dn":14922,"qc_day":65,"lst_night_c":null,"lst_night_k":null,"lst_night_dn":0,"qc_night":2,"modis_row":863,"modis_col":681,"source_product":"MOD11A2.061","composite_start":"2026-09-14","units":"degC","scale_factor":0.02},"geometry":{"type":"Polygon","coordinates":[[[77.60606224400942,12.808333332183098],[77.6146082259766,12.808333332183098],[77.61204270097522,12.799999998850511],[77.60349700149263,12.799999998850511],[77.60606224400942,12.808333332183098]]]}},{"type":"Feature","properties":{"lst_c":25.31,"lst_k":298.46,"lst_day_dn":14923,"qc_day":65,"lst_night_c":null,"lst_night_k":null,"lst_night_dn":0,"qc_night":2,"modis_row":863,"modis_col":682,"source_product":"MOD11A2.061","composite_start":"2026-09-14","units":"degC","scale_factor":0.02},"geometry":{"type":"Polygon","coordinates":[[[77.6146082259766,12.808333332183098],[77.62315420794378,12.808333332183098],[77.62058840045783,12.799999998850511],[77.61204270097522,12.799999998850511],[77.6146082259766,12.808333332183098]]]}},{"type":"Feature","properties":{"lst_c":25.73,"lst_k":298.88,"lst_day_dn":14944,"qc_day":65,"lst_night_c":null,"lst_night_k":null,"lst_night_dn":0,"qc_night":2,"modis_row":863,"modis_col":683,"source_product":"MOD11A2.061","composite_start":"2026-09-14","units":"degC","scale_factor":0.02},"geometry":{"type":"Polygon","coordinates":[[[77.62315420794378,12.808333332183098],[77.63170018991097,12.808333332183098],[77.62913409994043,12.799999998850511],[77.62058840045783,12.799999998850511],[77.62315420794378,12.808333332183098]]]}},{"type":"Feature","properties":{"lst_c":25.27,"lst_k":298.42,"lst_day_dn":14921,"qc_day":65,"lst_night_c":null,"lst_night_k":null,"lst_night_dn":0,"qc_night":2,"modis_row":863,"modis_col":684,"source_product":"MOD11A2.061","composite_start":"2026-09-14","units":"degC","scale_factor":0.02},"geometry":{"type":"Polygon","coordinates":[[[77.63170018991097,12.808333332183098],[77.64024617187815,12.808333332183098],[77.63767979942303,12.799999998850511],[77.62913409994043,12.799999998850511],[77.63170018991097,12.808333332183098]]]}},{"type":"Feature","properties":{"lst_c":25.51,"lst_k":298.66,"lst_day_dn":14933,"qc_day":0,"lst_night_c":null,"lst_night_k":null,"lst_night_dn":0,"qc_night":2,"modis_row":863,"modis_col":685,"source_product":"MOD11A2.061","composite_start":"2026-09-14","units":"degC","scale_factor":0.02},"geometry":{"type":"Polygon","coordinates":[[[77.64024617187815,12.808333332183098],[77.64879215384535,12.808333332183098],[77.64622549890562,12.799999998850511],[77.63767979942303,12.799999998850511],[77.64024617187815,12.808333332183098]]]}},{"type":"Feature","properties":{"lst_c":26.13,"lst_k":299.28,"lst_day_dn":14964,"qc_day":0,"lst_night_c":null,"lst_night_k":null,"lst_night_dn":0,"qc_night":2,"modis_row":863,"modis_col":686,"source_product":"MOD11A2.061","composite_start":"2026-09-14","units":"degC","scale_factor":0.02},"geometry":{"type":"Polygon","coordinates":[[[77.64879215384535,12.808333332183098],[77.65733813581254,12.808333332183098],[77.65477119838823,12.799999998850511],[77.64622549890562,12.799999998850511],[77.64879215384535,12.808333332183098]]]}},{"type":"Feature","properties":{"lst_c":27.09,"lst_k":300.24,"lst_day_dn":15012,"qc_day":0,"lst_night_c":null,"lst_night_k":null,"lst_night_dn":0,"qc_night":2,"modis_row":863,"modis_col":687,"source_product":"MOD11A2.061","composite_start":"2026-09-14","units":"degC","scale_factor":0.02},"geometry":{"type":"Polygon","coordinates":[[[77.65733813581254,12.808333332183098],[77.66588411777973,12.808333332183098],[77.66331689787083,12.799999998850511],[77.65477119838823,12.799999998850511],[77.65733813581254,12.808333332183098]]]}},{"type":"Feature","properties":{"lst_c":26.81,"lst_k":299.96,"lst_day_dn":14998,"qc_day":0,"lst_night_c":null,"lst_night_k":null,"lst_night_dn":0,"qc_night":2,"modis_row":863,"modis_col":688,"source_product":"MOD11A2.061","composite_start":"2026-09-14","units":"degC","scale_factor":0.02},"geometry":{"type":"Polygon","coordinates":[[[77.66588411777973,12.808333332183098],[77.6744300997469,12.808333332183098],[77.67186259735344,12.799999998850511],[77.66331689787083,12.799999998850511],[77.66588411777973,12.808333332183098]]]}},{"type":"Feature","properties":{"lst_c":26.57,"lst_k":299.72,"lst_day_dn":14986,"qc_day":65,"lst_night_c":null,"lst_night_k":null,"lst_night_dn":0,"qc_night":2,"modis_row":863,"modis_col":689,"source_product":"MOD11A2.061","composite_start":"2026-09-14","units":"degC","scale_factor":0.02},"geometry":{"type":"Polygon","coordinates":[[[77.6744300997469,12.808333332183098],[77.68297608171407,12.808333332183098],[77.68040829683602,12.799999998850511],[77.67186259735344,12.799999998850511],[77.6744300997469,12.808333332183098]]]}},{"type":"Feature","properties":{"lst_c":26.49,"lst_k":299.64,"lst_day_dn":14982,"qc_day":65,"lst_night_c":null,"lst_night_k":null,"lst_night_dn":0,"qc_night":2,"modis_row":863,"modis_col":690,"source_product":"MOD11A2.061","composite_start":"2026-09-14","units":"degC","scale_factor":0.02},"geometry":{"type":"Polygon","coordinates":[[[77.68297608171407,12.808333332183098],[77.69152206368126,12.808333332183098],[77.68895399631862,12.799999998850511],[77.68040829683602,12.799999998850511],[77.68297608171407,12.808333332183098]]]}},{"type":"Feature","properties":{"lst_c":25.73,"lst_k":298.88,"lst_day_dn":14944,"qc_day":65,"lst_night_c":null,"lst_night_k":null,"lst_night_dn":0,"qc_night":2,"modis_row":863,"modis_col":692,"source_product":"MOD11A2.061","composite_start":"2026-09-14","units":"degC","scale_factor":0.02},"geometry":{"type":"Polygon","coordinates":[[[77.70006804564845,12.808333332183098],[77.70861402761562,12.808333332183098],[77.70604539528382,12.799999998850511],[77.69749969580121,12.799999998850511],[77.70006804564845,12.808333332183098]]]}},{"type":"Feature","properties":{"lst_c":25.73,"lst_k":298.88,"lst_day_dn":14944,"qc_day":65,"lst_night_c":null,"lst_night_k":null,"lst_night_dn":0,"qc_night":2,"modis_row":863,"modis_col":693,"source_product":"MOD11A2.061","composite_start":"2026-09-14","units":"degC","scale_factor":0.02},"geometry":{"type":"Polygon","coordinates":[[[77.70861402761562,12.808333332183098],[77.71716000958283,12.808333332183098],[77.71459109476642,12.799999998850511],[77.70604539528382,12.799999998850511],[77.70861402761562,12.808333332183098]]]}},{"type":"Feature","properties":{"lst_c":25.71,"lst_k":298.86,"lst_day_dn":14943,"qc_day":65,"lst_night_c":null,"lst_night_k":null,"lst_night_dn":0,"qc_night":2,"modis_row":863,"modis_col":694,"source_product":"MOD11A2.061","composite_start":"2026-09-14","units":"degC","scale_factor":0.02},"geometry":{"type":"Polygon","coordinates":[[[77.71716000958283,12.808333332183098],[77.72570599155002,12.808333332183098],[77.72313679424903,12.799999998850511],[77.71459109476642,12.799999998850511],[77.71716000958283,12.808333332183098]]]}},{"type":"Feature","properties":{"lst_c":25.77,"lst_k":298.92,"lst_day_dn":14946,"qc_day":65,"lst_night_c":null,"lst_night_k":null,"lst_night_dn":0,"qc_night":2,"modis_row":863,"modis_col":695,"source_product":"MOD11A2.061","composite_start":"2026-09-14","units":"degC","scale_factor":0.02},"geometry":{"type":"Polygon","coordinates":[[[77.72570599155002,12.808333332183098],[77.73425197351719,12.808333332183098],[77.73168249373163,12.799999998850511],[77.72313679424903,12.799999998850511],[77.72570599155002,12.808333332183098]]]}},{"type":"Feature","properties":{"lst_c":25.77,"lst_k":298.92,"lst_day_dn":14946,"qc_day":65,"lst_night_c":null,"lst_night_k":null,"lst_night_dn":0,"qc_night":2,"modis_row":863,"modis_col":696,"source_product":"MOD11A2.061","composite_start":"2026-09-14","units":"degC","scale_factor":0.02},"geometry":{"type":"Polygon","coordinates":[[[77.73425197351719,12.808333332183098],[77.74279795548438,12.808333332183098],[77.74022819321422,12.799999998850511],[77.73168249373163,12.799999998850511],[77.73425197351719,12.808333332183098]]]}},{"type":"Feature","properties":{"lst_c":25.85,"lst_k":299.0,"lst_day_dn":14950,"qc_day":65,"lst_night_c":null,"lst_night_k":null,"lst_night_dn":0,"qc_night":2,"modis_row":864,"modis_col":683,"source_product":"MOD11A2.061","composite_start":"2026-09-14","units":"degC","scale_factor":0.02},"geometry":{"type":"Polygon","coordinates":[[[77.62058840045783,12.799999998850511],[77.62913409994043,12.799999998850511],[77.62656982166398,12.79166666551793],[77.61802440446652,12.79166666551793],[77.62058840045783,12.799999998850511]]]}},{"type":"Feature","properties":{"lst_c":25.57,"lst_k":298.72,"lst_day_dn":14936,"qc_day":65,"lst_night_c":null,"lst_night_k":null,"lst_night_dn":0,"qc_night":2,"modis_row":864,"modis_col":684,"source_product":"MOD11A2.061","composite_start":"2026-09-14","units":"degC","scale_factor":0.02},"geometry":{"type":"Polygon","coordinates":[[[77.62913409994043,12.799999998850511],[77.63767979942303,12.799999998850511],[77.63511523886145,12.79166666551793],[77.62656982166398,12.79166666551793],[77.62913409994043,12.799999998850511]]]}},{"type":"Feature","properties":{"lst_c":25.39,"lst_k":298.54,"lst_day_dn":14927,"qc_day":65,"lst_night_c":null,"lst_night_k":null,"lst_night_dn":0,"qc_night":2,"modis_row":864,"modis_col":685,"source_product":"MOD11A2.061","composite_start":"2026-09-14","units":"degC","scale_factor":0.02},"geometry":{"type":"Polygon","coordinates":[[[77.63767979942303,12.799999998850511],[77.64622549890562,12.799999998850511],[77.64366065605888,12.79166666551793],[77.63511523886145,12.79166666551793],[77.63767979942303,12.799999998850511]]]}},{"type":"Feature","properties":{"lst_c":25.73,"lst_k":298.88,"lst_day_dn":14944,"qc_day":65,"lst_night_c":null,"lst_night_k":null,"lst_night_dn":0,"qc_night":2,"modis_row":864,"modis_col":686,"source_product":"MOD11A2.061","composite_start":"2026-09-14","units":"degC","scale_factor":0.02},"geometry":{"type":"Polygon","coordinates":[[[77.64622549890562,12.799999998850511],[77.65477119838823,12.799999998850511],[77.65220607325634,12.79166666551793],[77.64366065605888,12.79166666551793],[77.64622549890562,12.799999998850511]]]}},{"type":"Feature","properties":{"lst_c":26.47,"lst_k":299.62,"lst_day_dn":14981,"qc_day":65,"lst_night_c":null,"lst_night_k":null,"lst_night_dn":0,"qc_night":2,"modis_row":864,"modis_col":687,"source_product":"MOD11A2.061","composite_start":"2026-09-14","units":"degC","scale_factor":0.02},"geometry":{"type":"Polygon","coordinates":[[[77.65477119838823,12.799999998850511],[77.66331689787083,12.799999998850511],[77.6607514904538,12.79166666551793],[77.65220607325634,12.79166666551793],[77.65477119838823,12.799999998850511]]]}},{"type":"Feature","properties":{"lst_c":26.69,"lst_k":299.84,"lst_day_dn":14992,"qc_day":65,"lst_night_c":null,"lst_night_k":null,"lst_night_dn":0,"qc_night":2,"modis_row":864,"modis_col":688,"source_product":"MOD11A2.061","composite_start":"2026-09-14","units":"degC","scale_factor":0.02},"geometry":{"type":"Polygon","coordinates":[[[77.66331689787083,12.799999998850511],[77.67186259735344,12.799999998850511],[77.66929690765126,12.79166666551793],[77.6607514904538,12.79166666551793],[77.66331689787083,12.799999998850511]]]}},{"type":"Feature","properties":{"lst_c":26.81,"lst_k":299.96,"lst_day_dn":14998,"qc_day":65,"lst_night_c":null,"lst_night_k":null,"lst_night_dn":0,"qc_night":2,"modis_row":864,"modis_col":689,"source_product":"MOD11A2.061","composite_start":"2026-09-14","units":"degC","scale_factor":0.02},"geometry":{"type":"Polygon","coordinates":[[[77.67186259735344,12.799999998850511],[77.68040829683602,12.799999998850511],[77.6778423248487,12.79166666551793],[77.66929690765126,12.79166666551793],[77.67186259735344,12.799999998850511]]]}},{"type":"Feature","properties":{"lst_c":26.49,"lst_k":299.64,"lst_day_dn":14982,"qc_day":65,"lst_night_c":null,"lst_night_k":null,"lst_night_dn":0,"qc_night":2,"modis_row":864,"modis_col":690,"source_product":"MOD11A2.061","composite_start":"2026-09-14","units":"degC","scale_factor":0.02},"geometry":{"type":"Polygon","coordinates":[[[77.68040829683602,12.799999998850511],[77.68895399631862,12.799999998850511],[77.68638774204615,12.79166666551793],[77.6778423248487,12.79166666551793],[77.68040829683602,12.799999998850511]]]}},{"type":"Feature","properties":{"lst_c":26.59,"lst_k":299.74,"lst_day_dn":14987,"qc_day":65,"lst_night_c":null,"lst_night_k":null,"lst_night_dn":0,"qc_night":2,"modis_row":864,"modis_col":691,"source_product":"MOD11A2.061","composite_start":"2026-09-14","units":"degC","scale_factor":0.02},"geometry":{"type":"Polygon","coordinates":[[[77.68895399631862,12.799999998850511],[77.69749969580121,12.799999998850511],[77.69493315924359,12.79166666551793],[77.68638774204615,12.79166666551793],[77.68895399631862,12.799999998850511]]]}},{"type":"Feature","properties":{"lst_c":26.45,"lst_k":299.6,"lst_day_dn":14980,"qc_day":65,"lst_night_c":null,"lst_night_k":null,"lst_night_dn":0,"qc_night":2,"modis_row":864,"modis_col":692,"source_product":"MOD11A2.061","composite_start":"2026-09-14","units":"degC","scale_factor":0.02},"geometry":{"type":"Polygon","coordinates":[[[77.69749969580121,12.799999998850511],[77.70604539528382,12.799999998850511],[77.70347857644106,12.79166666551793],[77.69493315924359,12.79166666551793],[77.69749969580121,12.799999998850511]]]}},{"type":"Feature","properties":{"lst_c":26.25,"lst_k":299.4,"lst_day_dn":14970,"qc_day":65,"lst_night_c":null,"lst_night_k":null,"lst_night_dn":0,"qc_night":2,"modis_row":864,"modis_col":693,"source_product":"MOD11A2.061","composite_start":"2026-09-14","units":"degC","scale_factor":0.02},"geometry":{"type":"Polygon","coordinates":[[[77.70604539528382,12.799999998850511],[77.71459109476642,12.799999998850511],[77.71202399363851,12.79166666551793],[77.70347857644106,12.79166666551793],[77.70604539528382,12.799999998850511]]]}},{"type":"Feature","properties":{"lst_c":26.43,"lst_k":299.58,"lst_day_dn":14979,"qc_day":65,"lst_night_c":null,"lst_night_k":null,"lst_night_dn":0,"qc_night":2,"modis_row":864,"modis_col":694,"source_product":"MOD11A2.061","composite_start":"2026-09-14","units":"degC","scale_factor":0.02},"geometry":{"type":"Polygon","coordinates":[[[77.71459109476642,12.799999998850511],[77.72313679424903,12.799999998850511],[77.72056941083596,12.79166666551793],[77.71202399363851,12.79166666551793],[77.71459109476642,12.799999998850511]]]}},{"type":"Feature","properties":{"lst_c":26.43,"lst_k":299.58,"lst_day_dn":14979,"qc_day":65,"lst_night_c":null,"lst_night_k":null,"lst_night_dn":0,"qc_night":2,"modis_row":864,"modis_col":695,"source_product":"MOD11A2.061","composite_start":"2026-09-14","units":"degC","scale_factor":0.02},"geometry":{"type":"Polygon","coordinates":[[[77.72313679424903,12.799999998850511],[77.73168249373163,12.799999998850511],[77.72911482803342,12.79166666551793],[77.72056941083596,12.79166666551793],[77.72313679424903,12.799999998850511]]]}},{"type":"Feature","properties":{"lst_c":25.85,"lst_k":299.0,"lst_day_dn":14950,"qc_day":65,"lst_night_c":null,"lst_night_k":null,"lst_night_dn":0,"qc_night":2,"modis_row":865,"modis_col":683,"source_product":"MOD11A2.061","composite_start":"2026-09-14","units":"degC","scale_factor":0.02},"geometry":{"type":"Polygon","coordinates":[[[77.61802440446652,12.79166666551793],[77.62656982166398,12.79166666551793],[77.62400735479362,12.783333332185343],[77.6154622196819,12.783333332185343],[77.61802440446652,12.79166666551793]]]}},{"type":"Feature","properties":{"lst_c":25.67,"lst_k":298.82,"lst_day_dn":14941,"qc_day":65,"lst_night_c":null,"lst_night_k":null,"lst_night_dn":0,"qc_night":2,"modis_row":865,"modis_col":684,"source_product":"MOD11A2.061","composite_start":"2026-09-14","units":"degC","scale_factor":0.02},"geometry":{"type":"Polygon","coordinates":[[[77.62656982166398,12.79166666551793],[77.63511523886145,12.79166666551793],[77.63255248990534,12.783333332185343],[77.62400735479362,12.783333332185343],[77.62656982166398,12.79166666551793]]]}},{"type":"Feature","properties":{"lst_c":25.45,"lst_k":298.6,"lst_day_dn":14930,"qc_day":65,"lst_night_c":null,"lst_night_k":null,"lst_night_dn":0,"qc_night":2,"modis_row":865,"modis_col":685,"source_product":"MOD11A2.061","composite_start":"2026-09-14","units":"degC","scale_factor":0.02},"geometry":{"type":"Polygon","coordinates":[[[77.63511523886145,12.79166666551793],[77.64366065605888,12.79166666551793],[77.64109762501705,12.783333332185343],[77.63255248990534,12.783333332185343],[77.63511523886145,12.79166666551793]]]}},{"type":"Feature","properties":{"lst_c":25.53,"lst_k":298.68,"lst_day_dn":14934,"qc_day":65,"lst_night_c":null,"lst_night_k":null,"lst_night_dn":0,"qc_night":2,"modis_row":865,"modis_col":686,"source_product":"MOD11A2.061","composite_start":"2026-09-14","units":"degC","scale_factor":0.02},"geometry":{"type":"Polygon","coordinates":[[[77.64366065605888,12.79166666551793],[77.65220607325634,12.79166666551793],[77.64964276012877,12.783333332185343],[77.64109762501705,12.783333332185343],[77.64366065605888,12.79166666551793]]]}},{"type":"Feature","properties":{"lst_c":26.09,"lst_k":299.24,"lst_day_dn":14962,"qc_day":65,"lst_night_c":null,"lst_night_k":null,"lst_night_dn":0,"qc_night":2,"modis_row":865,"modis_col":687,"source_product":"MOD11A2.061","composite_start":"2026-09-14","units":"degC","scale_factor":0.02},"geometry":{"type":"Polygon","coordinates":[[[77.65220607325634,12.79166666551793],[77.6607514904538,12.79166666551793],[77.65818789524047,12.783333332185343],[77.64964276012877,12.783333332185343],[77.65220607325634,12.79166666551793]]]}},{"type":"Feature","properties":{"lst_c":26.15,"lst_k":299.3,"lst_day_dn":14965,"qc_day":65,"lst_night_c":null,"lst_night_k":null,"lst_night_dn":0,"qc_night":2,"modis_row":865,"modis_col":688,"source_product":"MOD11A2.061","composite_start":"2026-09-14","units":"degC","scale_factor":0.02},"geometry":{"type":"Polygon","coordinates":[[[77.6607514904538,12.79166666551793],[77.66929690765126,12.79166666551793],[77.66673303035219,12.783333332185343],[77.65818789524047,12.783333332185343],[77.6607514904538,12.79166666551793]]]}},{"type":"Feature","properties":{"lst_c":25.97,"lst_k":299.12,"lst_day_dn":14956,"qc_day":65,"lst_night_c":null,"lst_night_k":null,"lst_night_dn":0,"qc_night":2,"modis_row":865,"modis_col":689,"source_product":"MOD11A2.061","composite_start":"2026-09-14","units":"degC","scale_factor":0.02},"geometry":{"type":"Polygon","coordinates":[[[77.66929690765126,12.79166666551793],[77.6778423248487,12.79166666551793],[77.6752781654639,12.783333332185343],[77.66673303035219,12.783333332185343],[77.66929690765126,12.79166666551793]]]}},{"type":"Feature","properties":{"lst_c":26.19,"lst_k":299.34,"lst_day_dn":14967,"qc_day":65,"lst_night_c":null,"lst_night_k":null,"lst_night_dn":0,"qc_night":2,"modis_row":865,"modis_col":690,"source_product":"MOD11A2.061","composite_start":"2026-09-14","units":"degC","scale_factor":0.02},"geometry":{"type":"Polygon","coordinates":[[[77.6778423248487,12.79166666551793],[77.68638774204615,12.79166666551793],[77.6838233005756,12.783333332185343],[77.6752781654639,12.783333332185343],[77.6778423248487,12.79166666551793]]]}},{"type":"Feature","properties":{"lst_c":26.47,"lst_k":299.62,"lst_day_dn":14981,"qc_day":65,"lst_night_c":null,"lst_night_k":null,"lst_night_dn":0,"qc_night":2,"modis_row":865,"modis_col":691,"source_product":"MOD11A2.061","composite_start":"2026-09-14","units":"degC","scale_factor":0.02},"geometry":{"type":"Polygon","coordinates":[[[77.68638774204615,12.79166666551793],[77.69493315924359,12.79166666551793],[77.6923684356873,12.783333332185343],[77.6838233005756,12.783333332185343],[77.68638774204615,12.79166666551793]]]}},{"type":"Feature","properties":{"lst_c":26.43,"lst_k":299.58,"lst_day_dn":14979,"qc_day":65,"lst_night_c":null,"lst_night_k":null,"lst_night_dn":0,"qc_night":2,"modis_row":865,"modis_col":692,"source_product":"MOD11A2.061","composite_start":"2026-09-14","units":"degC","scale_factor":0.02},"geometry":{"type":"Polygon","coordinates":[[[77.69493315924359,12.79166666551793],[77.70347857644106,12.79166666551793],[77.70091357079902,12.783333332185343],[77.6923684356873,12.783333332185343],[77.69493315924359,12.79166666551793]]]}},{"type":"Feature","properties":{"lst_c":26.29,"lst_k":299.44,"lst_day_dn":14972,"qc_day":65,"lst_night_c":null,"lst_night_k":null,"lst_night_dn":0,"qc_night":2,"modis_row":865,"modis_col":693,"source_product":"MOD11A2.061","composite_start":"2026-09-14","units":"degC","scale_factor":0.02},"geometry":{"type":"Polygon","coordinates":[[[77.70347857644106,12.79166666551793],[77.71202399363851,12.79166666551793],[77.70945870591073,12.783333332185343],[77.70091357079902,12.783333332185343],[77.70347857644106,12.79166666551793]]]}},{"type":"Feature","properties":{"lst_c":26.31,"lst_k":299.46,"lst_day_dn":14973,"qc_day":65,"lst_night_c":null,"lst_night_k":null,"lst_night_dn":0,"qc_night":2,"modis_row":865,"modis_col":694,"source_product":"MOD11A2.061","composite_start":"2026-09-14","units":"degC","scale_factor":0.02},"geometry":{"type":"Polygon","coordinates":[[[77.71202399363851,12.79166666551793],[77.72056941083596,12.79166666551793],[77.71800384102245,12.783333332185343],[77.70945870591073,12.783333332185343],[77.71202399363851,12.79166666551793]]]}},{"type":"Feature","properties":{"lst_c":26.41,"lst_k":299.56,"lst_day_dn":14978,"qc_day":65,"lst_night_c":null,"lst_night_k":null,"lst_night_dn":0,"qc_night":2,"modis_row":865,"modis_col":695,"source_product":"MOD11A2.061","composite_start":"2026-09-14","units":"degC","scale_factor":0.02},"geometry":{"type":"Polygon","coordinates":[[[77.72056941083596,12.79166666551793],[77.72911482803342,12.79166666551793],[77.72654897613417,12.783333332185343],[77.71800384102245,12.783333332185343],[77.72056941083596,12.79166666551793]]]}},{"type":"Feature","properties":{"lst_c":26.51,"lst_k":299.66,"lst_day_dn":14983,"qc_day":65,"lst_night_c":null,"lst_night_k":null,"lst_night_dn":0,"qc_night":2,"modis_row":865,"modis_col":696,"source_product":"MOD11A2.061","composite_start":"2026-09-14","units":"degC","scale_factor":0.02},"geometry":{"type":"Polygon","coordinates":[[[77.72911482803342,12.79166666551793],[77.73766024523087,12.79166666551793],[77.73509411124589,12.783333332185343],[77.72654897613417,12.783333332185343],[77.72911482803342,12.79166666551793]]]}},{"type":"Feature","properties":{"lst_c":25.95,"lst_k":299.1,"lst_day_dn":14955,"qc_day":65,"lst_night_c":null,"lst_night_k":null,"lst_night_dn":0,"qc_night":2,"modis_row":866,"modis_col":689,"source_product":"MOD11A2.061","composite_start":"2026-09-14","units":"degC","scale_factor":0.02},"geometry":{"type":"Polygon","coordinates":[[[77.66673303035219,12.783333332185343],[77.6752781654639,12.783333332185343],[77.67271581839361,12.774999998852756],[77.6641709651683,12.774999998852756],[77.66673303035219,12.783333332185343]]]}},{"type":"Feature","properties":{"lst_c":26.17,"lst_k":299.32,"lst_day_dn":14966,"qc_day":65,"lst_night_c":null,"lst_night_k":null,"lst_night_dn":0,"qc_night":2,"modis_row":866,"modis_col":690,"source_product":"MOD11A2.061","composite_start":"2026-09-14","units":"degC","scale_factor":0.02},"geometry":{"type":"Polygon","coordinates":[[[77.6752781654639,12.783333332185343],[77.6838233005756,12.783333332185343],[77.68126067161896,12.774999998852756],[77.67271581839361,12.774999998852756],[77.6752781654639,12.783333332185343]]]}},{"type":"Feature","properties":{"lst_c":26.41,"lst_k":299.56,"lst_day_dn":14978,"qc_day":65,"lst_night_c":null,"lst_night_k":null,"lst_night_dn":0,"qc_night":2,"modis_row":866,"modis_col":691,"source_product":"MOD11A2.061","composite_start":"2026-09-14","units":"degC","scale_factor":0.02},"geometry":{"type":"Polygon","coordinates":[[[77.6838233005756,12.783333332185343],[77.6923684356873,12.783333332185343],[77.68980552484432,12.774999998852756],[77.68126067161896,12.774999998852756],[77.6838233005756,12.783333332185343]]]}},{"type":"Feature","properties":{"lst_c":26.33,"lst_k":299.48,"lst_day_dn":14974,"qc_day":65,"lst_night_c":null,"lst_night_k":null,"lst_night_dn":0,"qc_night":2,"modis_row":866,"modis_col":692,"source_product":"MOD11A2.061","composite_start":"2026-09-14","units":"degC","scale_factor":0.02},"geometry":{"type":"Polygon","coordinates":[[[77.6923684356873,12.783333332185343],[77.70091357079902,12.783333332185343],[77.69835037806966,12.774999998852756],[77.68980552484432,12.774999998852756],[77.6923684356873,12.783333332185343]]]}},{"type":"Feature","properties":{"lst_c":25.93,"lst_k":299.08,"lst_day_dn":14954,"qc_day":65,"lst_night_c":null,"lst_night_k":null,"lst_night_dn":0,"qc_night":2,"modis_row":866,"modis_col":693,"source_product":"MOD11A2.061","composite_start":"2026-09-14","units":"degC","scale_factor":0.02},"geometry":{"type":"Polygon","coordinates":[[[77.70091357079902,12.783333332185343],[77.70945870591073,12.783333332185343],[77.70689523129501,12.774999998852756],[77.69835037806966,12.774999998852756],[77.70091357079902,12.783333332185343]]]}},{"type":"Feature","properties":{"lst_c":25.99,"lst_k":299.14,"lst_day_dn":14957,"qc_day":65,"lst_night_c":null,"lst_night_k":null,"lst_night_dn":0,"qc_night":2,"modis_row":866,"modis_col":694,"source_product":"MOD11A2.061","composite_start":"2026-09-14","units":"degC","scale_factor":0.02},"geometry":{"type":"Polygon","coordinates":[[[77.70945870591073,12.783333332185343],[77.71800384102245,12.783333332185343],[77.71544008452035,12.774999998852756],[77.70689523129501,12.774999998852756],[77.70945870591073,12.783333332185343]]]}},{"type":"Feature","properties":{"lst_c":26.31,"lst_k":299.46,"lst_day_dn":14973,"qc_day":65,"lst_night_c":null,"lst_night_k":null,"lst_night_dn":0,"qc_night":2,"modis_row":866,"modis_col":695,"source_product":"MOD11A2.061","composite_start":"2026-09-14","units":"degC","scale_factor":0.02},"geometry":{"type":"Polygon","coordinates":[[[77.71800384102245,12.783333332185343],[77.72654897613417,12.783333332185343],[77.7239849377457,12.774999998852756],[77.71544008452035,12.774999998852756],[77.71800384102245,12.783333332185343]]]}},{"type":"Feature","properties":{"lst_c":26.51,"lst_k":299.66,"lst_day_dn":14983,"qc_day":65,"lst_night_c":null,"lst_night_k":null,"lst_night_dn":0,"qc_night":2,"modis_row":866,"modis_col":696,"source_product":"MOD11A2.061","composite_start":"2026-09-14","units":"degC","scale_factor":0.02},"geometry":{"type":"Polygon","coordinates":[[[77.72654897613417,12.783333332185343],[77.73509411124589,12.783333332185343],[77.73252979097104,12.774999998852756],[77.7239849377457,12.774999998852756],[77.72654897613417,12.783333332185343]]]}},{"type":"Feature","properties":{"lst_c":26.45,"lst_k":299.6,"lst_day_dn":14980,"qc_day":65,"lst_night_c":null,"lst_night_k":null,"lst_night_dn":0,"qc_night":2,"modis_row":867,"modis_col":691,"source_product":"MOD11A2.061","composite_start":"2026-09-14","units":"degC","scale_factor":0.02},"geometry":{"type":"Polygon","coordinates":[[[77.68126067161896,12.774999998852756],[77.68980552484432,12.774999998852756],[77.6872444264268,12.766666665520173],[77.67869985488846,12.766666665520173],[77.68126067161896,12.774999998852756]]]}},{"type":"Feature","properties":{"lst_c":26.25,"lst_k":299.4,"lst_day_dn":14970,"qc_day":65,"lst_night_c":null,"lst_night_k":null,"lst_night_dn":0,"qc_night":2,"modis_row":867,"modis_col":692,"source_product":"MOD11A2.061","composite_start":"2026-09-14","units":"degC","scale_factor":0.02},"geometry":{"type":"Polygon","coordinates":[[[77.68980552484432,12.774999998852756],[77.69835037806966,12.774999998852756],[77.69578899796511,12.766666665520173],[77.6872444264268,12.766666665520173],[77.68980552484432,12.774999998852756]]]}},{"type":"Feature","properties":{"lst_c":25.47,"lst_k":298.62,"lst_day_dn":14931,"qc_day":65,"lst_night_c":null,"lst_night_k":null,"lst_night_dn":0,"qc_night":2,"modis_row":867,"modis_col":693,"source_product":"MOD11A2.061","composite_start":"2026-09-14","units":"degC","scale_factor":0.02},"geometry":{"type":"Polygon","coordinates":[[[77.69835037806966,12.774999998852756],[77.70689523129501,12.774999998852756],[77.70433356950343,12.766666665520173],[77.69578899796511,12.766666665520173],[77.69835037806966,12.774999998852756]]]}},{"type":"Feature","properties":{"lst_c":25.69,"lst_k":298.84,"lst_day_dn":14942,"qc_day":65,"lst_night_c":null,"lst_night_k":null,"lst_night_dn":0,"qc_night":2,"modis_row":867,"modis_col":694,"source_product":"MOD11A2.061","composite_start":"2026-09-14","units":"degC","scale_factor":0.02},"geometry":{"type":"Polygon","coordinates":[[[77.70689523129501,12.774999998852756],[77.71544008452035,12.774999998852756],[77.71287814104176,12.766666665520173],[77.70433356950343,12.766666665520173],[77.70689523129501,12.774999998852756]]]}},{"type":"Feature","properties":{"lst_c":25.55,"lst_k":298.7,"lst_day_dn":14935,"qc_day":65,"lst_night_c":null,"lst_night_k":null,"lst_night_dn":0,"qc_night":2,"modis_row":867,"modis_col":695,"source_product":"MOD11A2.061","composite_start":"2026-09-14","units":"degC","scale_factor":0.02},"geometry":{"type":"Polygon","coordinates":[[[77.71544008452035,12.774999998852756],[77.7239849377457,12.774999998852756],[77.72142271258008,12.766666665520173],[77.71287814104176,12.766666665520173],[77.71544008452035,12.774999998852756]]]}},{"type":"Feature","properties":{"lst_c":25.49,"lst_k":298.64,"lst_day_dn":14932,"qc_day":65,"lst_night_c":null,"lst_night_k":null,"lst_night_dn":0,"qc_night":2,"modis_row":867,"modis_col":696,"source_product":"MOD11A2.061","composite_start":"2026-09-14","units":"degC","scale_factor":0.02},"geometry":{"type":"Polygon","coordinates":[[[77.7239849377457,12.774999998852756],[77.73252979097104,12.774999998852756],[77.72996728411842,12.766666665520173],[77.72142271258008,12.766666665520173],[77.7239849377457,12.774999998852756]]]}},{"type":"Feature","properties":{"lst_c":24.37,"lst_k":297.52,"lst_day_dn":14876,"qc_day":65,"lst_night_c":null,"lst_night_k":null,"lst_night_dn":0,"qc_night":2,"modis_row":868,"modis_col":693,"source_product":"MOD11A2.061","composite_start":"2026-09-14","units":"degC","scale_factor":0.02},"geometry":{"type":"Polygon","coordinates":[[[77.69578899796511,12.766666665520173],[77.70433356950343,12.766666665520173],[77.70177372024838,12.758333332187588],[77.69322943019776,12.758333332187588],[77.69578899796511,12.766666665520173]]]}},{"type":"Feature","properties":{"lst_c":24.43,"lst_k":297.58,"lst_day_dn":14879,"qc_day":65,"lst_night_c":null,"lst_night_k":null,"lst_night_dn":0,"qc_night":2,"modis_row":868,"modis_col":694,"source_product":"MOD11A2.061","composite_start":"2026-09-14","units":"degC","scale_factor":0.02},"geometry":{"type":"Polygon","coordinates":[[[77.70433356950343,12.766666665520173],[77.71287814104176,12.766666665520173],[77.71031801029899,12.758333332187588],[77.70177372024838,12.758333332187588],[77.70433356950343,12.766666665520173]]]}},{"type":"Feature","properties":{"lst_c":24.69,"lst_k":297.84,"lst_day_dn":14892,"qc_day":65,"lst_night_c":null,"lst_night_k":null,"lst_night_dn":0,"qc_night":2,"modis_row":868,"modis_col":695,"source_product":"MOD11A2.061","composite_start":"2026-09-14","units":"degC","scale_factor":0.02},"geometry":{"type":"Polygon","coordinates":[[[77.71287814104176,12.766666665520173],[77.72142271258008,12.766666665520173],[77.7188623003496,12.758333332187588],[77.71031801029899,12.758333332187588],[77.71287814104176,12.766666665520173]]]}},{"type":"Feature","properties":{"lst_c":24.97,"lst_k":298.12,"lst_day_dn":14906,"qc_day":65,"lst_night_c":null,"lst_night_k":null,"lst_night_dn":0,"qc_night":2,"modis_row":868,"modis_col":696,"source_product":"MOD11A2.061","composite_start":"2026-09-14","units":"degC","scale_factor":0.02},"geometry":{"type":"Polygon","coordinates":[[[77.72142271258008,12.766666665520173],[77.72996728411842,12.766666665520173],[77.72740659040022,12.758333332187588],[77.7188623003496,12.758333332187588],[77.72142271258008,12.766666665520173]]]}},{"type":"Feature","properties":{"lst_c":25.23,"lst_k":298.38,"lst_day_dn":14919,"qc_day":65,"lst_night_c":null,"lst_night_k":null,"lst_night_dn":0,"qc_night":2,"modis_row":869,"modis_col":693,"source_product":"MOD11A2.061","composite_start":"2026-09-14","units":"degC","scale_factor":0.02},"geometry":{"type":"Polygon","coordinates":[[[77.69322943019776,12.758333332187588],[77.70177372024838,12.758333332187588],[77.69921568324241,12.749999998855003],[77.69067167448024,12.749999998855003],[77.69322943019776,12.758333332187588]]]}},{"type":"Feature","properties":{"lst_c":25.21,"lst_k":298.36,"lst_day_dn":14918,"qc_day":65,"lst_night_c":null,"lst_night_k":null,"lst_night_dn":0,"qc_night":2,"modis_row":869,"modis_col":694,"source_product":"MOD11A2.061","composite_start":"2026-09-14","units":"degC","scale_factor":0.02},"geometry":{"type":"Polygon","coordinates":[[[77.70177372024838,12.758333332187588],[77.71031801029899,12.758333332187588],[77.7077596920046,12.749999998855003],[77.69921568324241,12.749999998855003],[77.70177372024838,12.758333332187588]]]}},{"type":"Feature","properties":{"lst_c":25.11,"lst_k":298.26,"lst_day_dn":14913,"qc_day":65,"lst_night_c":null,"lst_night_k":null,"lst_night_dn":0,"qc_night":2,"modis_row":869,"modis_col":695,"source_product":"MOD11A2.061","composite_start":"2026-09-14","units":"degC","scale_factor":0.02},"geometry":{"type":"Polygon","coordinates":[[[77.71031801029899,12.758333332187588],[77.7188623003496,12.758333332187588],[77.71630370076677,12.749999998855003],[77.7077596920046,12.749999998855003],[77.71031801029899,12.758333332187588]]]}},{"type":"Feature","properties":{"lst_c":24.87,"lst_k":298.02,"lst_day_dn":14901,"qc_day":65,"lst_night_c":null,"lst_night_k":null,"lst_night_dn":0,"qc_night":2,"modis_row":869,"modis_col":696,"source_product":"MOD11A2.061","composite_start":"2026-09-14","units":"degC","scale_factor":0.02},"geometry":{"type":"Polygon","coordinates":[[[77.7188623003496,12.758333332187588],[77.72740659040022,12.758333332187588],[77.72484770952896,12.749999998855003],[77.71630370076677,12.749999998855003],[77.7188623003496,12.758333332187588]]]}}]}